ABASAGLAR	100UI/ML(EQUIVALENT3.64MG)	B/5 STYLO PREREM 3ML	SOL INJ STY
ABBOTICINE	200MG/5ML	FL/60 ML	GRLES.SUSP.
ABDIFLY	10MG	BTE/28	COMP.
ABDIFLY	15MG	BTE/28	COMP.
ABDIFLY OD	10MG	BTE/28	COMP ORO DI
ABDIFLY OD	15MG	BTE/28	COMP ORO DI
ABILIFY	10MG	BTE/28	COMP.
ABILIFY	15MG	BTE/28	COMP.
ABILIZOLE	10MG	BTE/30	COMP ORO DI
ABILIZOLE	10MG	BTE/30	COMP.PELLI
ABILIZOLE	15MG	BTE/30	COMP ORO DI
ABILIZOLE	15MG	BTE/30	COMP.PELLI
ABILIZOLE	1MG/ML	FL/120 ML	SOL.BUV.
ACARLYSE	50MG	BTE/30	COMP.
ACEBUTOLOL BIOGARAN	200MG	B/20	COMP.PELLI
ACEBUTOLOL BIOGARAN	400MG	B/30	COMP.PELLI
ACEBUTOLOL G GAM	200MG	B/30	COMP.PELLI
ACEBUTOLOL IVAL	200MG	BTE/30	COMP.PELLI.
ACEBUTOLOL IVAL	400MG	B/30	COMP.PELLI
ACEBUTOLOL LOGOGEN	400MG	B/56	COMP.
ACEBUTOLOL MERCK	200MG	B/30	COMP.PELLI.
ACEBUTOLOL MERCK	400MG	B/30	COMP.PELLI.
ACEBUTOLOL SANDOZ	200MG	B/30	COMP.ENRO.
ACEBUTOLOL UPC	200MG	B/30	COMP.PELLI
ACEDIOX	250MG	B/20	COMP.
ACEMAX	250MG	B/20	COMP.
ACEPRAL	500MG	B/20	COMP.
ACEPRAL CARDIO	100MG	BTE/100	COMP.
ACEPRAL CARDIO	100MG	BTE/30	COMP.
ACEPRAL-L	160MG(DL-LYSINE288MG/SACHET)	BTE/30	PDR.SOL.BUV
ACEPRAL-L	500MG	B/20	PDRE.SOL.BU
ACEPRAL-L 1000MG	1GDEDL-LYSINE1.8G/SACHET	BTE/20	PDR.SOL.BUV
ACEPRAL-L ENFANTS	250MG/SACHET	B/20	PDRE.SOL.BU
ACEPRAL-L NOURRISSON	100MGDEDL-LYSINE180MG	BTE/20	PDR.SOL.BUV
ACETADOL	30MG/ML	FL/100ML	SOL.BUV.
ACETAZOLAMIDE BR	250MG	BTE/20	COMP.SEC.
ACETRAL	200MG	B/20	COMP.
ACFOL	5MG	B/25	COMP.
ACFUSID	2%	TUBE /15 G	PDE.DERM.
ACFUSID	2%(2G/100G)	TUBE/15G	CRE.DERM.
ACFUSID	250MG	BTE/10	COMP.PELLI
ACICLOSINA	3%MG	T/5 G	PDE.OPHT.
ACICLOVIR	200MG	B/25	COMP.
ACICLOVIR	5%	T/15 G	CRE.
ACICLOVIR GL	200MG	BTE/30	COMP.
ACIDE AMINOCAPROIQUE	2G	FL/20ML	SOL.INJ.IV.
ACIDE FOLIQUE-API	5MG	BTE/20	COMP.
ACIDE ZOLEDRONIQUE HIKMA	4MG	BTE/1FL	PDR.LYOPH.P
ACIDRINE	2.50/250/200MG	B/40	COMP. A CRO
ACIFIX	(175MG/200MG)/5MLMG/ML	FL/200 ML	SUSP.BUV.
ACIFUDAL	1%	TUBE/3G	PDE.OPHT.
ACIFUDAL	2%	TUBE/15G	CRE.
ACIFUDAL	2G%	TUBE/15G	PDE.DERM.
ACLOVIR	3%	T/10 G	PDE.OPHT.
ACLOVIR	3%	T/4.5 G	PDE.OPHT.
ACNAL	0.1%	TUBE/30 G	GEL
ACNESTOP	1%	TUBE/30MG	GEL
ACNYX	0.10%	TUBE 30/G	GEL
ACORBAY	50MG	BTE/30	COMP.
ACTICAL	10%	FL/125ML	SIR.
ACTICAL	135MG/10MLS/FPIDOCALC(10%)	BTE/20 AMP DE 10 ML	AMP.BUV.
ACTIMAG	15%	FL/200ML	SIR.
ACTISKENAN	10MG	B/14	GLES.LP.
ACTOCYL	80MG	BTE/20	COMP.SEC.
ACTONEL	30MG	B/28	COMP.PELLI
ACTONEL	5MG	B/28	COMP.PELLI
ACTONEL ONCE AWEEK	35MG	B/4	COMP.PELLI
ACTOS	15MG	BTE/30	COMP.
ACTOS	30MG	BTE/30	COMP.
ACTRAPID HM	100UI/ML	FL/10ML	SOL.INJ.
ACTRAPID HM PENFIL	100UI/ML	B/5 CART/1.5ML/3ML	SOL.INJ.
ACUILIX	20MG/12.5MG	B/28	COMP.PELLI
ACUITEL	20MG	B/28	COMP.
ACUITEL	5MG	B/28	COMP.
ACY	5%	T/3G	CRE.DERMIQU
ACYCLOSTAD	5%	T/2G	CRE.DERMIQU
ADAFERIN	0.1%	TUBE/30 G	GEL P/APPL
ADALAT	10MG	B/50	CAPS.
ADALATE LP	20MG	B/60	COMP.LP.
ADAPALENE NOVAGENERICS	0.1%	TUBE/30 G	GEL.APPL.LO
ADCAL	500MG	B/60	COMP.
ADD- ACTEN	50MG/5MG	B/30	COMP.
ADDNOK	20MG	BTE/14	COMP.PELLI.
ADEPAL	0.15/0.03MG	B/63	COMP.
ADEX LP	1.5MG	BTE/30	COMP.PELL.L
ADFEN	200MG	BTE/20	COMP.PELLI
ADFEN	20MG/ML(100MG/5ML)	FL/180 ML	SUSP.BUV.
ADFEN	400MG	BTE/20	COMP.PELLI
ADIPINE	10MG	B/30	COMP.
ADIPINE	20MG	B/30	GLES.LP.
ADRENALINE	0.25MG/1ML	B/100 AMP	SOL.INJ.
ADRENALINE	1MG/1ML	B/100 AMP	SOL.INJ.
ADRENALINE	1MG/ML	B/100 AMP	SOL.INJ.
ADVIFEN	20MG/ML	FL/125 ML	SUSP.BUV.
ADVIL	20MG	FL/200ML	SUSP.BUV.
AEROLIN	100G/DOSE	FL/400 DOSES	AERO.
AGRAM	125MG/5ML	FL/60 ML	SUSP.BUV.
AGRAM	250MG/5ML	FL/60 ML	SUSP.BUV.
AGRAM	500MG	B/12	GLES.
AGREAL	100MG	B/20	GLES.
AGYRAX	25MG	B/15	COMP.SEC.
AIRDITINE	0.5MG/ML	FL/120 ML	SIR.
AIRDITINE	5MG	BTE/10	COMP.PELLI
AIRYCORT	200G	BTE/60	PDRE P/INHA
AIRYCORT PLUS	100G/6G	BTE/30	PDRE P/INHA
AIRYCORT PLUS	200G/6G	BTE/30	PDRE P/INHA
AIRYCORT PLUS	400G/12G	BTE/60	PDRE P/INHA
AKARYD	10MG	B/20	COMP.
AKARYD	10MG	BTE/20	COMP.PELLI
AKNETT	10MG	B/30	CAPSULE MOL
AKNETT	20MG	B/30	CAPSULE MOL
ALBUTOL	200MG	B/20	COMP.PELLI
ALCOMICIN	3MG/ML	FL/5 ML	COLLY.
ALDACTAZINE	25/15MG	B/20	COMP.
ALDACTAZINE	25MG/15MG	BT/30	COMP.PELLI.
ALDACTONE	75MG	B/20	COMP.PELLI
ALDACTONE	75MG	BT/30	COMP.PELLI.
ALDARONE	200MG	B/20	COMP.
ALDOMET	250MG	B/30	COMP.
ALDOMETHYL	250MG	B/30	COMP.
ALERFAST	120MG	BTE/16	COMP.PELLI
ALERFAST	180MG	BTE/16	COMP.PELLI
ALERFENE	1MG	B/30	COMP.
ALERFENE	1MG/5ML	FL/125 ML	SOLUTE BUV.
ALERID	10MG	B/10	COMP.
ALFINOR	8MG	B/100	COMP.
ALFUCINE	2%	T/15 G	CRE.DERM.
ALFUCINE	2%	TUBE/15G	PDE.
ALFUZOX LP	10MG	BTE/30	COMP.LP.
ALGESAL SURACTIVE	10G/1	T/40 G	PDE.
ALGIDEX	50MG	BTE/30	GLES.
ALGIFEN	20MG/ML	FL/125ML	SUSP.BUV.
ALGIFEN	20MG/ML	FL/180ML	SUSP.BUV P/
ALGIFEN	20MG/ML(100MG/5ML)	FL/200ML	SUSP.BUV P/
ALGIMOL	150MG	B/10	SUPPO.
ALGIMOL	170MG	B/10	SUPPO.
ALGIMOL ENFANT	200MG	B/10	SUPPO.
ALGIMOL ENFANT	300MG	B/10	SUPPO.
ALGIMOL NOURRISSON	120MG	B/10	SUPPO.
ALGIMOL PEDIATRIQUE	3%	FL/90ML	SOL.BUV.
ALKERAN	2MG	B/50	COMP.PELLI
ALLERGINE	10MG	B/10	COMP.
ALLERMEX	1MG/ML	FL/60 ML	SOL.BUV EN
ALLERTINE	0.1%	FL/60ML	SIR.
ALLERTINE	10MG	B/20	COMP.
ALLOCHRYSINE	0.02G/2ML+8MLDILUAN	B/1+1 AMP	SOL INJ.IM.
ALLOCHRYSINE	0.05G/2ML+8MLDILUAN	B/1 AMP DE 2 ML	SOL INJ.IM.
ALLOCHRYSINE	0.10G/2ML+8MLDILUAN	B/1 AMP DE 8 ML	SOL INJ.IM.
ALLOMAX	3.4G/3.9G/100ML	FL/250 ML	SUSP.BUV.
ALLOPURINOL	100MG	B/10	CAPS.
ALLOPURINOL RATIOPHARM	100MG	B/28	CAPS.
ALLOPURINOL RATIOPHARM	300MG	B/28	CAPS.
ALMIDE	0.1%	FL/5ML	COLLY.
ALMIRAL	100MG	B/10	SUPPO.
ALMIRAL	50MG	B/20	COMP.
ALMIRAL	75MG/3MLMG/ML	B/5 AMP	SOL INJ.IM.
ALMIRAL	75MGMG/3ML	B/10 AMP DE 3 ML	SOL.INJ.
ALODIPINE	10MG	BTE/30	GLES.
ALODIPINE	5MG	B/28	GLES.
ALODIPINE	5MG	BTE/30	GLES.
ALODONT	5MG/50MG	FL/200 ML	B.B
ALPHA- TRYPSINE	5400UAE	T/20 G	PDE.DERM.
ALPHA-TRIPSINE	5400UAE	T/20 G	PDE.DERM.
ALPHAMOL	500MG	B/20	COMP.
ALPHAMOX	500MG	B/12	GLES.
ALPHATRIM	200MG/40MG/5ML	FL/60 ML	SUSP.BUV.
ALPHAXITROL	1MG/3500UI/6000UI	FL/5ML	COLLY.
ALPROFEN	100MG	B/10	SUPPO.
ALTIM	3.75MG	B/1 AMP DE 1.5 ML	SUSP.INJ.
ALTIM	3.75MG	B/1 AMP DE 1.5ML	SUSP.INJ.
ALTOCEL	2MG	B/20	GLES.
ALUGEL	250ML	FL/250 ML	SUSP.BUV.
ALURIC 300	300MG	B/20	COMP.
ALUSTAL	0.1IR+1IR+10IR/ML	COFFRET 3FL DE 5ML	SUSP.INJ.
ALUSTAL	0.1IR+1IR+10IR/ML	COFFRET DE 3FL	SUSP.INJ.
ALUSTAL	10IR/ML	B/1 FL DE 5 ML	SUSP.INJ.
ALUSTAL	10IR/ML	B/1FL	SUSP.INJ.
ALVIL	20MG/ML	FL/200ML	SUSP.BUV.
ALZHANTINE	10MG	BTE/60	COMP.PELLI.
ALZHANTINE	5MG	BTE/60	COMP.PELLI
ALZOR	2%(2G/100ML)	FL/5ML	COLLYRE.SOL
AMADVIL	200MG	B/20	COMP.ENRO.
AMAPIRIDE	2MG	B/30	COMP.
AMAPIRIDE	4MG	B/30	COMP.
AMAPIRIDE HUP	1MG	BTE/30	COMP.SEC.
AMAPIRIDE HUP	2MG	BTE/30	COMP.SEC.
AMAPIRIDE HUP	3MG	BTE/30	COMP.SEC.
AMAPIRIDE HUP	4MG	BTE/30	COMP.SEC.
AMAREL	1MG	B/30	COMP.
AMAREL	2MG	B/30	COMP.
AMAREL	3MG	B/30	COMP.
AMAREL	4MG	B/30	COMP.
AMAREL	6MG	BTE/30	COMP.SEC.
AMARINE	1MG	B/30	COMP.SEC.
AMARINE	2MG	B/30	COMP.SEC.
AMARINE 4	4MG	B/30	COMP.
AMATRILINE	4%	FL/30ML	SOL.BUV.GTT
AMBOLAR	125ML	FL/125 ML	SOLUTE BUV.
AMEP	5MG	B/28	COMP.
AMIKOZ	150MG	B/1	GLES.
AMIKOZ	50MG	B/7	GLES.
AMIKOZ	50MG	BTE/03	GLES.
AMIKOZ 150	150MG	BTE/04	GLES.
AMILAN	200MG	BTE/30	COMP.SEC.
AMILO	5MG	B/28	COMP.
AMILORETIC	50MG/5MG	B/30	COMP.
AMIOCARDONE	200MG	BTE/30	COMP.SEC.
AMIODARONE BIOGARAN	200MG	B/30	COMP.SEC.
AMIODARONE CLL PHARMA	200MG	B/30	COMP.SEC.
AMIODARONE HCL	200MG	B/30	COMP.
AMIODARONE HUP	200MG	BTE /30	COMP.SEC.
AMIODARONE MERCK	200MG	B/30	COMP.
AMIPAC	1G	B/1FL PDRE 1AMP SOLV	PDRE SOL IN
AMIPAC	1G	B/50FL+50FL SOLVANT	PDRE SOL IN
AMIPAC	500MG	B/50FL+50FL SOLVANT	SOL.INJ.IM.
AMIPIRIDE	200MG	BTE/30	COMP.SEC.
AMIPRID	200MG	BTE/30	COMP.SEC.
AMIPRID	400MG	BTE/30	COMP.PELLI.
AMIRONE	200MG	B/30	COMP.
AMISULPRIDE BEKER	200MG	BTE/30	COMP.SEC.
AMISULPRIDE BEKER	400MG	BTE/30	COMP.PELLI.
AMISULPRIDE LDM	200MG	BTE/30	COMP.SEC.
AMITRAL	100MG	BTE/30	COMP.DISPER
AMITRAL	25MG	BTE/30	COMP.DISPER
AMITRAL	5MG	BTE/30	COMP.DISPER
AMITRIPTYLINE	4%	FL/20 ML	SOLUTE BUV.
AMITRIPTYLINE	40MG/ML	FL/20ML	GTTES.BUV.
AMITRIPTYLINE KPMA	40MG/ML	FL/20ML	SOL.BUV.GTT
AMITRYPTILLINE	4%	FL/20 ML	SOLUTE BUV.
AMLIBON	10MG	B/30	COMP.
AMLIBON	10MG	B/90	COMP.
AMLIBON	10MG	BTE/30	COMP.
AMLIBON	10MG	BTE/90	COMP.
AMLIBON	5MG	B/40	COMP.
AMLIBON	5MG	BTE/30	COMP.
AMLIBON	5MG	BTE/90	COMP.
AMLOCAL	5MG	B/30	COMP.
AMLOCARDINE	10MG	BTE/30	GLES.
AMLOCARDINE	5MG	B/30	GLES.
AMLOCOR-5	5MG	B/30	COMP.
AMLODAL	10MG	BTE/30	COMP.SEC.
AMLODAL	10MG	BTE/90	COMP.SEC.
AMLODAL	5MG	BTE/30	COMP.
AMLODAR	10MG	B/28	GLES.
AMLODAR	5MG	B/28	GLES.
AMLODEX	5MG	BTE/30	GLES.
AMLODIPAL	5MG	B/30	GLES.
AMLODIPINE	5MG	B/30	COMP.
AMLODIPINE BEKER	10MG	BTE/30	GLES.
AMLODIPINE BEKER	10MG	BTE/90	GLES.
AMLODIPINE BEKER	5MG	BTE/30	GLES.
AMLODIPINE BEKER	5MG	BTE/90	GLES.
AMLODIPINE LDM	10MG	BTE /30	GLES.
AMLODIPINE LDM	5MG	BTE/30	GLES.
AMLODIPINE MM	5MG	BTE/30	COMP.PELLI
AMLODIPINE WINTHROP	10MG	BTE/30	COMP.SEC.
AMLODIPINE WINTHROP	5MG	BTE/60	COMP.
AMLODIPINE ZENTIVA	10MG	BTE/30	COMP.SEC.
AMLODIPINE ZENTIVA	5MG	BTE/30	COMP.
AMLODIPINE+VALSARTAN LDM	10MG/160MG	BTE/30	COMP.PELLI
AMLODIPINE+VALSARTAN LDM	5MG/160MG	BTE/30	COMP.PELLI
AMLODIPINE+VALSARTAN LDM	5MG/80MG	BTE/30	COMP.PELLI
AMLOMED	5MG	BTE/30	COMP.PELLI
AMLOMEX	5MG	BTE/40	COMP.
AMLOPINE	5MG	B/30	GLES.
AMLOPINE	5MG	B/40	GLES.
AMLOPRESS	5MG	B/30	COMP.SEC.
AMLOR	10MG	B/28	GLES.
AMLOR	5MG	B/28	GLES.
AMLOR	5MG	B/30	GLES.
AMLOR	5MG	BTE/98	GLES.
AMLORIDAL	10MG	BTE/30	GLES.
AMLORIDAL	5MG	BTE/30	GLES.
AMLOTENSINE	10MG	B/28	COMP.
AMLOTENSINE	5MG	B/28	COMP.
AMLOVAL	10MG/160MG	BTE/30	COMP.PELLI
AMLOVAL	5MG/160MG	BTE/30	COMP.PELLI
AMLOVAL	5MG/80MG	BTE/30	COMP.PELLI
AMLOVASTE	5MG/10MG	B/30	COMP.
AMMOXYL	1G	B/14	COMP.DISPER
AMMOXYL	1G	B/6	COMP.DISPER
AMMOXYL	500MG	B/12	COMP.DISPER
AMOCLAN	1G/200MGG/MG	B/1FL	INEUSE PDRE.SOL.IN
AMOCLAN	500MG/100MG	BTE/1FL	INEUSE PDRE.SOL.IN
AMOCLAN 8 1	100MG/12.5MG	FL/30ML	PDR P/SUSP.
AMOCLAN 8 1	100MG/12.5MG	FL/60ML	PDR P/SUSP.
AMOCLAN 8 1	1G/125MG	BTE/12	PDRE.P/SUSP
AMOCLAN 8 1	1G/125MG	BTE/14	PDRE SUSP B
AMOCLAN 8 1	500MG/62.5MG	BTE/12	PDRE.P/SUSP
AMOCLAN 8 1	500MG/62.5MG	BTE/14	PDRE SUSP B
AMOCLAN 8 1	500MG/62.5MG	BTE/20	COMP.
AMOCLAN BID	200MG/28.5MG/5ML	FL/70ML	PDRE.P/SUSP
AMOCLAN BID	400MG/57MG/5ML	FL/35ML	PDRE.P/SUSP
AMOCLAN BID	400MG/57MG/5ML	FL/70ML	PDRE.P/SUSP
AMOCLAN BID	875MG/125MG	B/10	COMP.
AMOCLAN FORTE	250MG/62.5MG/5MLMG/5ML	FL/60 ML	PDRE.P/SUSP
AMOCLAN FORTE	500MG/125MG	B/12	COMP.
AMOCLAV ENFANT	100MG/12.5MGMG/MG	FL/60ML	PDRE.P/SUSP
AMODEX	250MG/5ML	FL/60 ML	PDRE.OR.
AMODEX	500MG	B/12	GLES.
AMODEX G	500MG/5MLMG/ML	FL/60ML	PDRE.P/SUSP
AMODEX-G	1G	B/14	COMP.DISPER
AMODEX-GE	1G	B/6	COMP.DISPER
AMODEX-GE	250MG/5ML	FL/60 ML	PDRE.P/SUSP
AMODEX-GE	500MG	B/12	GLES.
AMOKSIKLAV	250MG/62.5MG/5ML	FL/100 ML	PDRE.P/SUSP
AMOTRIDAL	100MG	B/28	COMP.DISPER
AMOTRIDAL	25MG	B/28	COMP.DISPER
AMOTRIDAL	50MG	BTE/28	COMP.DISPER
AMOTRIDAL	5MG	B/28	COMP.DISPER
AMOXAL	125MG/5ML	FL/60ML	PDRE.P/SUSP
AMOXAL	1G	B/1+1	PDRE.SOL.IN
AMOXAL	1G	B/12	COMP.DISPER
AMOXAL	1G	B/14	COMP.DISPER
AMOXAL	250MG/5MLMG/5ML	FL/60 ML	PDRE.P/SUSP
AMOXAL	500MG	B/12	GLES.
AMOXAL	500MG/5ML	FL/60ML	PDRE.P/SUSP
AMOXI-GOBENS	250MG/5ML	FL/60 ML	SUSP.BUV.
AMOXI-GOBENS	500MG	B/12	GLES.
AMOXICILLINE - BAYER	250MG/5ML	FL/60 ML	SIR.
AMOXICILLINE - SOLVAY	500MG/ML	B/1+1	PDRE.SOL.IN
AMOXICILLINE BIOGARAN	1G	B/14	SOL.BUV.SAC
AMOXICILLINE BIOGARAN	1G	B/6	SOL.BUV.SAC
AMOXICILLINE BIOGARAN	500MG	B/12	GLES.
AMOXICILLINE EG	125MG/5ML	FL/60ML	PDRE.P/SUSP
AMOXICILLINE EG	1G	B/14	COMP.DISPER
AMOXICILLINE EG	1G	B/6	COMP.DISPER
AMOXICILLINE EG	250MG/5MLMG/ML	FL/60ML	PDRE.P/SUSP
AMOXICILLINE EG	500MG/5MLMG/ML	FL/60ML	PDRE.SOL.BU
AMOXICILLINE FLAVELAB	1G	B/1+1	PDRE.SOL.IN
AMOXICILLINE FLAVELAB	500MG	B/1+1	PDRE.SOL.IN
AMOXICILLINE PANPHARMA	1G	B/1	PDRE.SOL.IN
AMOXICILLINE PANPHARMA	500MG	B/1	PDRE.SOL.IN
AMOXICILLINE SOLVAY	1G	B/1+1	PDRE.SOL.IN
AMOXICILLINE SOLVAY	500MG	B/1+1	PDRE.SOL.IN
AMOXICILLINE-RATIOPHARM	125MG/5ML	FL/60ML	SUSP.BUV.
AMOXICILLINE-RATIOPHARM	250MG/5ML	FL/60ML	SUSP.BUV.
AMOXICILLINE-RATIOPHARM	500MG	B/12	GLES.
AMOXICILLINE/ACIDE CLAVULANIQUE SANDOZ	100MG/12.5MG/ML	FL/30ML	PDRE.P/SUSP
AMOXICILLINE/ACIDE CLAVULANIQUE SANDOZ	100MG/12.5MG/ML	FL/60ML	PDRE.P/SUSP
AMOXICILLINE/ACIDE CLAVULANIQUE SANDOZ	1G/125MG/SACHET-DOSEG/MG	B/12	PDRE SUSP B
AMOXICILLINE/ACIDE CLAVULANIQUE SANDOZ	1G/125MG/SACHET-DOSEG/MG	B/8	PDRE SUSP B
AMOXICILLINE/ACIDE CLAVULANIQUE SANDOZ	500MG/62.5MGMG/MG	B/16	COMP.PELLI
AMOXICILLINE/ACIDE CLAVULANIQUE SANDOZ	500MG/62.5MGMG/MG	B/24	COMP.PELLI
AMOXIMEX	125MG/ML	FL/60ML	PDRE.P/SUSP
AMOXIMEX	1G	B/14	COMP.DISPER
AMOXIMEX	1G	B/6	COMP.DISPER
AMOXIMEX	250MG/5MLMG/ML	FL/60 ML	PDRE.P/SUSP
AMOXIMEX	500MG	BTE/12	GLES.
AMOXIMEX	500MG/5MLMG/ML	FL/60ML	PDRE.P/SUSP
AMOXYDAR	125MG/5MLMG/5ML	FL/100 ML	SUSP.BUV.
AMOXYDAR	1G	B/12	COMP.ENRO.
AMOXYDAR	250MG	B/20	GLES.
AMOXYDAR	250MG/5MLMG/5ML	FL/100 ML	SUSP.BUV.
AMOXYDAR	500MG	B/20	GLES.
AMOXYPEN	125MG/5MLMG/ML	FL/60ML	PDRE.P/SUSP
AMOXYPEN	1G	B/1	PDRE.SOL.IN
AMOXYPEN	1G	B/14	COMP.DISPER
AMOXYPEN	1G	B/16	COMP.DISPER
AMOXYPEN	1G	B/6	COMP.DISPER
AMOXYPEN	250MG/5ML	FL/60 ML	PDRE.P/SUSP
AMOXYPEN	500MG	B/1	PDRE.SOL.IN
AMOXYPEN	500MG	B/12	COMP.DISPER
AMOXYPEN	500MG	B/12	GLES.
AMOXYPEN	500MG/5MLMG/ML	FL/60ML	PDRE.P/SUSP
AMPAL	125MG/5ML	FL/60ML	PDRE.P/SUSP
AMPAL	1G	B/1+1	SOL.INJ.
AMPAL	250MG/5ML	FL/60ML	PDRE.P/SUSP
AMPAL	500MG	B/12	GLES.
AMPEN	250MG/5ML	FL/60 ML	PDRE.P/SUSP
AMPEN	500MG	B/12	GLES.
AMPENIX	500MG	B/12	GLES.
AMPICILLINE FLAVELAB	1G	B/1+1	PDRE.SOL.IN
AMPICILLINE FLAVELAB	500MG	B/1+1	PDRE.SOL.IN
AMPICILLINE PANPHARMA	1G	B/1	PDRE.SOL.IN
AMPICILLINE PANPHARMA	250MG	FL/30 G	SUSP.BUV.
AMPICILLINE PANPHARMA	500MG	B/1+1	PDRE.SOL.IN
AMPICILLINE PANPHARMA	500MG	B/12	GLES.
AMPILINE	125MG/5ML	FL/60 ML	PDRE.P/SUSP
AMPILINE	1G	B/1+1 AMP	PDRE.SOL.IN
AMPILINE	250MG/5ML	FL/60 ML	PDRE.P/SUSP
AMPILINE	500MG		AMP.INJ.
AMPILINE	500MG	B/12	GLES.
AMPILINE	500MG	B/8	GLES.
AMPIMEX	500MG	BTE/12	GLES.
AMPINAX	1G	B/1FL PDR+SOLV 5ML	PDR+SOLV P/
AMPINAX	250MG/5MLMG/ML	FL/100ML	PDRE.P/SUSP
AMPINAX	250MG/5MLMG/ML	FL/60ML	PDRE.P/SUSP
AMPINAX	500MG	B/12	GLES.
AMPISINA	1G	B/1+1 AMP	PDRE.SOL.IN
AMPISINA	500MG	B/1+1 AMP	PDRE.SOL.IN
AMPLID	10MG/160MG	B/30	COMP.PELLI
AMPLID	5MG/160MG	B/30	COMP.PELLI
AMRIZOLE	125MG/5ML	FL/120 ML	SUSP.BUV.
AMRIZOLE	250MG	B/20	COMP.
AMRIZOLE	500MG	B/5	OV.
AMURETIC	50MG/5MG	B/20	COMP.
AMURETIC	5MG/50MG	BTE/30	COMP.SEC.
AMYSOL	25MG	B/60	COMP.
ANAFRANIL	10MG	B/60	COMP.
ANAFRANIL	25MG	B/50	COMP.
ANAFRANIL	25MG/2ML	B/5 AMP DE 2 ML	SOL.INJ.
ANAFRANIL	75MG	B/20	COMP.
ANARGIL	200MG	B/100	GLES.
ANASPASMYL	100MG	B/20	COMP.
ANASTRODEX	1MG	BTE/28	COMP.PELLI
ANASTROZOLE CINFA	1MG	BTE/28	COMP.PELLI
ANASTROZOLE DEMOCEDES	1MG	BTE/30	COMP.PELLI
ANASTROZOLE UPC	1MG	BTE/30	COMP.PELLI
ANATAX	16MG	BTE/20	COMP.SEC.
ANATAX	24MG	BTE/60	COMP.
ANATAX	8MG	BTE/60	COMP.
ANATREX	1MG	BTE/30	COMP.PELLI
ANCEFAL	125MG/5ML	FL/60 ML	PDRE.P/SUSP
ANCEFAL	1G	BTE/06	COMP.PELLI
ANCEFAL	1G	BTE/12	COMP.PELLI
ANCEFAL	250MG/5ML	FL/60ML	PDRE.P/SUSP
ANCEFAL	500MG	BTE/10	COMP.PELLI
ANCEFAL	500MG	BTE/20	COMP.PELLI
ANDRIOL	40MG	B/60	CAPS.
ANDRIOL TESTOCAPS	40MG	BTE/30	CAPS.
ANDROCUR	50MG	B/20	COMP.
ANDROTARDYL	250MG/ML	B/1 AMP	SOL.INJ.
ANEFOL	5MG	BTE/60	COMP.
ANESTOCIL	4MG/ML(0.4%)	FL/10 ML	COLLYRE.SOL
ANGILAT	20MG	B/30	COMP.LP.
ANGIOPRIL	20MG	B/20	COMP.
ANGIOPRIL	5MG	B/30	COMP.
ANGIOSAR	10MG/160MG	BTE/30	COMP.PELLI
ANGIOSAR	5MG/160MG	BTE/30	COMP.PELLI
ANGIOTEC	20MG	B/20	COMP.
ANGIOTEC	5MG	B/30	COMP.
ANGIOZIDE	20MG/12.5MG	B/20	COMP.
ANGIZAR	50MG	BTE/28	COMP.PELLI.
ANGODAL	10MG	B/60	COMP.SEC.
ANGODAL	20MG	BTE/60	GLES.LP.
ANGORAL	2MG	BTE/30	COMP.SEC.
ANGORAL	4MG	BTE/30	COMP.
ANTADINE	100MG	B/20	COMP.ENRO.
ANTADYS	100MG	B/15	COMP.PELLI
ANTAFENE	200MG	B/20	COMP.PELLI
ANTAG	20MG	B/14	GLES.MIC.GA
ANTAG	20MG	BTE/28	GLES MIC/GR
ANTAGONIN	150MG	B/20	COMP.
ANTALFEN	200MG	BTE/15	COMP.PELLI
ANTALFEN	20MG/1ML(100MG/5ML)MG/ML	200ML	SUSP.BUV.
ANTALFEN	400MG	BTE/20	COMP.PELLI
ANTALFEN	5G/100G(5%)	TUBE/50G	GEL
ANTALFEN	600MG	BTE/10	COMP.PELLI
ANTALFEN	600MG	BTE/30	COMP.PELLI
ANTALFEN-GYN	100MG	BTE/20	COMP.PELLI
ANTALGAN	1000MG	BTE/08	COMP.
ANTALGAN	500MG	BTE/16	COMP.
ANTAMOL	500MG	B/20	COMP.
ANTAPROFENE	100MG	BTE/20	COMP.PELLI
ANTARENE G	200MG	B/30	COMP.PELLI
ANTARENE G	400MG	B/30	COMP.PELLI
ANTAXID	3.49G/3.99G/100ML	FL/125 ML	SUSP.BUV.
ANTHELMIN	20MG/ML	FL/30 ML	SUSP.BUV.
ANTIBIO-ABEREL	0.025%	T/40 G	GEL.DERM.
ANTIBIOABEREL	0.025%	T/20G	GEL.DERM.
ANTIBIOABEREL	0.05%	B/15	TMP
ANTIBIOPENE	125MG/5ML	FL/60 ML	SUSP.BUV.
ANTIBIOPENE	1G	B/1+1	PDRE.SOL.IN
ANTIBIOPENE	250MG	B/12	GLES.
ANTIBIOPENE	250MG/5ML	FL/60 ML	SUSP.BUV.
ANTIBIOPENE	500MG	B/1+1	PDRE.SOL.IN
ANTIBIOPENE	500MG	B/12	GLES.
ANTIBIOTULLE	425000UI/300000UI/100G	B/10	PM.
ANTIBIOTULLE	425000UI/300000UI/100G	B/5	GM.
ANTIDOL	500MG	B/20	COMP.
ANTIGAL FAIBLE	10%	FL/150 ML	SOL. A USAG
ANTIUM	20MG	BTE/14	MICGR GAST
ANTIUM	20MG	BTE/28	MICGR GAST
ANTIUM	40MG	BTE/28	MICGR GAST
ANTOR	10MG	B/10	COMP.
ANXETIN	20MG	B/10	GLES.
ANXIENAD	1MG	BTE/30	COMP.PELLI.
ANXIOL	4%(40MG/ML)	FL/30ML	SOL BUV COM
ANXIOL	4%(40MG/ML)	FL/50ML	SOL BUV COM
ANXIOL	40MG/ML	FL/15 ML	FL.
ANXIOL	40MG/MLOU4%	FL/20ML	SOL.BUV.GTT
ANXYPAM	6MG	B/30	COMP QUADRI
ANZAPINE	10MG	B/28	COMP.ENRO.
ANZAPINE	10MG	B/7	COMP.
ANZAPINE	5MG	B/30	COMP.ENRO.
ANZAPINE - ORO	10MG	B/30	COMP ORO DI
APAP IBUPROFENE BEKER	500MG/200MG	BTE/20	COMP.PELLI
APAP TRAMADOL BEKER	325MG/37.5MG	BTE/20	COMP.PELLI
APAROXAL	100MG	B/20	COMP.
API E	100MG	B/20	COMP. A CRO
API E	500MG	BTE/2 TUBES DE 10	COMP A CROQ
APICARPIN	1%	FL/10 ML	COLLY.
APICARPIN	2%	FL/2 ML	COLLY.
APICROM	2%	FL/10 ML	COLLY.
APICROM	2%	FL/10 ML	SOL.NAS.
APIDRA	100UI/ML	BTE/01 FL DE 10ML	SOL.INJ.SC.
APIDRA	100UI/ML	BTE/03 DE 03ML	SOL.INJ CAR
APIDRA OPTISET	100UI/ML(3.49MG/ML)	B/5 STY 3ML(300UI/3M	SOL.INJ.EN/
APIDRA SOLOSTAR	100UI/ML(3.49MG/ML)	B/5 STY SOLOSTAR 3ML	SOL.INJ.EN/
APIFEN	200MG	B/20	COMP.
APIFEN	400MG	B/20	COMP.
APIFLOX	3MG/ML	FL/10 ML	COLLY.
APIFRIN -10	10%	FL/10 ML	COLLY.
APIGEN	3MG/ML	FL/10 ML	COLLY.
APILOR	10MG	B/20	COMP.
APIMOL	0.25%	FL/5 ML	COLLY.
APIMOL	0.50%	FL/5 ML	COLLY.
APIROVIT	250MG/250MG	B/20	COMP.SEC.
APITIDINE	150MG	B/20	COMP.
APITIDINE	150MG	TUBE/20	COMP.EFFER.
APITIDINE	300MG	B/10	COMP.
APITIDINE	300MG	BTE/10	COMP.EFFER.
APITROPIN	0.5%	FL/10 ML	COLLY.
APITROPIN	1%	FL/10 ML	COLLY.
APRANAX	275MG	B/30	COMP.PELLI
APRANAX	550MG	B/16	COMP.PELLI
APRIVAL	150MG	BTE/30	COMP.PELLI
APRIVAL	300MG	BTE/30	COMP.PELLI
APRODEX	150MG/10MG	BTE/30	COMP.PELLI
APRODEX	150MG/5MG	BTE/30	COMP.PELLI
APRODEX	300MG/10MG	BTE/30	COMP.PELLI
APRODEX	300MG/5MG	BTE/30	COMP.PELLI
APROSART	150MG	BTE/30	COMP.
APROSART	300MG	BTE/30	COMP.
APROVASC	150MG/10MG	BTE/30	COMP.PELLI
APROVASC	150MG/5MG	BTE/30	COMP.PELLI
APROVASC	300MG/10MG	BTE/30	COMP.PELLI.
APROVASC	300MG/5MG	BTE/30	COMP.PELLI
APROVEL	150MG	B/28	COMP.
APROVEL	300MG	B/28	COMP.
APROVEL	75MG	B/28	COMP.
APTAMIL PEPTI JUNIOR		B/400G	LAIT
APURONE	400MG	B/30	COMP.
ARADEX 150	150MG	BTE/30	COMP.SEC.
ARADEX 300	300MG	BTE/30	COMP.
ARAVA	100MG	B/3	COMP.PELLI
ARAVA	10MG	BT OU FL DE 30	COMP.PELLI
ARAVA	20MG	BT OU FL DE 30	COMP.PELLI
ARAVEL	150MG	BTE/30	COMP.PELLI
ARAVEL	300MG	BTE/30	COMP.PELLI
ARBITAN	160MG	BTE/30	COMP.PELLI
ARBITAN	80MG	BTE /30	COMP.PELLI
ARBOSE	50MG	BTE/30	COMP.RONDS
ARBREX	100MG	BTE/20	GLES.
ARBREX	200MG	BTE/10	GLES.
ARDIL	20MG/ML	FL/200 ML	SUSP.BUV.
ARDINE	125MG/5MLMG/5ML	FL/60 ML	SUSP.BUV.
ARDINE	250MG	B/12	GLES.
ARDINE	250MG/5ML	FL/60 ML	SUSP.BUV.
ARDINE	500MG	B/12	GLES.
AREDIA	15MG/5MLMG/ML	B/4+4	SOL.INJ.
AREDIA	60MG/10ML	B/1+1	PDRE.SOL.IN
AREDIA	90MG/10MLMG/ML	B/1+1	INEUSE PDRE.SOL.IN
AREM	5MG	B/30	COMP.
ARGYROL	1%	FL/10 ML	COLLY.
ARICEPT	10MG	BTE/28	COMP.PELLI
ARICEPT	5MG	BTE/28	COMP.PELLI
ARICLARE	500MG	BTE/14	COMP.PELLI
ARIDONE HUP	10MG	B/28	COMP.PELLI.
ARIDONE HUP	5MG	B/28	COMP.PELLI
ARIFLY	10MG	BTE/30	COMP.
ARIFLY	15MG	BTE/30	COMP.
ARIFY	10MG	BTE/30	COMP.
ARIFY	15MG	BTE/30	COMP.
ARIMIDEX	1MG	B/28	COMP.ENRO.
ARIMIDEX	1MG	BTE/30	COMP.PELLI
ARINIA	10MG	BTE/30	COMP.
ARINIA	15MG	BTE/30	COMP.
ARIPIPRAZOL BEKER	20MG	BTE/30	COMP.
ARIPIPRAZOLE BEKER	10MG	BTE/30	COMP.
ARIPIPRAZOLE BEKER	15MG	BTE/30	COMP.
ARIPIPRAZOLE BEKER ORO	10MG	BTE/30	COMP ORO DI
ARIPIPRAZOLE BEKER ORO	15MG	BTE/30	COMP ORO DI
ARIPIPRAZOLE LDM	10MG	BTE/30	COMP.
ARIPIPRAZOLE LDM	15MG	BTE/30	COMP.
ARIPRAZ	10MG	BTE/30	COMP.
ARIPRAZ	15MG	BTE/30	COMP.
ARIPRAZ	20MG	BTE/30	COMP.
AROMASINE	25MG	B/30	COMP.ENRO.
AROMEX	25MG	BTE/30	COMP.PELLI
AROVAL	150MG	BTE/30	COMP.PELLI
AROVAL	300MG	BTE/30	COMP.PELLI
AROVAN	10MG	BTE/30	COMP.PELLI
AROVAN	20MG	BTE/30	COMP.PELLI
AROVAN	40MG	BTE/30	COMP.PELLI
AROVAN	80MG	BTE/30	COMP.PELLI
ARPETAB	10MG	BTE/30	COMP.
ARPETAB	15MG	BTE/30	COMP.
ARTANSIL	150MG	BTE/30	COMP.
ARTANSIL	300MG	BTE/30	COMP.
ARTELAC	3.20MG/ML	FL/10ML	COLLY.
ARTIZ	10MG	B/10	COMP.PELLI
ARTIZ	10MG/ML	FL/30ML	SOL.BUV.GTT
ARTROLIFE	100MG	B/10	SUPPO.
ARTROLIFE	25MG	B/30	GLES.
ARTROLIFE	50MG	B/10	SUPPO.
ASCABINE	10G/100G	FL/125 ML	EMULS.P.APP
ASCABINE FORTE	25G/100G	FL/125 ML	SOL.APP.CUT
ASCABIOL	10%/2%	FL/125ML	LOTION DERM
ASCALOL	25G/100G	FL/125ML	LOTION P/AP
ASIAPIRINE	81MG	B/30	COMP ENRO G
ASITAMOL	500MG	B/20	COMP.
ASMADIL	2MG	B/30	COMP.
ASMADIL	2MG/CAC	FL/120 ML	SIR.
ASMALINE	0.5MG/ML	BTE/50 AMP	SOL.INJ.
ASMANORE	2MG	B/30	COMP.
ASMANORE	2MG/CAC	FL/100 ML	SIR.
ASPALGIC	500MG	B/20	COMP.
ASPALGINE	81MG	B/20	COMP.SEC.
ASPEC	100MG	BTE/28	COMP.SEC.
ASPEC	100MG	BTE/98	COMP.SEC.
ASPEGIC	100MG	B/20 SACHETS	PDRE.OR.
ASPEGIC	1G	B/6 AMP	SOL.INJ.
ASPEGIC	250MG	B/20 SACHETS	PDRE.OR.
ASPEGIC	500MG	B/20	PDRE.OR.
ASPEGIC	900MG	B/6	SOL.INJ.
ASPEGIC ADULTES	1GDL-LYSINE1.8G/SACHET-DOSE	BTE/20	PDR.SOL.BUV
ASPEVASC 100	100MG	B/30	COMP.
ASPICARD	100MG	BTE/30	COMP.SEC.
ASPICARD	100MG	BTE/98	COMP.SEC.
ASPICARD	81MG	B/120	COMP ENROB
ASPIGAL 900	900MG	B/1 FLACON PDRE+1AMP	PDRE SOL IN
ASPINOVA	100MG	BTE/30	COMP.
ASPINOVA	100MG	BTE/90	COMP.
ASPIREFF	500MG	B/12	COMP.EFFER.
ASPIRINE	500MG	B/20	COMP.EFFER.
ASPIRINE BEKER	500MG	BTE/28	COMP.
ASPIRINE BIOTIC	100MG	B/20	COMP.
ASPIRINE BIOTIC	160MG	BTE/20	COMP.SEC.
ASPIRINE CARDIO	100MG	BTE/90	GLES.
ASPIRINE CARDIO	100MG	PILULIER DE 60	COMP.
ASPIRINE PH 8	500MG	B/20	COMP.
ASPRIL 500	500MG	B/20	COMP.
ASPROCARD	81MG	B/30	COMP.GASTRO
ASTAPIN	500MG	B/20	COMP.
ASTHALIN	100G/BOUFFEE	FL/200 DOSES	AERO.
ASTHALIN	2MG	B/30	COMP.
ASTHALIN	2MG/CAC	FL/100 ML	SIR.
ASTHALIN	5MG/ML	FL/15 ML	SOL.INHAL.
ATABEK	16MG	BTE/30	COMP.SEC.
ATABEK	8MG	BTE/30	COMP.SEC.
ATACAND	16MG	B/28	COMP.SEC.
ATACAND	16MG	BTE/30	COMP.SEC.
ATACAND	4MG	BT/28	COMP.SEC.
ATACAND	8MG	BT/28	COMP.SEC.
ATACAND	8MG	BTE/30	COMP.SEC.
ATADOZE	100MG	BTE/30	COMP.PELLI.
ATADOZE	25MG	BTE/30	COMP.PELLI.
ATALINE	2.5MG	B/50	COMP.
ATAPSIN	500MG	B/20	COMP.
ATARAX	100MG	B/10	COMP.
ATARAX	100MG	B/30	COMP.
ATARAX	25MG	B/15	COMP.
ATARAX	25MG	B/30	COMP.
ATARAX	2MG/ML	FL/200 ML	SIR.
ATASARTAN	16MG	BTE/30	COMP.SEC.
ATASARTAN	4MG	BTE/30	COMP.SEC.
ATASARTAN	8MG	BTE/30	COMP.SEC.
ATASPIN	500MG	B/20	COMP.
ATELOL	100MG	B/14	COMP.
ATENOL	100MG	B/28	COMP.
ATENOLOL BIOGARAN	100MG	B/30	COMP.SEC.
ATENOLOL BIOGARAN	50MG	B/30	COMP.SEC.
ATENOLOL MERCK	100MG	B/28	COMP.PELLI.
ATENOLOL-RATIOPHARM	100MG	B/28	COMP.PELLI
ATENOR	100MG	B/20	COMP.
ATENOR	100MG	B/30	COMP.SEC.
ATHYMIL	10MG	B/30	COMP.
ATHYMIL	30MG	B/20	COMP.
ATHYROZOL	5MG	BTE/50	COMP.SEC.
ATINAL	100MG	B/30	COMP.SEC.
ATINAL	50MG	B/30	COMP.
ATOR	80MG	BTE/28	COMP.PELLI
ATOR 10MG	10MG	BTE/28	COMP.PELLI.
ATOR 20 MG	20MG	B/28	COMP.PELLI
ATOR 40 MG	40MG	BTE/28	COMP.PELLI.
ATORIN	10MG	BTE/90	COMP.PELLI
ATORIN	20MG	BTE/30	COMP.PELLI
ATORIN	20MG	BTE/90	COMP.PELLI
ATORIN	40MG	BTE/30	COMP.PELLI
ATORIN	40MG	BTE/90	COMP.PELLI
ATORIN	80MG	BTE/90	COMP.PELLI
ATORIN 10 MG	10MG	BTE/28	COMP.PELLI
ATORIN 10MG	10MG	BTE/30	COMP.PELLI
ATORIN 20 MG	20MG	BTE/28	COMP.PELLI
ATORIN 40 MG	40MG	BTE/28	COMP.PELLI
ATORIN 80 MG	80MG	BTE/30	COMP.PELLI
ATORVASTATINE GEBER	10MG	BTE/30	GLES.
ATORVASTATINE GEBER	20MG	BTE/30	GLES.
ATORVASTATINE GEBER	40MG	BTE/30	GLES.
ATORVASTATINE IVAL	10MG	B/28	COMP.PELLI
ATORVASTATINE IVAL	20MG	BTE/28	COMP.PELLI
ATORVASTATINE IVAL	40MG	BTE/28	COMP.PELLI
ATORVASTATINE LDM	10MG	BTE/30	COMP.PELLI
ATORVASTATINE LDM	20MG	BTE/30	COMP.PELLI
ATORVASTATINE LDM	40MG	BTE/30	COMP.PELLI
ATORVASTATINE LDM	80MG	BTE/30	COMP.PELLI
ATORVASTATINE MM	10MG	BTE/30	COMP.PELLI
ATORVASTATINE MM	80MG	BTE/30	COMP.PELLI
ATORVASTATINE NOVAGENERICS	10MG	PILULIER DE 30	COMP.PELLI
ATORVASTATINE NOVAGENERICS	20MG	BTE/30	COMP.PELLI
ATORVASTATINE NOVAGENERICS	40MG	BTE/30	COMP.PELLI
ATORVASTATINE NOVAGENERICS	80MG	BTE/30	COMP.PELLI
ATOSTINE	10MG	BTE/30	COMP.PELLI
ATOSTINE	20MG	BTE/30	COMP.PELLI
ATOSTINE	40MG	BTE/30	COMP.PELLI
ATOSTINE	80MG	BTE/30	COMP.PELLI
ATOVAL	10MG	B/10	COMP.PELLI
ATOVAL	10MG	BTE/28	COMP.PELLI
ATOVAL	20MG	B/10	COMP.PELLI
ATROPINE	1%	FL/5 ML	COLLY.
ATROPINE ALCON	0.30%	FL/10 ML	COLLY.
ATROPINE ALCON	0.50%	FL/10 ML	COLLY.
ATROPINE ALCON	1	FL/10 ML	COLLY.
ATROPINE-ALCON	0.30%	FL/10 ML	COLLY.
ATROPINE-ALCON	0.50%	FL/10 ML	COLLY.
ATROPINE-ALCON	1%	FL/10 ML	COLLY.
ATROSTINE	10MG	B/30	COMP.PELLI
ATROSTINE	20MG	B/30	COMP.PELLI
ATROVENT	20G/BOUFFEES	FL/200 DOSES	AERO.
ATRYLINE	25MG	B/60	COMP.ENRO.
ATRYLINE	40MG/ML(4%)	FL/20ML	GTE BUV
ATRYLINE	50MG	B/30	COMP.ENRO.
AUGMENTIMEX	100MG/12.5MG/ML	FL/30ML	PDRE.P/SUSP
AUGMENTIMEX	100MG/12.5MG/ML	FL/60ML	PDRE.P/SUSP
AUGMENTIMEX ADULTES	500MG/62.5MG	B/16	COMP.PELLI
AUGMENTIN	100MG/12.5MG/ML	FL/30ML	PDRE.P/SUSP
AUGMENTIN	100MG/12.5MG/ML	FL/60ML	PDRE.P/SUSP
AUGMENTIN	1G/200MG	B/10	PDRE.SOL.IN
AUGMENTIN	250MG/62.5MG/5ML	FL/60 ML	PDRE.P/SUSP
AUGMENTIN	2G/200MG	B/10	PDRE.SOL.IN
AUGMENTIN	500/50MG	B/1+1	SOL.INJ.
AUGMENTIN	500MG/125MG	B/12	COMP.
AUGMENTIN ADULTE	1G/125MG	B/12	PDRE SUSP B
AUGMENTIN ADULTES	500MG/62.5MG	B/16	COMP.PELLI
AUGMENTIN ADULTES	500MG/62.5MG	B/24	COMP.PELLI
AUGMENTIN ENFANTS	500MG/62.5MG	BTE/12	PDRE.P/SUSP
AUMEPRAZOL HISPAL	20MG	B/14	GLES.
AURACENO	4MG	BTE/60	COMP QUADRI
AUREOMYCINE	1%	T/5 G	PDE.OPHT.
AVAFORTAN	1.2G/120MG/5	B/5 AMP DE 5 ML	SOL.INJ.
AVAMYS	27.5G/PULVERISATION	FL/120 PULVERISATION	SUSP P/PULV
AVANDIA	4MG	B/14	COMP.
AVANDIA	4MG	B/28	COMP.
AVANDIA	8MG	B/14	COMP.
AVANDIA	8MG	B/28	COMP.
AVISINE	37.5MG	BTE/30	GLES.LP.
AVISINE	75MG	BTE/30	GLES.LP.
AVLOCARDYL	40MG	B/50	COMP.
AVLOCARDYL LP	160MG	B/28	GLES.
AVONEX	30G/0.5ML(6MUI/0.5ML)G/ML	BTE/4	SOL.INJ.SER
AZANTAC	150MG	B/30	COMP.
AZAPRESS	50MG	B/100	COMP.
AZATHIOPRINE	50MG	B/100	COMP.
AZATHIOPRINE MYLAN	50MG	B/100	COMP.PELLI.
AZATHIOPRINE VIATRIS	50MG	BTE/100	COMP.PELLI.
AZED	250MG	B/6	COMP.
AZEPAL	200MG	B/20	COMP.
AZIMAC	5OOMG	BTE/03	COMP.PELLI.
AZIMYCINE	200MG/5MLMG/ML	FL/15ML	PDRE.P/SUSP
AZIMYCINE	250MG	BTE/06	GLES.
AZITHRAL	500MG	BTE/03	COMP.PELLI.
AZITHROM HUP	500MG	BTE/03	COMP.PELLI.
AZITHROMYCINE BEKER	500MG	BTE/03	COMP.PELLI.
AZITHROMYCINE IBERAL	500MG	B/3	COMP.PELLI
AZITHROMYCINE NS	500MG	BTE/03	COMP.PELLI.
AZITHRON	250MG	B/06	COMP.PELLI
AZITHRON	600MG	BTE/08	COMP.PELLI
AZOPT	10MG/ML	FL/5ML	COLLY.
AZORAN	50MG	BTE/100	COMP.PELLI
AZYRTINE	10MG/ML	FL/30 ML	SOL.BUV.GTT
AZYTER	15MG/G	B/06 RECIP UNIDOSES	COLLY.SOL.R
B SIX	250MG	B/20	COMP.
B-CORTOSONE	0.5MG/ML(0.05%)	FL/30ML	SOL.BUV.GTT
B-NEUFER	50MG/0.35MG	BTE/30	GLES.
BACICOLINE A LA BACTRACINE	25MUI/1G/50000UI/100ML	FL/5 ML	COLLY.
BACITRACINE MARTINET	500UI/ML	FL/5 ML	COLLY.
BACLON	10MG	BTE/50	COMP.SEC.
BACRO	10MG	B/50	COMP.
BACTALL	750MG	BTE/10	COMP.ENROB.
BACTEKOD	200MG/40MG/5ML	FL/100 ML	SUSP.BUV.
BACTEKOD	400MG/80MG	B/20	COMP.
BACTEKOD	800MG/160MG	B/10	COMP.
BACTISOL	200MG/40MG/5ML	FL/100 ML	SUSP.BUV.
BACTIZOL	1G	B/1+1	SCULAIRE PDRE.SOL.IN
BACTRIM	200MG/40MG/5ML	FL/100 ML	SUSP.BUV.
BACTRIM	400MG/80MG	B/20	COMP.
BACTRIM FORTE	800MG/160MG	BT/10	COMP.
BACTROBAN	2%	T/15 G	PDE.DERM.
BALKAPROFEN	400MG	B/20	COMP.
BALKATRINE	200MG/40MG/5ML	FL/100 ML	SUSP.BUV.
BALKATRINE	400MG/80MG	B/20	COMP.
BALTAXINE	30MG	PILULIER/30	GLES.GAST.R
BALTAXINE	60MG	BTE/30	MICGR GAST
BANDELET REACTIV RECHERCHE GLUCOSE/ACETONE D'URINE			BANDELETTE
BANDELETTE REACTIVE POUR ANALYSE MULTIPLE D'URINE			BANDELETTE
BANDELETTE REACTIVE POUR DOSAGE DU GLUCASE(SANG)		B/50	BANDELETTE
BANDELETTES REACTIVES POUR ANALYSE D'URINE			BANDELETTE
BANDELETTES REACTIVES POUR DOSAGE DU GLUCOSE		B/50	BANDELETTE
BANDELETTES REACTIVES POUR DOSAGE DU GLUCOSE (SANG		B/50	BANDELETTE
BANDELETTES REACTIVES POUR LECTEUR GLYCEMIE		B/50	BANDELETTE
BANEOCIN	250UI/5000UI/G	FL/10G	PDRE DERMQU
BANEOCIN	250UI/5000UI/G	T/20G	PDE.DERM.
BARCLYD	0.15MG	B/30	COMP.
BASALOG ONE	100UI/ML	B/5 STYLO PREREM 3ML	SOL.INJ.SC.
BASDENE	25MG	B/50	COMP.
BC FER	55.14MG(150MG/75MG/1.5MG)	BTE/30	GLES.
BECANOS	50G/DOSE	FL/100 DOSES	SUSP P/PULV
BECILAN	250MG	B/40	COMP.
BECLATE 250	250G/BOUFF	FL/200 DOSES	AERO.
BECLATE NASAL SPRAY	50G/BOUFFEE	FL/200 DOSES	AERO.
BECLATE-50 INHALATEUR	50G/BOUFFEE	FL/200 DOSES	AERO.
BECLO-ASMA	250G/BOUFFEE	FL/200 DOSES	AERO.
BECLO-ASMA	50G/BOUFFEE	FL/200 DOSES	AERO.
BECLOJET	250G/BOUFFEE	FL/200 DOSES + CHAMB	SUSP.
BECLOMET	50G	FL/200 DOSES	SUSP.
BECLOMET FORT	250G/BOUFFEE	FL/200 DOSES	SUSP.
BECONASE	50G/BOUFFE	FL/100 DOSES	SUSP.NAS.
BECOTIDE	250G/BOUFFEE	FL/80 DOSES	AERO.
BEDELIX	3G	B/30 SACHETS	PDRE.OR.
BEFLAVINE	10MG	B/20	COMP.ENRO.
BEKERDIS	40MG	BTE/30	COMP.
BEKERDIS	40MG	BTE/90	COMP.
BEKERDIS	80MG	BTE/30	COMP.
BEKERDIS	80MG	BTE/90	COMP.
BEKINSLO	100U/ML	BTE/01 STYLO	SOL.INJ.EN/
BEKINSLO	100U/ML	BTE/03 STYLOS	SOL.INJ.EN/
BEKINSLO	100U/ML	BTE/05 STYLOS	SOL.INJ.EN/
BEKINSTA	100UI/ML	B1 STYL PREREMPL 3ML	SOL.INJ.EN/
BEKINSTA	100UI/ML	B3 STYL PREREMPL 3ML	SOL.INJ.EN/
BEKINSTA	100UI/ML	B5 STYL PREREMPL 3ML	SOL.INJ.EN/
BEKLOMIL	100G/DOSE	FL/200 DOSES	SUSP P/PULV
BEKTAL	100MG	BTE/30	COMP.PELLI
BEKTAL	100MG	BTE/90	COMP.PELLI
BEKTAL	50MG	BTE/30	COMP.PELLI.
BEKTAL	50MG	BTE/90	COMP.PELLI.
BEKTAL 100MG	100MG	BTE/28	COMP.PELLI
BEKTAL 50MG	50MG	BTE/28	COMP.PELLI.
BENCLAMID	5MG	B/60	COMP.
BENDAZOL	100MG	B/6	COMP.
BENERVA	100MG/ML	B/3	SOL INJ.IM.
BENERVA	250MG	B/40	COMP.ENRO.
BENETHAMINE PENICILLINE/ BENZYLPENI	600000/400UI	B/1+1 AMP	PDRE.SOL.IN
BENZATHINE BENZYLPENICILLINE BIOCARE	1.2MUI	1FL PDRE-AMP/SOLV5ML	PDRE SOLV/S
BENZATHINE PENICILLIN	1200000UI	B/1(1FL PDR+1AMP SOL	PDRE SOLV/S
BENZATHINE PENICILLIN	600000UI	B1FL PDR+1AMPSOLV5ML	PDRE SOLV/S
BENZYLPENICILLINE	1MUI	B/1+1	PDRE.SOL.IN
BENZYLPENICILLINE BENZATHINE FLAVEL	1.2MUI	B/1+1	PDRE.SOL.IN
BENZYLPENICILLINE BENZATHINE FLAVEL	600000UI	B/1+1	PDRE.SOL.IN
BENZYPAL	1000000UI	B/1+1	PDRE.SOL.IN
BERLTHYROX	100G	BTE/100	COMP.SEC.
BERLTHYROX	100G	BTE/50	COMP.SEC.
BERLTHYROX	50G	BTE/100	COMP.SEC.
BERLTHYROX	50G	BTE/50	COMP.SEC.
BERTOCIL	5MG/ML(0.5%)	BTE DE 01 FL/5 ML	COLLY.
BETABIO	0.05%(0.5MG/ML)	FL/30ML	SOL.BUV.GTT
BETABIO	2MG	PILULIER DE 20	COMP.DISP.S
BETACARD	12.5MG	BTE/30	COMP.
BETACROVIS	0.05%	T/30 G	PDE.DERM.
BETACROVIS	0.10%	T/15 G	CRE.
BETACROVIS	0.5MG/ML	FL/30 ML	SOL.BUV.
BETACROVIS	0.5MG/ML(OU0.05%)	FL/40ML	SOL.BUV.GTT
BETACYL	0.05G%/3G%	TUBE/15G	PDE.DERM.
BETADERM	10%	FL/125ML	SOL.DERM.
BETADERME	0.10%	T/20 G	CRE.
BETADERMINE	10%	FL/120ML	SOL.DERM.
BETADINE DERMIQUE	10%	FL/125 ML	SOL.
BETADINE SCRUB	4%	FL/125 ML	SOL.DERM.
BETAFERON	250G/ML(8MUI/ML)	BTE/15	PDRE SOLV P
BETAHIST	24MG	BTE/60	COMP.
BETAHISTINE BIOGARAN	8MG	B/30	COMP.
BETAHISTINE NOVAGENERICS	24MG	BTE/60	COMP.
BETAMET	0.10%	T/10 G	PDE.DERM.
BETAMETHASONE BR	0.05%	T/15 G	PDE.
BETAMETHASONE BR	0.1%	T/15 G	PDE.
BETAMETHASONE INPHA-MEDIS	0.05%	FL/30ML	SOL.BUV.GTT
BETAMETHASONE NOVAGENERICS	0.05%	TUBE/15G	PDE.DERM.
BETAMETHASONE NOVAGENERICS	0.05%(7.5MG/TUBE)	TUBE/15G	CRE.
BETAMETHASONE NOVAGENERICS	0.1%	TUBE/15G	PDE.DERM.
BETAMETHASONE NOVAGENERICS	2MG	BTE/20	COMP.DISP.S
BETAMETHASONE PHYSIOPHARM	0.05%	TUBE/15 G	PDE.DERM.
BETAMETHASONE PHYSIOPHARM	0.05%	TUBE/15G	CRE.DERMIQU
BETAMETHASONE PHYSIOPHARM	0.05%(0.5MG/ML)	FL/30 ML	SOL.BUV.
BETAMETHASONE-ACIDE SALICYLIQUE NOVAGENERICS	0.05G%/3G%	TUBE/15G	PDE.DERM.
BETANYL	0.5MG/ML	B/10 AMP	SOL.INJ.
BETAPRAL	40MG	B/50	COMP.
BETAPROSONE	0.05%	T/15G	PDE.DERM.
BETAPROSONE	0.5MG/MLOU(0.05%)	FL/30ML	SOL.BUV.GTT
BETAPYR	250MG/250MG	B/30	COMP.PELLI
BETAPYR	250MG/250MG	B/30	DRG.
BETASAL	0.05%/30%G%	T/15 G	PDE.DERM.
BETASERC	24MG	B/60	COMP.
BETASONE	0.05%	TUBE/15G	PDE.DERM.
BETASONE	0.05%(0.5MG/1ML)	FL/30ML	SOL.BUV.GTT
BETASONE	0.1%	T/15 G	PDE.DERM.
BETASONE	0.5MG	BTE/30	COMP ORO DI
BETASONE	1MG	BTE/30	COMP ORO DI
BETASONE	2MG	BTE/20	CP DISP.SEC
BETASTENE	0.5MG/ML(0.05%)	FL/30ML	SOL.BUV.GTT
BETASTINE FORT	24MG	BTE/60	COMP.
BETATOP	100MG	B/28	COMP.
BETATOP	100MG	B/30	COMP.ENRO.
BETIXIM	100MG/5MLMG/ML	FL/60ML	PDRE.P/SUSP
BETIXIM	400MG	BTE/05	GLES.
BETIXIM 200	200MG	BTE/08	GLES.
BETOPTIC	0.5%	FL/3 ML	COLLY.
BETSOL	0.05%	FL/15 ML	LOTION DERM
BEVACOL	135MG	B/48	COMP.ENRO.
BEVIRAN	100MG	B/30	COMP.
BEVITINE	100MG/2ML	B/5 AMP DE 2 ML	SOL.INJ.
BEVITINE 5%	100MG/2ML	B/5 AMP DE 2ML	SOL.INJ.
BI ODONGYL	1.5MUI/250MG	BTE/10	COMP.PELLI
BI-OROGYL	1.5MUI/250MGMUI/MG	BTE/10	COMP.PELLI
BIAFINE	0.670G/100G	T/93G	EMUL DERM.
BIAFINE	0.67G/100G	T/186G	EMUL DERM.
BIAMOX	1G	B/1 FL PDRE+1AMP 5ML	PDRE.SOL.IN
BIAMOX	500MG	B/1 FL PDRE+1AMP 5ML	PDRE.SOL.IN
BICADEX	50MG	BTE/28	COMP.PELLI
BICALUTAMIDE CINFA	50MG	BTE/30	COMP.PELLI
BICALUTAMIDE UPC	50MG	BTE/30	COMP.PELLI
BICLINOCILLINE	600000/400UI	B/1+1AMP SOLVANT	PDRE.SOL.IN
BIDICLO LP	75MG	BTE/30	MICROGRAN L
BIEVERYL	4MG/1.25MG	BTE/30	COMP.SEC.
BIEVERYL	4MG/1.25MG	BTE/90	COMP.SEC.
BIGUAN	500MG	BTE/50	COMP.
BIGUAN	850MG	BTE/60	COMP.
BILASTA	20MG	BTE/30	COMP.
BILAXTEN	20MG	BTE/10	COMP.SEC.
BILAXTEN	20MG	BTE/20	COMP.SEC.
BINOVAX	4MG/1.25MG	BTE/30	COMP.
BINOZYT	200MG/5ML	FL/15 ML	PDRE.P/SUSP
BINOZYT	200MG/5MLMG/ML	FL/15ML	PDRE SOLUTI
BINOZYT	250MG	B/06	GLES.
BINOZYT	250MG	BTE/06	GLES.
BINOZYT	500MG	B/3	COMP.ENRO.
BINOZYT	500MG	BTE/03	COMP.PELLI
BIOCABASTINE	0.05%	FL/5 ML	COLLYRE EN
BIOCALYPTOL	131MG/19.75MG	FL/200 ML	SIR.
BIOCETAM	1000MG	BTE/60	COMP.PELLI.
BIOCETAM	250MG	BTE/60	COMP.PELLI
BIOCETAM	500MG	BTE/60	COMP.PELLI.
BIOCETAM	750MG	BTE/60	COMP.PELLI.
BIOCLAV	100MG/12.5MG	FL/60ML	PDRE P/SUSP
BIOCLAV	100MG/12.5MG/ML	FL/30 ML	PDRE.P/SUSP
BIOCLAV	500MG/62.5MG	BTE/16	COMP.PELLI
BIOCLAV	500MG/62.5MG	BTE/24	COMP.PELLI
BIOCLAV 8 1	1G/125MG	BTE/08	PDR P/SUSP
BIOCLAV 8 1	1G/125MG	BTE/12	PDR P/SUSP
BIOCLAV 8 1	1G/125MG	BTE/14 SACHETS	PDR P/SUSP
BIOCLAV 8 1	500MG/62.5MG	BTE/12	PDRE P/SUSP
BIOCLAV 8 1	500MG/62.5MG	BTE/14	PDR P/SUS B
BIOCLAZIDE	80MG	B/60	COMP.
BIODAZOLE	250MG	B/20	COMP.
BIODAZOLE	500MG	BTE/20	COMP.PELLI
BIOFEN	200MG	B/20	COMP.PELLI
BIOFENAC	1%	TUBE/50G	GEL.APP.CUT
BIOFENAC	100MG	B/10	SUPPO.
BIOFENAC	100MG	BTE/20	COMP.PELL.L
BIOFENAC	25MG	B/10	SUPPO.
BIOFENAC	25MG	B/30	COMP.
BIOFENAC	25MG/ML(75MG/3ML)	B/5 AMP	SOL.INJ.
BIOFENAC	50MG	B/30	COMP PELL G
BIOFENAC FAST	50MG	BTE/10	PDR P/SOL B
BIOFENAC LP	75MG	BTE/30	COMP.PELL.L
BIOFENE	400MG	B/30	COMP.
BIOFERYL	5%	FL/2.5 ML	VERNIS A ON
BIOFLOX	750MG	BTE/10	COMP.PELLI
BIOFORGE	5MG/80MG	BTE/30	COMP.PELLI
BIOFORGE	5MG/80MG	BTE/90	COMP.PELLI
BIOGANIL	500MG	BTE/30	COMP.
BIOLAM	100MG	BTE/30	COMP DISP O
BIOLAM	25MG	BTE/30	COMP DISP O
BIOLATAN	0.005%	FL/5ML CONTENT 2.5ML	COLLYRE.SOL
BIOLECT	1MG	BTE/30	COMP.
BIOLESTENE CHRONODOSE	2.7MG/3MG/ML	BTE/01	SUSP.INJ.IM
BIOMAC	40MG	PILULIER/14 GELULES	GLE.MICRO.G
BIOMAZINE	200MG	B/30	COMP.
BIOMID BR	50MG	BTE/05	COMP.SEC.
BIOMID BR	50MG	BTE/10	COMP.SEC.
BIOMYCINE	100MG	B/20	COMP.
BIOMYXE 30	100UI/ML(30/70%)	B05 STYL PREREMP 3ML	SUSP.INJ.SC
BIONORM	0.5MG	BTE/30	COMP.
BIONORM	2MG	BTE/30	COMP.
BIONORM 1MG	1MG	BTE/30	COMP.
BIOPAMOX	1G	B/14	COMP.DISPER
BIOPAMOX	1G	B/1FL PDR+SOLV 5ML	PDR+SOLV P/
BIOPAMOX	1G	BTE/08	GRAN P/SUSP
BIOPAMOX	250MG/5MLMG/ML	FL/100ML	PDRE.P/SUSP
BIOPAMOX	250MG/5MLMG/ML	FL/60ML	PDRE.P/SUSP
BIOPAMOX	500MG	B/12	GLES.
BIOPAMOX	500MG/5ML	FL/60 ML	PDRE.P/SUSP
BIOPROFEN	100MG/2ML	BTE/05 AMP DE 2 ML	SOL.INJ.
BIOPROSTENE	5MG/2MG/ML	BTE/01	SUSP.INJ.ET
BIORAPID	100UI/ML	B05 STYL PREREMP 3ML	SOL.INJ.SC.
BIORAVA	10MG	BTE/30	COMP.PELLI
BIORAVA	20MG	BTE/30	COMP.PELLI
BIOTENS	0.2MG	BTE/30	COMP.PELLI
BIOTENS	0.4MG	BTE/30	COMP.PELLI
BIOTIC PLUS	125MG/31.25MG/5MLMG/ML	FL/60ML	PDRE.P/SUSP
BIOTIC PLUS	250MG/62.5MG/5ML	FL/60 ML	PDRE.P/SUSP
BIOTINE	5MG/ML	B/6	AMP.INJ.
BIOTRETANE	10MG	BTE/30	GLES.
BIOTRETANE	25MG	BTE/30	GLES.
BIOZINAN BR	100MG	BTE/20	COMP.PELLI
BIOZINAN BR	25MG	BTE/20	COMP.PELLI
BIPENICILLINE SARBCH	1MIU/2ML	B/1+1	PDRE.SOL.IN
BIPENICILLINE SARBCH	500000IU/2M	B/1+1	PDRE.SOL.IN
BIPRETERAX	4MG/1.250MG	B/14	COMP.SEC.
BIPRETERAX	4MG/1.250MG	B/30	COMP.SEC.
BIPRETERAX ARGININE	5MG/1.25MG	BTE/30	COMP.PELLI
BIPROFENID	150MG	BTE/20	COMP.SEC.
BIPROTENS	10MG	BTE/30	COMP.ENRO.
BIPROTENS	5MG	B/30	COMP.ENRO.
BIRODOGYL	1.5MUI/250MG	BTE/10	COMP.PELLI
BIROVIT HUP	250MG/250MG	BTE/20	COMP.PELLI
BISOPROLOL BEKER	10MG	BTE/30	COMP.PELLI.
BISOPROLOL BEKER	10MG	BTE/90	COMP.PELLI.
BISOPROLOL BEKER	5MG	BTE/30	COMP.PELLI.
BISOPROLOL BEKER	5MG	BTE/90	COMP.PELLI.
BISOPROLOL HUP	10MG	B/30	COMP.PELLI.
BISOPROLOL HUP	5MG	BTE/30	COMP.PELLI.
BISOPROLOL MM	10MG	BTE/30	COMP.PELLI.
BISOPROLOL MM	5MG	BTE/30	COMP.PELLI
BISOSEL	10MG	BTE/30	COMP.PELLI.
BISOSEL	5MG	BTE/30	COMP.PELLI.
BISOTAB	10MG	BTE/30	COMP.PELLI.
BISOTAB	5MG	BTE/30	COMP.PELLI.
BISPIDOGYL	1.5MUI/250MG	BTE/10	COMP.PELLI
BISPIRADENT	1.5MUI/250MG	BTE/10	COMP.PELLI.
BLEDURAN	20MG	B/20	GLES.
BLEU DE METHYLENE	1%	FL/100ML	SOL.AQ.
BLOPRESS	16MG	B/28	COMP.SEC.
BLOPRESS	8MG	B/28	COMP.SEC.
BLOPRESS 16 PLUS	16MG/12.5MG	BTE/30	COMP.SEC.
BLOPRESS 16MG	16MG	BTE/30	COMP.SEC.
BLOPRESS 8 PLUS	8MG/12.5MG	BTE/30	COMP.SEC.
BLOPRESS 8MG	8MG	BTE/30	COMP.SEC.
BLOPRESS PLUS	16MG/12.5MGMG/MG	B/28	COMP.
BLOPRESS PLUS	8MG/12.5MGMG/MG	B/28	COMP.
BONACOR	10MG	BTE/30	COMP.PELLI.
BONACOR	5MG	B/30	COMP.PELLI.
BOROCLARINE	1G/100MG	FL/15ML	COLLY.
BREQUAL	100G/50G	BTE/60	CAPSULES PD
BREQUAL	250G/72.5GEQUI(250G/50G)	BTE/60	CAPSULES PD
BREQUAL	500G/50G	BTE/60	CAPSULES PD
BRICAMEX	30MG/100ML	FL/150 ML	SOL.BUV.
BRICANYL	0.3MG/ML	FL/300 ML	SIR.
BRICANYL	0.5MG/ML	B/8	SOL.INJ.
BRICANYL	250G	FL/200 DOSES	AERO.
BRICANYL L P	5MG	B/30	COMP.PELLI
BRICANYL LP	5MG	PILULIER/60	COMP.LP.
BRICANYL TURBUHALER	0.50MG/DOSE	FL/200 DOSES	PDRE INHAL
BRICANYL TURBUHALER	500G/DOSE(0.50MG/DOSE)	FL/100 DOSES	PDRE P/INHA
BRISTAMOX	125MG/5ML	FL/60 ML	SIR.
BRISTAMOX	250MG/5ML	FL/60 ML	SIR.
BRISTAMOX	500MG	B/12	GLES.
BRISTOPEN	1G	B/1+1 DE 5ML	PDRE.SOL.IN
BRISTOPEN	250MG/5ML	FL/60 ML	PDRE.OR.
BRISTOPEN	500MG	B/12	GLES.
BRITIL	10MG/ML	FL/5ML	COLLYRE EN
BROMAZEPAM	6MG	B/30	COMP.SEC.
BROMAZEPAM BIOGARAN	6MG	B/30	COMP.SEC.
BROMAZEPAM IVAL	6MG	B/30	COMP QUADRI
BROMAZEPAM PHYSIOPHARM	6MG	BTE/30	COMP QUADRI
BROMAZEPAM UPC	6MG	B/30	COMP.SEC.
BRONCHOCALM	0.10%ML	F/125ML	SIR.
BRONCHOCALM	0.20%ML	F/150ML	SIR.
BRONCOTERIL	12G	BTE/60+INALATEUR DEV	PDRE.INHA.B
BRONOVA	10MG	B/30	GLES.
BRUFEN	20MG/ML	FL/145ML	SUSP.BUV.
BRUFINE	0.670%(0.670G/100)	TUBE/186 G	EMULS.P.APP
BRUFINE	0.670%(0.670G/100)	TUBE/93 G	EMULS.P.APP
BUCCOGYL	1.5MUI/250MG	BTE/10	COMP.PELLI
BUDECORT	200G/DOSE	FL/200 DOSES	AERO.
BUDEK PLUS	400G/12G	FL/60+01INHALAT ORAL	PDRE.INHAL
BUFEN	100MG/5MLMG/ML	FL/125ML	SUSP.BUV.
BUFOMIX EASYHALER	200G/6G	BTE/120 DOSES	PD INHAL AE
BUFOMIX EASYHALER	400G/12G	BTE/60 DOSES	PD INHAL AE
BULMOL	4MG	BT/20	COMP.
BULMOL	8MG	BT/20	COMP.
BUPRINAL	0.3MG/ML	B/5 AMP 2ML CONT 1ML	S.INJ.IM.IV
BURINEX	1MG	BT/30	COMP.
BUTAFEN	200MG	B/20	COMP.PELLI
BUTAFEN	200MG	BTE/20	GLES MICROG
BUTAFEN	600MG	BTE/30	COMP.PELLI
BUTAFEN LP	400MG	B/20	MICROG LP E
BUTAMOL	2MG	B/20	COMP.
BUTO -ASMA	100G/BOUFFE	FL/200 DOSES	AERO.
BUTOVENT	2MG	B/50	COMP.
BUVENTOL	100G	FL/200 DOSES	SUSP.
BYZOLEX	10MG	BTE/30	COMP.SEC.
BYZOLEX 5	5MG	BTE/30	COMP QUADRI
CABERGOLINE BR	0.5MG	PILULIER/8	COMP.
CABERNEX	0.5MG	BTE/08	COMP.
CABRELIN	0.5MG	BTE/08	COMP.
CADITAR	35%	FL/250ML	SOL.DERM.
CALCIAL	10%	FL/125 ML	SIR.
CALCIBON	500MG	B/50	COMP.
CALCIBRONAT	2G	B/20	COMP.
CALCIDOSE	500MGDE1250MG/SACHET	BTE/30	PDRE SUSP B
CALCIDOSE VITAMINE D	400UI/500MG1250MG	BTE/30 SACHETS	PDR.ORALE.S
CALCIFOR	10%	FL/125 ML	SIR.
CALCIMED	500MG	BTE/60	COMP A CROQ
CALCIOS	500MG	BTE/60	COMP.SUCER
CALCIPOTRIOL NOVAGENERICS	50G/G	T/30 G	PDE.
CALCIUM -SANDOZ FORTE	2.94/0.3G	B/20	COMP.
CALCIUM API	500MG	PILULIER/20	COMP.EFFER.
CALCIUM BR	500MG	BTE/60	COMP. A CRO
CALCIUM D3 IVAL	500MG/400UI	BTE/60	COMP. A CRO
CALCIUM D3 NOVAGENERICS	500MG/400UI	BTE/60	COMP.SUCER
CALCIUM D3 SOPHAL	500MG/400UI	BTE/60	COMP A SUC
CALCIUM D3 WML	500MG/COMP(1387.50MG/COMP)	B/60(3 TUB DE 20 CP)	COMP. A CRO
CALCIUM HYSA 500	500MG(1250MG)	B/30	PDRE SUSP B
CALCIUM NOVAGENERICS	500MG	BTE DE UN FL 60 COMP	COMP.SUCER
CALCIUM SANDOZ		B/30	PDRE.SOL.BU
CALCIUM SANDOZ	0.6875G/5ML	B/10	SOL.INJ.
CALCIUM SANDOZ	2.94G/0.300G	B/20	COMP.EFFER.
CALCIUM SANDOZ	500MG	B/20	COMP.EFFER.
CALCIUM SANDOZ 500MG	3.405G/0.15G(500MG)	B/30	PDRE SOL SA
CALCIUM-SANDOZ	0.6875G/5ML	B/10 AMP	SOL.INJ.
CALCO	100UI	B/5 AMP	SOL.INJ.
CALCO	50UI	B/5 AMP	SOL.INJ.
CALMENAL	100MG	B/30	COMP.
CALMENAL	50MG	B/30	COMP.
CALMEX	200MG	B/60	COMP.
CALMEX	400MG	B/60	COMP.
CALMIG	50MG	B/2	COMP.
CALMIG	50MG	B/6	COMP.
CALMIZINE	0.2%	FL/200 ML	SIR.
CALMOFEN	100MG/5ML	FL/125ML	SUSP.BUV.
CALMOFEN	200MG	BTE/20	COMP.PELLI
CALMOFEN	400MG	BTE/20	COMP.PELLI
CALPEROS	500MG	B/60	COMP A SUCE
CALVITACARE	500MG/400UI	BTE/30 SACHETS	PDRE.P/SUSP
CANAR	100MG	B/28	COMP.
CANAR	50MG	B/28	COMP.
CANDERAX	16MG	BTE/30	COMP.SEC.
CANDERAX	4MG	BTE/30	COMP.SEC.
CANDERAX	8MG	BTE/30	COMP.SEC.
CANDERAX PLUS	16MG/12.5MG	BTE/30	COMP.
CANDERAX PLUS	8MG/12.5MG	BTE/30	COMP.
CANDIVAST	50MG	B/7	GLES.
CANDIZOL	2G%	T/30 G	CRE.
CANESTEN	1%	T/30 G	CRE.
CANTAPONE	200MG	BTE/30	COMP.PELLI
CAPOCARD	25MG	B/20	COMP.
CAPOCARD	25MG	B/90	COMP.
CAPOCARD	50MG	B/20	COMP.
CAPOCARD	50MG	B/90	COMP.
CAPOCARD PLUS	50MG/25MG	B/30	COMP.
CAPOTAL	25MG	B/20	COMP.
CAPOTAL	25MG	B/30	COMP.
CAPOTAL	50MG	B/20	COMP.
CAPOTAL 50	50MG	B/30	COMP.
CAPTOPRAL	25MG	B/30	COMP.
CAPTOPRAL 50	50MG	B/20	COMP.
CAPTOPRIL	25MG	B/20	COMP.
CAPTOPRIL HYDROCHLOROTHIAZIDE MERCK	50MG/25MGMG/MG	B/28	COMP.
CAPTOPRIL LS	25MG	B/30	COMP.SEC.
CAPTOPRIL LS	50MG	B/30	COMP.SEC.
CAPTOPRIL NORMON	25MG	B/30	COMP.
CAPTOPRIL NORMON	50MG	B/30	COMP.
CAPTOPRIL RIVO	25MG	B/20	COMP.
CAPTOPRIL RIVO	50MG	B/20	COMP.
CAPTOPRIL-MERCK	50MG	B/30	COMP.SEC.
CARBATOL	200MG	B/30	COMP.
CARBAZINE	200MG	B/30	COMP.
CARBIMAZOLE BR	5MG	BTE/50	COMP.SEC.
CARBIMAZOLE GROUPE SANTE	5G	B/50	COMP.
CARBIMOL	200MG	BTE/30	COMP.PELLI
CARBIMOL LP	400MG	BTE/30	COMP.PELL.S
CARBOGEN	2.5MG/G	FL/10 G	GEL OPHTALM
CARDAXEL BGL	16MG	BTE/30	COMP.SEC.
CARDAXEL BGL	8MG	BTE/30	COMP.SEC.
CARDAXEL PLUS	16MG/12.5MG	BTE/30	COMP.
CARDAXEL PLUS	8MG/12.5MG	BTE/30	COMP.
CARDEX	25MG	BTE/30	COMP.SEC.
CARDEX	6.25MG	BTE/30	COMP.SEC.
CARDIMED	40MG	BTE/30	COMP.
CARDIMED	80MG	BTE/30	COMP.
CARDINOL BGL	100MG	BTE/30	COMP.PELLI.
CARDINOL BGL	50MG	BTE/30	COMP.PELLI.
CARDIOBIL	1G/10ML	B/10	SOL.BUV.
CARDIOFLUX	75MG/75MG	BTE/30	COMP.
CARDIOL	200MG	B/30	COMP.
CARDIOL	400MG	B/30	COMP.ENROB.
CARDIOPRIL	25MG	B/20	COMP.
CARDIOPRIL	50MG	B/20	COMP.
CARDIOSAFE	10MG	BTE/30	COMP.ENROB.
CARDIOTENS	150MG	BTE/30	COMP.PELLI
CARDIOTENS 300	300MG	BTE/30	COMP.PELLI
CARDIOVEL	12.5MG	BTE/30	COMP.SEC.
CARDIOVEL	25MG	B/30	COMP.SEC.
CARDIOVEL	3.125MG	BTE/30	COMP.SEC.
CARDIOVEL	6.25MG	B/30	COMP.SEC.
CARDIPEN LP	50MG	BTE/60	MICROG LP E
CARDIPINE	10MG	B/100	COMP.
CARDIPINE	10MG	BTE/30	COMP.PELLI.
CARDIPINE	20MG	B/100	COMP.
CARDITAL	200MG	B/20	COMP.
CARDITAL	200MG	BTE/30	COMP.PELLI
CARDIX	75MG	B/30	COMP.PELLI
CARDOL	100MG	B/20	COMP.
CARDOLAX	100MG	BTE/30	COMP.
CARDOMYL	40MG	BTE/30	COMP.
CARDOMYL	80MG	BTE/30	COMP.
CARDOMYL PLUS	40MG/12.5MG	BTE/30	COMP.
CARDOMYL PLUS	80MG/12.5MG	BTE/30	COMP.
CARDOMYL PLUS	80MG/25MG	BTE/30	COMP.
CARDOX	1MG	B/30	COMP.
CARDOX	2MG	BTE/30	COMP.SEC.
CARDOX	4MG	B/30	COMP.
CARDULAR	1MG	B/20	COMP.
CARDULAR	2MG	B/20	COMP.
CARDULAR	4MG	B/20	COMP.
CAREFER	50MG/5ML	FL/100ML	SIR.
CAREFER	50MG/ML	FL/30 ML	SOL.BUV.GTT
CARPILO	2%	FL/3 ML	COLLY.
CARTEOL	1%	FL/3 ML	COLLY.
CARTEOL	2%	FL/3 ML	COLLY.
CARTEOL LP	1%	FL/3ML	COLLYRE.SOL
CARTEOL LP	2%	B/30 RECIP DE 0.2ML	COLLYRE LP
CARTEOL LP	2%	FL/3ML	COLLYRE.SOL
CARVEDILOL LDM	25MG	BTE/30	COMP.SEC.
CARVEDILOL LDM	6.25MG	BTE/30	COMP.SEC.
CASODEX	50MG	B/30	COMP.ENRO.
CASOMIDE	50MG	BTE/30	COMP.PELLI
CATACOL	1MG/ML	FL/10 ML	COLLY.
CATAFENAC	50MG	BTE/20	COMP.PELLI
CATAFLAM	50MG	BTE/20	COMP.ENRO.
CATALGINE	100MG	B/20	PDRE.OR.
CATALGINE	500MG	B/20	PDRE.OR.
CATAPRESSAN	0.15MG	B/20	COMP.
CATAPRESSAN	0.15MG/ML	B/30	SOL.INJ.
CATEOL LP	2%	FL/3 ML	COLLYRE.SOL
CAZAR	16MG/10MG	BTE/30	COMP.
CAZAR	16MG/5MG	BTE/30	COMP.
CAZAR	8MG/5MG	BTE/30	COMP.
CEBEMYXINE	340000UI/1	TUBE/100G	PDE.OPHT.
CEBEMYXINE	3400UI/10000U	FL/10 ML	COLLY.
CEBENICOL	0.40%	FL/5 ML	COLLY.
CEBENICOL	1%/5G	T/5 G	PDE.OPHT.
CEBESINE	0.40%	FL/10 ML	COLLY.
CEBREX 100	100MG	BTE/20	GLES.
CEBREX 100	100MG	BTE/30	GLES.
CEBREX 200	200MG	BTE/10	GLES.
CEBREX 200	200MG	BTE/30	GLES.
CEDILANIDE	0.4MG/2ML(0.2MG/ML)	B/5 AMP	SOL.INJ.
CEDILANINE	0.4MG/2ML(0.2MG/ML)	B/6 AMP	SOL.INJ.
CEDROX	1G	BTE/12	COMP.
CEDROXAL	1G	BTE/12	COMP.
CEFACET G	1G	B/6	COMP.
CEFACET G	250MG	B/12	GRLES.
CEFACET GE	500MG	B/10	COMP.
CEFACIDAL	1G	B/1+1 DE 5ML	SCULAIRE PDRE.SOL.IN
CEFALIZOL HUP 1 G	1G	B/FL PDR+01 AMP SOLV	PDRE SOL IN
CEFAMEZIN	1G	B/1+1	INEUSE PDRE.SOL.IN
CEFAMEZIN	1G	B/1+1	SCULAIRE PDRE.SOL.IN
CEFAMEZIN	500MG	BT/1+1	SCULAIRE PDRE.SOL.IN
CEFAZAL	1G/FLACONDEPOUDRE	B1FL PDR/AMP SOLV5ML	PDR SOLV SO
CEFAZOL	200MG/ML(1G/5ML)	1FL+1AMP 5ML(1G/5ML)	PDR SOLV SO
CEFAZOLINE	1G	B/1+1	PDRE.SOL.IN
CEFAZOLINE FLAVELAB	1G	B/1+1	PDRE.SOL.IN
CEFAZOLINE PANPHARMA	1G	B/1 AMP DE 5ML	INEUSE PDRE.SOL.IN
CEFAZOLINE SODIUM	1G	B/1+1	PDRE.SOL.IN
CEFIKEN	200MG	BTE/08	COMP.PELLI
CEFIMAX	100MG/5ML	FL/40 ML	PDRE.P/SUSP
CEFIMAX	200MG	BTE/08	COMP.PELLI
CEFIMAX	200MG	BTE/14	COMP.PELLI
CEFIMAX	40MG/5ML	FL/40 ML	PDRE.P/SUSP
CEFIX	100MG/5MLMG/ML	FL/30ML	PDRE.P/SUSP
CEFIX	100MG/5MLMG/ML	FL/60ML	PDRE.P/SUSP
CEFROZINE	250MG	BTE/10	COMP.PELLI
CEFROZINE	500MG	BTE/10	COMP.PELLI
CEFUCARE	250MG	BTE/10	COMP.
CEFUTIL	250MG	B/10	COMP.
CELEBREX	100MG	B/20	GLES.
CELEBREX	200MG	B/10	GLES.
CELEBREX	200MG	BTE/15	GLES.
CELEBREX	200MG	BTE/30	GLES.
CELECOBREX HUP	100MG	BTE/20	GLES.
CELECOBREX HUP	200MG	BTE/30	GLES.
CELECOMEX	100MG	BTE/20	GLES.
CELECOMEX	200MG	BTE/10	GLES.
CELECOMEX	200MG	BTE/30	GLES.
CELECOX	100MG	BTE/10	GLES.
CELECOX	100MG	BTE/30	GLES.
CELECOX	200MG	BTE/10	GLES.
CELECOX	200MG	BTE/30	GLES.
CELECOXIB BEKER	100MG	BTE/20	GLES.
CELECOXIB BEKER	200MG	BTE/10	GLES.
CELECOXIB BEKER	200MG	BTE/30	GLES.
CELECOXIB LDM	100MG	BTE/20	GLES.
CELECOXIB LDM	200MG	BTE/10	GLES.
CELECOXIB NOVAGENERICS	100MG	B/20	GLES.
CELECOXIB NOVAGENERICS	200MG	BTE/10	GLES.
CELECOXIB NOVAGENERICS	200MG	BTE/30	GLES.
CELECOXIB PHYSIOPHARM	200MG	BTE/10	GLES.
CELECOXIB PHYSIOPHARM	200MG	BTE/30	GLES.
CELESTENE	0.50G/100ML	FL/30 ML	GTTES.BUV.
CELESTENE	0.5MG	B/30	COMP.
CELESTENE	0.5MG/ML	FL COMP-GTTES 30ML	SOL.BUV.GTT
CELESTENE	0.5MG/ML	FL/30ML	GTTES.BUV.
CELESTENE	2MG	B/20	CP DISP.SEC
CELESTENE CHRONODOSE	2.70MG/3MG	B/1AMP DE 1ML+ SERIN	SUSP.INJ.
CELESTENE CHRONODOSE	2.7MG+3MG	B/1+1 +SERINGUE + 2	SUSP.INJ.
CELESTINAD CHRONODOSE	2.7MG/3MG	BTE/01 SERINGUE	SUSP.INJ.
CELETASONE	0.05%	TUBE/15G	CRE.DERMIQU
CELETASONE	0.5MG/ML(0.05%)	FL/30 ML	SOL.BUV.GTT
CELETASONE	2MG	BTE/20	COMP.DISPER
CELEXAL	200MG	BTE/10	GLES.
CELEXAL	200MG	BTE/20	GLES.
CELEXAL	200MG	BTE/30	GLES.
CELOFON ENFANTS	30MG	BTE/30	PDR ORAL SA
CELOFON NOURRISSONS	10MG	BTE/16	PDR ORAL SA
CELOPRAM	10MG	BTE/30	COMP.PELLI.
CELOPRAM	20MG	BTE/30	COMP.PELLI.
CELOPRAM	20MG/ML	B/1 FL 30 ML COMP GT	SOL.BUV.GTT
CELOXIB	100MG	B/20	GLES.
CELOXIB	200MG	B/10	GLES.
CELVEX	100MG	BTE/20	GLES.
CELVEX	200MG	BTE/10	GLES.
CELVEX	200MG	BTE/15	GLES.
CELVEX	200MG	BTE/30	GLES.
CELVEX	200MG	BTE30	GLES.
CEPHADAR	125MG/5MLMG/5ML	FL/100 ML	PDR SUSP OR
CEPHADAR	250MG	B/20	GLES.
CEPHADAR	250MG/5MLMG/ML	FL/100 ML	PDRE.OR.
CEPHADAR	500MG	B/20	GLES.
CEPHALEX	250MG/5MLMG/ML	FL/100 ML	PDRE.OR.
CEPHALEX	500MG	B/20	GLES.
CEPHALEXIN	250MG	B/20	GLES.
CEPOREX	125MG/5ML	FL/60 ML	SUSP.BUV.
CEPOREX	250MG	BTE/12	COMP.
CEPOREX	500MG	B/12	COMP.
CERAZETTE	0.075MG	BTE/28	COMP.
CERIN	10MG	B/10	COMP.PELLI
CERVEX	5MG	B/30	COMP.
CETADOL	325MG/37.5MG	BTE/20	GLES.
CETALGINE	100MG	B/10	SUPPO.
CETALGINE	150MG	B/10	SUPPO.
CETALGINE	200MG	BT/10	SUPPO.
CETALGINE	300MG	BT/10	SUPPO.
CETAMYL	125MG/ML	B/12	SUSP.BUV.
CETAMYL	500MG	B/20	COMP.
CETAPRANE	500MG	B/20	COMP.
CETIRIPEX	10MG	BTE/07	COMP.PELLI.
CETIRIPEX	10MG/ML	FL/15ML	SOL.BUV.GTT
CETIRIZINE GL	10MG/ML	FL/15 ML	SOL.BUV.GTT
CETIRIZINE MERCK	10MG	B/15	COMP.PELLI.
CETIRIZINE MYLAN	10MG	BTE/15	COMP.PELLI.
CETIRIZINE PHYSIOPHARM	10MG	BTE/10	COMP.PELLI.
CETIRIZINE PHYSIOPHARM	10MG/ML	FL/30 ML	SOL.BUV.GTT
CETORNAN	5G	B/10 SACHETS	PDRE.OR.
CETROTIDE	0.25MG	BTE/1FL	PDRE+SOL.P/
CETROTIDE	3.00MG	BTE/1 FL	PDRE+SOL.P/
CETRYN	10MG	B/10	COMP.
CHARBON ACTIVE IVAL	300MGBMG	BTE/40	COMP.
CHARBONEL	300MG	BTE/20	COMP.
CHECK 3		BTE/90 BANDELETTES	BANDELETTE
CHIBRO-CADRON	350000UI/100MG/%	FL/5 ML	COLLY.
CHIBRO-PROSCAR	5MG	B/28	COMP.
CHIBROGEN	3MG/ML(0.3%)	FL/5 ML	COLLY.
CHIBROXINE	3MG/ML(0.3%)%/5ML	FL/5 ML	COLLY.
CHLORAMPHENICOL	1%/5G	T/5 G	PDE.OPHT.
CHLORDIAZEPOXIDE	10MG	B/10	COMP.
CHLOROQUINE	100MG	B/30	COMP.
CHLORPROMAZINE	25MG	B/10 AMP DE 5ML	SOL.INJ.
CHLORPROMAZINE	4%	FL/30 ML	GTTES.BUV.
CHLORURE DE SODIUM	0.9%	B/5ML	AMP.INJ.
CHLORURE DE SODIUM	0.9%/5ML	B/100 AMP	SOL.INJ.
CIBACALCINE	0.5MG	B/5 FL+5AMP	PDRE.SOL.IN
CICLOPLEGICEDOL	10MG/ML(1%)	FL/ 5ML	COLLYRE.SOL
CICOLINA	100MG/ML	FL/60ML	SOL.BUV.
CICONA BGL	100MG/ML	FL/30 ML	SOL.BUV.
CICONA BGL	100MG/ML	FL/60 ML	SOL.BUV.
CIFLODINE	5MG	BTE/60	GLES.
CIFLOXACINE	500MG	BTE/10	COMP.PELLI.
CILOXAN	0.3%(0.3G/100ML)G/ML	FL/5ML	COLLY.
CILVERIN	1%	T/30G	CRE.
CINNOVEX	30G/0.5ML	B/04 SERINGUES 0.5ML	SOL.INJ SER
CIPANFENO	1MG	B/100	GLES.
CIPLIN	200MG/40MG/5ML	FL/100 ML	SUSP.BUV.
CIPLIN	400MG/80MG	B/20	COMP.
CIPRIN	2.5MG	B/60	COMP.
CIPRIN	5MG	B/60	COMP.
CIPRO	0.3%	FL/5ML COMPTE-GOUTTE	COLLY.
CIPRO 500	500MG	BTE/14	COMP.PELLI
CIPRO 750	750MG	BTE/14	COMP.PELLI
CIPRODAR	0.3%	FL/5 ML	COLLY.
CIPRODAR	0.30%	FL/10ML	COLLY.
CIPRODAR	250MG	B/10	COMP.
CIPRODAR	500MG	B/10	COMP.
CIPROFLOXACINE BEKER	500MG	BTE/10	COMP.PELLI.
CIPROFLOXACINE BEKER	750MG	BTE/10	COMP.PELLI
CIPROFLOXACINE BIOCARE	250MG	BTE/10	COMP.PELLI
CIPROFLOXACINE BIOCARE	500MG	BTE/10	COMP.PELLI
CIPROFLOXACINE IBERAL	250MG	BTE/10	COMP.PELLI
CIPROFLOXACINE IBERAL	500MG	BTE/10	COMP.PELLI
CIPROFLOXACINE WINTHROP	500MG	BTE/10	COMP.PELLI
CIPROFLOXAL	250MG	BTE/10	COMP.PELLI
CIPROFLOXAL	500MG	BTE/10	COMP.PELLI.
CIPROLON	200MG	B/01FL	SOL.INJ.
CIPROLON	250MG	B/10	COMP.
CIPROLON	500MG	B/10	COMP.
CIPROLON	750MG	BTE/10	COMP.
CIPROMAX	250MG	B/10	COMP.PELLI
CIPROMAX	500MG	B/10	COMP.PELLI
CIPROMAX	750MG	BTE/10	COMP.ENROB.
CIPROTEK	0.30%	FL/5 ML	COLLY.
CIPROTEK	250MG	BTE/10	COMP.PELLI
CIPROTEK	500MG	BTE/10	COMP.PELLI
CIPROVAL	250MG	B/10	COMP.PELLI
CIPROVAL	500MG	B/10	COMP.ENRO.
CIRBESA	10MG	BTE/30	COMP.PELLI.
CIRBESA	5MG	BTE/30	COMP.PELLI.
CIREXA	200MG	BTE/10	GLES.
CIREXA 100 MG	100MG	BTE/20	GLES.
CITAL	50MG	B/10	COMP.
CITICOLINE GL	100MG/ML	FL/40ML	SOL.BUV.
CITICOLINE ISO	100MG/ML	FL/50ML	SOL.BUV.GTT
CITIGEN	0.25MG/ML	FL/5 ML	COLLYRE.SOL
CITIZEN	300MG	B/10	COMP.LP.
CITOPLEX	10MG	BTE/30	COMP.PELLI.
CITOPLEX	20MG	BTE/30	COMP.PELLI.
CITOPLEX	5MG	BTE/30	COMP.PELLI
CLAMENTIN 625	500MG/125MG	B/12	COMP.
CLAMOCLAV	1000MG/125MG	BTE/12 SACHETS	PDRE.P/SUSP
CLAMOCLAV ENFANT	100MG/12.5MG	FL/60 ML	PDRE.P/SUSP
CLAMOCLAV NOURISSON	100MG/12.5MG	FL/30 ML	PDRE.P/SUSP
CLAMOX	500MG	B/12	GLES.
CLAMOXYL	1G	B/1 AMP	PDRE.SOL.IN
CLAMOXYL	1G	B/12	COMP.DISPER
CLAMOXYL	1G	B/14	COMP.DISPER
CLAMOXYL	1G	B/6	COMP.DISPER
CLAMOXYL	250MG/5ML	FL/60 ML	PDRE.OR.
CLAMOXYL	500MG	B/12	GLES.
CLAMOXYL	500MG/5MLMG/ML	FL/60ML	PDRE.SOL.BU
CLAMOXYL	500MG/ML	BT 1+1	PDRE.SOL.IN
CLAMOXYL	500MGIM	B/12	PDRE.SOL.IN
CLAMOXYPEN	1G/200MG/FL	B/20 FLACONS	PDRE PREP I
CLAMOXYPEN ENFANTS	100MG/12.5MG/ML	FL/60 ML	PDRE.P/SUSP
CLAMOXYPEN NOURRISSONS	100MG/12.5MG/ML	FL/30 ML	PDRE.P/SUSP
CLAMUDEX	50MG	BTE/30	COMP.PELLI
CLARADINE	0.1%(5MG/5ML)MG/ML	FL/60ML	SOL.BUV.
CLARAMINE	2MG	B/30	COMP.
CLARANTIN	100MG	B/20	GLES.
CLARDINE	0.1%(0.1G/100ML)G/ML	FL/60ML	SOL.BUV.
CLARIDAR 125	125MG/5ML	FL/60ML	PDRE.P/SUSP
CLARIDAR 250	250MG	B/14	COMP.PELLI
CLARIDAR 250	250MG/5MLMG/ML	FL/100ML	PDRE.P/SUSP
CLARIDAR 500	500MG	B/14	COMP.PELLI
CLARISCAN	0.5MMOL/ML	FL/10 ML	SOL.INJ.
CLARISCAN	0.5MMOL/ML	FL/15 ML	SOL.INJ.
CLARISCAN	0.5MMOL/ML	FL/20 ML	SOL.INJ.
CLARITAL	500MG	BTE/14	COMP.PELLI
CLARITHRO	25MG/ML	FL/60 ML	GRLES.SUSP.
CLARITHRO	500MG	BTE/14	COMP.PELLI
CLARITHRO	50MG/ML	FL/60 ML	GRLES.SUSP.
CLARITHROMYCINE GEO	500MG	B/14	COMP.PELLI
CLARITHROMYCINE NS	500MG	BTE/14	COMP.PELLI
CLARITT	250MG/5MLMG/ML	FL/70ML	SUSP.ORL.
CLARITT	500MG	B/14	COMP.PELLI
CLARITYNE	10MG	B/10	COMP.
CLARITYNE	5MG/5MLMG/CAC	FL/60 ML	SIR.
CLARYMED	10MG	B/10	COMP.SEC.
CLAVAMOX	500MG/125MG	B/12	COMP.PELLI
CLAVAMOX	500MG/62.5MG	B/16	COMP.PELLI
CLAVODAR 1G	875MG/125MG	BTE/14	COMP.PELLI
CLAVODAR 200/28.5	200MG/28.5MG/5ML	FL/70ML	PDRE.P/SUSP
CLAVODAR 625	500MG/125MG	BTE/14	COMP.PELLI
CLAVODAR FORTE 400/57	400MG/57MG/5MLMG/ML	FL/70ML	PDRE.P/SUSP
CLAVODEX	1000MG/125MG	BTE/12	PDR SOLBUV
CLAVODEX	1000MG/125MG	BTE/14	PDR SOLBUV
CLAVODEX	100MG/12.5MG/ML	FL/30 ML	PDRE.P/SUSP
CLAVODEX	100MG/12.5MG/ML	FL/60 ML	PDRE.P/SUSP
CLAVODEX	250MG/62.5MG/5ML	FL/60ML	PDRE.P/SUSP
CLAVODEX	500MG/125MG	BTE/12	COMP.PELLI
CLAVODEX	500MG/62.5MG	BTE/12	PDR SOLBUV
CLAVODEX	500MG/62.5MG	BTE/14	PDR SOLBUV
CLAVODEX	500MG/62.5MG	BTE/16	COMP.PELLI
CLAVODEX	500MG/62.5MG	BTE/24	COMP.PELLI
CLAVODEX DUO	400MG/57MG/5ML	FL/35 ML	PDRE.P/SUSP
CLAVODEX DUO	400MG/57MG/5ML	FL/70ML	PDRE.P/SUSP
CLAVODEX DUO	875MG/125MG	BTE/10	COMP.PELLI
CLAVODEX DUO	875MG/125MG	BTE/12	COMP.PELLI
CLAVOR	100MG/12.5MG/ML	FL/60ML	PDRE.P/SUSP
CLAVOR	1G/125MG	BTE/12 SACHETS	PDRE SUSP B
CLAVOR	500MG/62.5MG	BTE/16	COMP.
CLAVUCILLINE	125MG/31.25MG/5MLMG/ML	FL/60ML	PDRE.P/SUSP
CLAVUCILLINE	250MG/62.5MG/5ML	FL/60 ML	PDRE.P/SUSP
CLAVUCILLINE	500MG/125MG	B/12	COMP.ENRO.
CLEAN- ACNE	1%	TUBE /30G	GEL.APPL.LO
CLEAN- ACNE	1%(1GPOUR100ML)	FL/30 ML	SOL APPL LO
CLENIL	50G/BOUFFEE	FL/200 DOSES	AERO.
CLENIL 250	250G/BOUFFEE	FL/200 DOSES	AERO.
CLIMASTON	1MG/10MG	BT/28	COMP.PELLI
CLIMASTON	1MG/5MG	BT/28	COMP.PELLI
CLIMASTON	2MG/10MG	B/28	COMP.PELLI
CLIMENE	2MG/1MG	B/21	COMP.ENRO.
CLINARAM	150MG	B/16	GLES.
CLINDACIN	150MG	B/16	GLES.
CLINDAMYL	150MG	B/16	GLES.
CLINIMYCIN	150MG	B/16	GLES.
CLOBECORT	0.05%	TUBE/15 G	CRE.DERMIQU
CLOBECORT	0.05G/100G(0.05%)	TUBE/15G	PDE.
CLOBENAT	0.05G/100G	TUBE/45 G	PDE.DERM.
CLODIPRAL	75MG	BTE/30	COMP.PELLI
CLOFEN	50MG	BTE/30	COMP PELL G
CLOFENAL	100MG	B/10	SUPPO.
CLOFENAL	25MG	B/10	SUPPO.
CLOFENAL	50MG	BTE/30	GLE.MICRO.G
CLOFENAL	75MG/3ML	B/2AMP	SOL.INJ.
CLOFENAL LP	100MG	B/20	GLES GR LP
CLOFENAL LP	75MG	B/30	GLES.LP.
CLOFRANIL	25MG	B/50	COMP.
CLOFRANIL	25MG	BTE/50	COMP.
CLOGEL	1%	T/30 G	GEL
CLOMICINE	1%	T/5G	PDE.OPHT.
CLOMID	50MG	B/5	COMP.
CLOMIDINE	50MG	B/10	COMP.
CLOMIFERT	50MG	B/10	COMP.
CLOMINE	50MG	BTE/10	COMP.
CLOMYCINE	1%	TUBE/5 G	PDE.OPHT.
CLOMYCINE	3%	T/15 G	PDE.DERM.
CLONA	2.5MG/ML	FL/20ML	SOL.BUV.GTT
CLONA	2MG	BTE/20	COMP.
CLONAPRIME	10MG	BTE/60	COMP.PELLI
CLONAPRIME	25MG	BTE/30	COMP.PELLI
CLONAPRIME	75MG	BTE/20	COMP.PELLI.
CLONIDEX	0.15MG/ML	BTE/30 AMPOULES	SOL.INJ.IM/
CLOPIDOGREL IVAL	75MG	BTE/28	COMP.PELLI
CLOPIDOGREL LDM	75MG	BTE/30	COMP.PELLI
CLOPIDOGREL NOVAGENERICS	75MG	PILULIER/30	MICROGRAN E
CLOPIDROL	75MG	BTE/28	GLES.
CLOPIVAL	75MG	BTE/28	COMP.PELLI
CLOPIX	75MG	BTE/30	COMP.
CLOPLAV	75MG	BTE/30	COMP.ENRO.
CLOPRAMID	0.1G%/125ML	FL/125 ML	SOL.BUV.
CLOPRAMID	10MG	B/40	COMP.
CLOPRAMID	10MG/2ML	B/50	SOL.INJ.
CLORACEF FORTE	500MG	BTE/16	GLES.
CLORACEF FORTE 250	250MG/5ML	FL/75ML	GRLES.SUSP.
CLORACEF MR	500MG	BTE/10	COMP.PELLI
CLORACEF MR	750MG	BTE/10	COMP.PELLI
CLORAFAL	250MG/5ML	FL/60ML	PDRE.P/SUSP
CLORAFAL	500MG	BTE/16	GLES.
CLORAMID	10MG	B/40	COMP.
CLORAXENE	10MG	B/30	GLES.
CLORAXENE	5MG	B/30	GLES.
CLORESAL	10MG	BTE/50	COMP.SEC.
CLOTASOL	0.05%	T/45G	PDE.DERM.
CLOTASOL	0.05%	TUBE/45G	CRE.DERMIQU
CLOTASOL	0.05%	TUBE/45G	GEL.APPL.CA
CLOTERMEX	1%	TBE/30G	CRE.DERM.
CLOVIR	200MG	B/25	COMP.
CLOVIR	200MG	BTE/30	COMP.
CLOVIR	5%	T/10 G	CRE.
CLOVIRAX	200MG	BTE/30	COMP.
CLOVIRAX	5%	TUBE/10G	CRE.DERM.
CLOVIRAX	5%	TUBE/2 G	CRE.DERM.
CLOXTON	200MG	BTE/20	COMP.PELLI.
CO APROSART	150MG/12.5MG	BTE/30	COMP.ENRO.
CO APROSART	300MG/12.5MG	BTE/30	COMP.ENRO.
CO APROSART	300MG/25MG	BTE/30	COMP.PELLI
CO ARBITAN	160MG/25MG	BTE/30	COMP.PELLI
CO AVASART	150MG/12.5MG	BTE/30	COMP.PELLI
CO AVASART	300MG/12.5MG	BTE/30	COMP.PELLI
CO AVASART	300MG/25MG	BTE/30	COMP.PELLI
CO BIPROTENS	10MG/6.25MG	BTE/30	COMP.PELLI
CO BIPROTENS	5MG/6.25MG	BTE/30	COMP.PELLI
CO IRBEVEL	150MG/12.5MG	BTE/30	COMP.ENRO.
CO IRBEVEL	300MG/12.5MG	BTE/30	COMP.ENRO.
CO SARCAND	8MG/12.5MG	BTE/30	COMP.
CO SARTEG	160MG/25MG	B/30	COMP.ENRO.
CO SARTEG	320MG/25MG	BTE/30	COMP.PELLI
CO TABUVAN	160MG/12.5MG	BTE/30	COMP.PELLI
CO TABUVAN	160MG/25MG	BTE/30	COMP.PELLI
CO TAROVAL	80MG/12.5MG	BTE/30	COMP.PELLI
CO TENSOTEL	40MG/12.5MG	BTE/30	COMP.
CO TENSOTEL	80MG/12.5MG	BTE/30	COMP.
CO TENSOTEL	80MG/25MG	BTE/30	COMP.
CO VALASTAN	160MG/12.5MG	BTE/28	COMP.PELLI
CO VALASTAN	160MG/25MG	BTE/28	COMP.PELLI
CO VALASTAN	160MG/25MG	BTE/30	COMP.PELLI
CO VALASTAN	80MG/12.5MG	BTE/28	COMP.PELLI
CO VALASTAN	80MG/12.5MG	BTE/30	COMP.PELLI
CO VALSARTAN IVAL	160MG/12.5MG	BTE/30	COMP.PELLI
CO VAREG	80MG/12.5MG	BTE/30	COMP.PELLI
CO-APRIVAL	150MG/12.5MG	BTE/30	COMP.PELLI
CO-APRIVAL	300MG/12.5MG	BTE/30	COMP.PELLI
CO-APRIVAL	300MG/25MG	BTE/30	COMP.PELLI
CO-ARADEX 150/12.5	150MG/12.5MG	BTE/30	COMP.
CO-ARADEX 300/12.5	300MG/12.5MG	BTE/30	COMP.
CO-ARADEX 300/25	300MG/25MG	BTE/30	COMP.
CO-ARBITAN	160MG/12.5MG	BTE/30	COMP.PELLI
CO-ARBITAN	80MG/12.5MG	BTE/30	COMP.PELLI
CO-ATABEK	8MG/12.5MG	BTE/30	COMP.SEC.
CO-ATABEK	BTE/30	16MG/12.5MG	COMP.SEC.
CO-BEKERDIS	40MG/12.5MG	BTE/30	COMP.
CO-BEKERDIS	80MG/12.5MG	BTE/30	COMP.
CO-BEKERDIS	80MG/25MG	BTE/30	COMP.
CO-BISOPROLOL BEKER	10MG/6.25MG	BTE/30	COMP.PELLI
CO-BISOPROLOL BEKER	5MG/6.25MG	BTE/30	COMP.PELLI
CO-DOLYC	500MG/30MG	BTE/20	COMP.
CO-HYSARTAN	50MG/12.5MG	BTE/28	COMP.PELLI
CO-IRBEDIM	150MG/12.5MG	BTE/30	COMP.PELLI
CO-IRBEDIM	300MG/12.5MG	BTE/30	COMP.PELLI
CO-IRBEDIM	300MG/25MG	BTE/30	COMP.PELLI
CO-IRBEK	150MG/12.5MG	BTE/30	COMP.PELLI
CO-IRBEK	150MG/12.5MG	BTE/90	COMP.PELLI
CO-IRBEK	300MG/12.5MG	BTE/28	COMP.PELLI
CO-IRBEK	300MG/12.5MG	BTE/30	COMP.PELLI
CO-IRBEK	300MG/12.5MG	BTE/90	COMP.PELLI
CO-IRBEK	300MG/25MG	BTE/30	COMP.PELLI
CO-IRBEK	300MG/25MG	BTE/90	COMP.PELLI
CO-IRBEVEL	150MG/12.5MG	BTE/30	COMP.PELLI
CO-IRBEVEL	300MG/12.5MG	BTE/30	COMP.PELLI
CO-IRBEVEL	300MG/25MG	BTE/30	COMP.PELLI
CO-IRBEZART	150MG/12.5MG	BTE/30	COMP.PELLI
CO-IRBEZART 300MG+12.5MG	300MG/12.5MG	BTE/30	COMP.PELLI
CO-IRBEZART 300MG+25MG	300MG/25MG	BTE/30	COMP.PELLI
CO-LIPIRINAD	160MG/25MG	BTE/28	COMP.PELLI
CO-LIPIRINAD	80MG/12.5MG	BTE/28	COMP.PELLI
CO-NORTA	50MG/12.5MG	BTE/30	COMP.PELLI
CO-NORTA FORT	100MG/25MG	BTE/28	COMP.PELLI.
CO-RETA	160MG/25MG	BTE/30	COMP.PELLI
CO-RETA	80MG/12.5MG	BTE/30	COMP.PELLI
CO-TABUVAN	80MG/12.5MG	BTE/30	COMP.PELLI
CO-TENSOPREL	50MG/25MG	BTE/30	COMP.
CO-VALEX	160MG/12.5MG	BTE/30	COMP.PELLI
CO-VALEX	160MG/25MG	BTE/30	COMP.PELLI
CO-VALEX	80MG/12.5MG	BTE/30	COMP.PELLI
CO-VALSARTAN IVAL	160MG/25MG	BTE/30	COMP.PELLI
COAPROVEL	150/12.5MG	B/28	COMP.
COAPROVEL	300/12.5MG	B/28	COMP.
COAPROVEL	300MG/25MG	BTE/28	COMP.PELLI
COARAVEL	150MG/12.5MG	BTE/30	COMP.PELLI
COBAMINE	1000G/ML	B/5 AMP DE 1ML	SOL.INJ.
COBAMINE	100G/ML		SOL.INJ.
COBAVIT	1000G/2ML	BTE/5 AMPOULES	SOL.INJ ET
COBEKTAL	100MG/25MG	BTE/28	COMP.PELLI
COBEKTAL	100MG/25MG	BTE/30	COMP.PELLI
COBEKTAL	50MG/12.5MG	BTE/28	COMP.PELLI
COBEKTAL	50MG/12.5MG	BTE/30	COMP.PELLI
CODOFEBRIL	500MG/30MG	BTE/16	COMP.EFF.SE
CODOL	400MG/20MG	BTE/20	COMP.
CODOLIPRANE	400MG/20MG	B/16	COMP.
COEXPANDOL	400MG/20MG	BTE/16	COMP.
COLCHICINE HOUDE	1MG	B/20	COMP.
COLCHIMED	1MG	B/20	COMP.
COLCHIMEX	1MG	BTE/20	COMP.
COLECALCIFEROL	200000UI/ML	B/1 AMP	SOL.BUV.
COLESTOR	40MG	BTE/30	GLES.
COLESTOR LP	80MG	BTE/30	COMP.PELL.L
COLICORT	25/1/0.1MUI/%	FL/5 ML	SOL.
COLIMYSTINE	1.5MUI	B/10	COMP.
COLIRCUSI ATROPINE	0.50%	FL/10 ML	COLLY.
COLIRCUSI ATROPINE	1%	FL/10 ML	COLLY.
COLIRCUSI GENTAMICINE	3MG/ML	FL/10 ML	COLLY.
COLIRCUSI GENTAMYCINE	3MG/ML	FL/10 ML	COLLY.
COLIRCUSI NEOMYCINE	0.35%	FL/10 ML	COLLY.
COLISTIN	1000000UI	B/1+1 AMP	PDRE.SOL.IN
COLOBUTINE	100MG	B/20	COMP.
COLOCLEAN	59G/5.68G/1.68G/1.64G/075G/SACG/SACHET	BTE/4	PDR.SOL.BUV
COLOPRIV	100MG	B/30	GLES.
COLOSPASMINE	135MG	B/20	COMP.
COLOSTOP	0.787G/100G	FL/250ML	GRLES.SUSP.
COLOSTOP	100MG	BTE/20	COMP.
COLOSTOP	200MG	BTE/30	COMP.
COLPOSEPT	10MG/200MG	BT/18	COMP.GYNECO
COLPOSEPTINE	10MG/200MG	B/18	COMP.GYNECO
COLPOTROPHINE	10MG	B/10	CAPS.VAG.
COLPOVITAL	10MG	BTE/10	CAPS.MOLLE.
COMAX	25MG	B/30	COMP.
COMAX	50MG	B/20	COMP.
COMBANTRIN	125MG	B/6	COMP.
COMBANTRIN	125MG/2.5ML	FL/15 ML	SIR.
COMTAN	200MG	BTE/30	COMP.PELLI
CONSTILAX (MACROGOL 4000)	10G/SACHET	B/20	PDRE.SOL.BU
CONTRACIDE	4.00/8.00/2.0MG	FL/250 ML	SUSP.BUV.
CONTRAPAQUE 300	300MGD'IODE/MLMG/ML	BTE DE 1FL DE 100ML	SOL.INJ.
CONTRAPAQUE 350	350MGD'IODE/MLMG/ML	B/ DE 1FL DE 100ML	SOL.INJ.
CONVEP	200MG/ML	FL/60ML	SOL.BUV.
CONVERTASE	20MG	B/30	COMP.
CONVERTASE	5MG	B/30	COMP.
CONVULEX	200MG	B/40	CAPS.
CONVULEX	200MG/ML	FL/40 ML	SOLUTE BUV.
CONVULEX	500MG	B/40	CAPS.
CONVULEX	50MG/ML	F/100ML	SIR.ENF.
COPARALGAN	400MG/20MG	BTE/20	COMP.SEC.
COPARAMOL	400MG/20MG	B/20	COMP.
COPARAMOL FORT	500MG/30MG	BTE/20	COMP.
COPRALGIR	400MG/20MG	B/16	COMP.
CORACTEN	20MG	B/30	GLES.LP.
CORDARONE	200MG	B/30	COMP.
CORDIPIN RETARD	20MG	B/30	COMP.LP.
CORDIPINE	10MG	BTE/30	COMP.PELLI.
CORECT	100MG	BTE/30	COMP.SEC.
CORECT	50MG	BTE/30	COMP.
CORED XL	80MG	BTE/30	COMP.PELL.L
CORENIPRIL	10MG/25MG	BTE/40	COMP.SEC.
CORENIPRIL	5MG/12.5MG	BTE/40	COMP.SEC.
CORONAT	25MG	B/30	COMP.
CORONAT	6.25MG	B/30	COMP.
CORONOL	0.3%(3MG/ML)	FL/5 ML	COLLYRE.SOL
COROTREND 10	10MG	B/30	GLES.
CORPRILOR	20MG	B/30	COMP.SEC.
CORPRILOR	5MG	B/30	COMP.SEC.
CORTANCYL	5MG	B/30	COMP.
CORTEN	1%(1G/100G)G/G	T/15G	CRE.DERM.
CORTICOTULLE LUMIERE GM		B/100	GM.
CORTICOTULLE LUMIERE GM		B/30	GM.
CORTICOTULLE LUMIERE PM		B/5 COMPRESSES	PM.
CORTIDAL	15MG/5ML	FL/120 ML	SOL.BUV.
CORTIDAL	1MG/ML	FL/50ML	SOL.BUV.
CORTIDAL	20MG	BTE/20	COMP ORO DI
CORTIDAL	5MG	BTE/30	COMP ORO DI
CORTIDERM	1%	T/10 G	CRE.
CORTILAM	16MG	BTE/20	COMP.SEC.
CORTILAM	4MG	BTE/20	COMP.SEC.
CORTIMAZOL FORT-RATIOPHARM	800/160MG	B/10	COMP.
CORTIMYCINE	1%	T/5 G	PDE.OPHT.
CORTINOVA	10MG	B/25	COMP.
CORTIPRED	20MG	BTE/20	COMP.EFFER.
CORTIPRED ORO	20MG	BTE/20	COMP ORO DI
CORTOLEXAN	80MG/2ML	B/1	AMP.INJ.
CORTORAL	4MG	B/24	COMP.
CORTROSYN	0.25MG	B/1 AMP DE 1ML	PDRE SOL IN
CORTROSYN	0.5MG	B/1 AMP DE 1ML	INEUSE PDRE.SOL.IN
CORTROSYN DEPOT	1MG	B/1 AMP DE 1ML	INEUSE PDRE.SOL.IN
CORTYX	0.05%	T/15 G	PDE.DERM.
CORTYX	0.1%	TUBE/15G	PDE.DERM.
CORVASAL	2MG	B/30	COMP.
CORVASAL	2MG	B/30	COMP.SEC.
CORVASAL	4MG	B/30	COMP.
CORZEM	60MG	B/30	COMP.
COSARCAND	16MG/12.5MG	BTE/30	COMP.
COSARTAN 50	50MG	B/30	COMP.ENROB.
COSARTEG	160MG/12.5MG	BTE/30	COMP.ENRO.
COSARTEG	80MG/12.5MG	BTE/30	COMP.ENRO.
COSOPT	20MG/5MG/ML	B/1FLACON DE 5ML	COLLY.
COSOTIMOL	20MG/5MG/ML	FL/5ML	COLLY.
COSTI	10MG	B/50	COMP.
COTAREG	160MG/12.5MGMG/12.5MG	B/28	COMP.PELLI
COTAREG	160MG/25MGMG/25MG	B/28	COMP.PELLI
COTAREG	80MG/12.5MG	B/28	COMP.PELLI
COTRIM	200MG/40MG/5MLMG/MG	FL/100 ML	SUSP.BUV.
COTRIMAZOLE	200MG/40MG/5ML	FL/100 ML	SUSP.BUV.
COTRIMOXAL	400MG/80MG	B/20	COMP.
COTRIMOXAL FORTE	800MG/160MG	BTE/10	COMP.SEC.
COTRIMOXAL FORTE	800MG/160MG	BTE/20	COMP.SEC.
COTRIMOXAZOLE	200MG/40MG/5ML	FL/100 ML	SUSP.BUV.
COTRIMOXAZOLE	400MG/80MG	B/20	COMP.
COTROSYN	0.25MG/ML	B/1	PDRE.SOL.IN
COTROSYN	0.25MG/ML	B/10	PDRE.SOL.IN
COTROSYN DEPOT	0.5MG/ML	B/1	PDRE.SOL.IN
COVALASTAN	160MG/12.5MG	BTE /30	COMP.PELLI
COVERAM	10MG/10MG	BTE/30	COMP.
COVERAM	10MG/5MG	BTE/30	COMP.
COVERAM	5MG/10MG	BTE/30	COMP.
COVERAM	5MG/5MG	BTE/30	COMP.
COVERSYL	10MG	BTE/30	COMP.PELLI
COVERSYL	4MG	B/30	COMP.SEC.
COVERSYL	5MG	BTE/30	COMP.PELLI.
COVERSYL	8MG	BTE/30	COMP.
COVESTAG	160MG/12.5MG	BTE/30	COMP.PELLI
COVESTAG	80MG/12.5MG	BTE/30	COMP.PELLI
COXIBREX	100MG	BTE/20	GLES.
COXIBREX	100MG	BTE/30	GLES.
COXIBREX	200MG	BTE/10	GLES.
COXIBREX	200MG	BTE/30	GLES.
COXITAB	100MG	BTE/20	GLES.
COXITAB	200MG	BTE/10	GLES.
COXITAB	200MG	BTE/30	GLES.
COZAAR	100MG	B/28	COMP.PELLI
COZAAR	50MG	B/28	COMP.
COZIBRAT	150MG/12.5MG	BTE/30	COMP.PELLI
COZIBRAT	300MG/12.5MG	BTE/30	COMP.PELLI
COZOLAMIDE	20MG/5MG/ML	FL/ 5 ML	COLLY.
CREON	12000UI	B/60	GLES.
CREON 10 000U	150MG	PILULIER/60	GLES.GAST.R
CRESOVAST	10MG	BTE/30	COMP.PELLI
CRESOVAST	20MG	BTE/30	COMP.PELLI
CRESOVAST	40MG	BTE/30	COMP.PELLI
CRESOVAST	5MG	BTE/30	COMP.PELLI
CRESTADIS	10MG	BTE/28	COMP.PELLI
CRESTADIS	20MG	BTE/28	COMP.PELLI
CRESTADIS	5MG	BTE/28	COMP.PELLI
CRESTAT	20MG	BTE/30	COMP.PELLI
CRESTATINE	10MG	BTE/30	COMP.PELLI
CRESTATINE	20MG	BTE/30	COMP.PELLI
CRESTOR	10MG	BTE/30	COMP.PELLI
CRESTOR	20MG	BTE/30	COMP.PELLI
CRESTOR	5MG	BTE/30	COMP.PELLI
CROBENDAZOLE	500MG	B/6	COMP. A CRO
CROBENZAL	15MG	B/10	OV.
CRODERMIN	0.05%	T/30 G	GEL.DERM.
CRODIOM	2%	FL/10 ML	COLLY.
CROFENAC	25MG	B/10	SUPPO.
CROFENON	300MG	B/30	COMP.ENRO.
CROFORMINE	500MG	B/50	COMP.
CROFURIL	100MG	B/30	COMP.
CROFURIL	344MG/100ML	FL/25 ML	SUSP.BUV.
CROMAL-5	5MG	FL/112 DOSES	PDRE.AERO.
CROMEDIL	2%	B30 RECIP UNID 0.3ML	COLLY.
CROMETRINE	0.25MG/ML	FL/10 ML	SOL.BUV.GTT
CROMIZOLE	1%	T/30 G	CRE.DERMIQU
CROMOGLYCATE CHAUVIN	2%	FL/5 ML	COLLY.
CROMOGLYCATE DE SODIUM	2%	FL/5 ML	COLLY.
CROMOLOL	0.25%	FL/5 ML	COLLY.
CROMONAL	2%	FL/10 ML	SOL.NAS.
CROMOSOL	2%2G/100ML	FL/15ML	SOL.NAS.
CRONIDINE	0.15MG	B/20	COMP.
CRONIL	10MG	B/60	DRG.
CRONIL	10MG	BTE/60	DRG.
CRONIL	25MG	B/50	DRG.
CRONIL	75MG	B/20	DRG.
CRONOLONE	0.10%	T/5 G	COLLY.
CRONOLONE	1MG	B/24	COMP.
CRONOLONE	4MG	B/24	COMP.
CRONOLONE-NEO	0.35%/0.1%	T/3 G	PDE.OPHT.
CRONOLONE-NEO-NISTA	10MUI/0.1G/	T/15 G	PDE.
CROPHENICOL	0.40%	FL/5 ML	COLLY.
CROPHENICOL	1%/5G	T/5 G	PDE.OPHT.
CROPHENICOL	125MG/5ML	FL/60 ML	SUSP.BUV.
CROPINE	0.25%	FL/15 ML	COLLY.
CROPINE	0.50%	FL/15 ML	COLLY.
CROPINE	1%	FL/15 ML	COLLY.
CROQUINE	100MG	B/20	COMP.
CROSULCAF	10%/0.5%	FL/10 ML	COLLY.
CROTIAZIDE	50MG/5MG	B/30	COMP.
CROTIROXINE	100G	B/50	COMP.
CROTIROXINE	50G	B/50	COMP.
CROTOLOL	200MG	B/20	COMP.PELLI
CROTOLOL	400MG	B/30	COMP.PELLI
CROVASINE	1%	T/15 G	CRE.DERMIQU
CROVIFENE	50MG	B/10	COMP.
CROVIMAL	500MG	B/12	SUPPO.
CROVIMAZOLE	5MG	B/50	COMP.
CROXIZINE	100MG	B/30	COMP.
CROXIZINE	25MG	B/30	COMP.
CROXYPOL	3G/0.1G	T/15 G	PDE.DERM.
CURACNE	10MG	B/30	CAPSULE MOL
CURACNE	20MG	B/30	CAPSULE MOL
CURACNE	5MG	B/30	CAPSULE MOL
CURAM	125MG/31.25MG/5MLMG/ML	FL/60 ML	SIR.
CURAM	250MG/62.5MG/5ML	FL/60 ML	SIR.
CURAM	500MG/125MG	B/12	COMP.
CURATEC	5MG	B/30	COMP.
CURESTAT	250MG	B/20	GLES.
CUSICROM	2%	FL/30 ML	COLLY.
CUSICROM	2%	FL/30 ML	SPRAY
CUSIMOLOL	0.25%	FL/5 ML	COLLY.
CUSIMOLOL	0.50%	FL/5 ML	COLLY.
CUSIVIRAL	3%	T/4.5 G	PDE.OPHT.
CUTACNYL	10%	T/40 G	GEL
CUTACNYL	2.50%	T/40 G	GEL.DERM.
CUTACNYL	5%	T/40 G	GEL
CYACETINE	60MG	BTE/30	GLS/MICR/GA
CYANOCOBAL	1000G/ML	B/5	SOL.INJ.
CYANOCOBALAMINE	1000G/ML	B/10	SOL.INJ.
CYANOCOBALAMINE	1000G/ML	B/5 AMP DE 1ML	SOL.INJ.
CYCLADOL	191.2MGEQUIV20MGPIROXICAM	B/14	COMP.SEC.
CYCLADOL	20MGPIRO-BETA-CYCLO191.2MG	BTE/14	COMP.EFFER.
CYMBALTA	30MG	BTE/28	GLES.GAST.R
CYMBALTA	60MG	BTE/28	GLES.GAST.R
CYMOXETINE	30MG	BTE/30	GLES.GAST.R
CYMOXETINE	60MG	BTE/30	MICGR GAST
CYPROHETADINE	2MG/5ML	FL/100 ML	SOLUTE BUV.
CYRTEX	10MG/ML	FL/15 ML	SOL.BUV.GTT
CYTOTAM-10	10MG	BTE/30	COMP.
CYTOTAM-20	20MG	BTE/30	COMP.
CYTOTREX	2.50MG	B/20	COMP.
D-THREE	200000UI/ML	BTE/01 AMP 2ML	SOL.INJ.IM
DACROME	2%	FL/10 ML	SOL.NAS.
DACROME	2%%/10ML	FL/10 ML	COLLY.
DACRYOLARMES	1G/100ML	FL/10ML	SOL.OPHT.
DADCROM	2%	F/10ML	SOL.NAS.
DADCROM	2%	FL/10 ML	COLLY.
DAFALGAN	500MG	B/16	GLES.
DAFALGAN CODEINE	500MG/30MGMG/30MG	B/16	COMP.PELLI
DAGHTAN 100	100MG	BTE/30	COMP.PELLI.
DAGHTAN 50	50MG	BTE/30	COMP.PELLI.
DAIVOBET	50G/0.5MG	TUBE/60G	PDE.
DAIVOBET	50G/0.5MG/G	FL/60 G	GEL
DAIVONEX	0.005%	TUBE/30G	CRE.
DAIVONEX	50G/G	T/30 G	PDE.
DAIVOREM	50G/G	TUBE/30 G	PDE.
DAIVOREM PLUS	50G/0.5MG/G	TUBE/60G	PDE.
DAKTARIN	2%	FL/30 G	LOTION
DAKTARIN	2%	T/30 G	GEL.DERM.
DAKTARIN 2%	2G%G%	T/40G	GEL BUCC
DAKTAZOL	2%	TUBE/40G	GEL BUCC
DAKTAZYL	2%	TUBE/40G	GEL BUCC
DANATROL	200MG	B/100	GLES.
DANDREX	2%	FL/100ML	SHAMPOING
DANIPROL	500MG	B/20	COMP.
DAONIL	5MG	B/20	COMP.
DAPAFLUX	10MG	BTE/30	COMP.PELLI
DAPROSAL	0.05G/3G/100G	TUBE/15 G	PDE.
DARISLOR	0.5MG/ML	FL/150 ML	SIR.
DARISLOR	5MG	BTE/15	COMP.PELLI
DARISLOR	5MG	BTE/30	COMP.PELLI
DARLETON	50MG	B/24	COMP.
DAROXIME	125MG	B/10	COMP.
DAROXIME	250MG	B/10	COMP.
DAROXIME	250MG	BTE/14	COMP.PELLI
DARTELIN	400MG	B/20	COMP.LP.
DARTIX	160MG/10MG	BTE/30	GLES.
DARTIX	160MG/5MG	BTE/30	COMP.PELLI
DARTIX	80MG/5MG	BTE/30	GLES.
DARZOX	1.5MG	BTE/30	COMP.PELL.L
DAZIL	75MG	BTE/30	COMP.PELLI
DEBRICALM	100MG	BTE/10	SUPPO.
DEBRIDAT	0.787/(100G)	FL/250 ML	GRLES.
DEBRIDAT	100MG	B/10	SUPPO.
DEBRIDAT	100MG	B/20	COMP.
DEBRIDAT	100MG	B/30	COMP.
DEBRIDAT	200MG	B/30	COMP.PELLI
DEBRIDAT	50MG/5ML	B/5 AMP	SOL.INJ.
DEBRITINE	0.787G/100G(4.8MG/ML)	FL/250ML	GRLES.SUSP.
DEBRITINE	100MG	B/20	COMP.
DEBRITINE	100MG	B/30	COMP.
DEBRITINE	200MG	BTE/30	COMP.
DECA-DURABOLIN	50MG/ML	B/1FL DE 1ML	SOL.INJ.
DECAPEPTYL	0.1MG/1ML	B/7+7	SOL.INJ.
DECAPEPTYL	11.25MG/FLACONDEPOUDRE	B01 FL PDR+01APM 2ML	IS PDR.SOLV.P.
DECAPEPTYL	3.75MG/FLACONDEPOUDRE	B1 FL PDR+01AMP 2ML	PDR.SOLV.P.
DEDOLOR	100MG	B/10	GLES.
DEDROGYL	5G/GOUTTE	FL/10ML	SOL.BUV.
DEDROGYL	5G/GTTTES	FL/10 ML	SOL.BUV.
DEFLAMAC	1%	TUBE/50G	GEL
DEFLAMBETA	0.5MG	B/30	COMP.
DEGRANOL	200MG	B/50	COMP.
DEKTAGEL	2%	TUBE/40G	GEL BUCC
DEMENTILE	10MG	BTE/30	COMP.PELLI
DEMENTILE	5MG	BTE/30	COMP.PELLI
DENACINE	1%(10MG/1ML)	FL/30ML	SOL APPL LO
DENACINE EMULGEL	1%	TUBE/30G	GEL.DERM.
DENORAL	0.2MG/0.75MG/	FL/150ML	SIR.
DENORAL	0.9MG/3.375MG	FL/150ML	SIR.
DENORAL	1/5/30MG	B/20	COMP.
DEPADIUM	10MG	BTE/30	COMP.PELLI
DEPAKINE	200MG	B/40	COMP.
DEPAKINE	200MG/ML	FL/40 ML	SOL.BUV.
DEPAKINE	500MG	B/40	COMP.
DEPAKINE	500MG	B/40	COMP.GASTRO
DEPAKINE CHRONO	333MG/145MG(500MGVAL/SODIUM)	B/30	COMP.PELL.S
DEPO-MEDROL	40MG/ML	B/1 SERINGUE PR REMP	SUSP.INJ.
DEPOLAN 10	10MG	BTE/30	COMP.PELLI
DEPOLAN 5	5MG	BTE/30	COMP.PELLI
DEPONIT NT 10	10MG/24H	B/10	PATCH
DEPONIT NT 5	5MG/24H	B/10	PATCH
DEPREKS	20MG	B/16	GLES.
DEPRESTAT LP	25MG	BTE/60	MICROGRAN L
DEPRETINE	10MG	B/30	COMP.ENRO.
DEPRETINE	20MG	BTE/30	COMP.ENRO.
DEPREX	20MG	BTE/30	COMP.PELLI.
DEPRIDOL	5MG/ML	BTE/05 AMPOULES	SOL INJ.IM.
DEPRISOLE	20MG	BTE/20	COMP ORO DI
DEPRISOLE	5MG	BTE/30	COMP ORO DI
DERMA-T	1%(10MG/ML)	FL/30 ML	SOL APPL LO
DERMADINE	10%	FL/50 ML	SOL APPL LO
DERMAFINE	1%	TUBE/15G	CRE.
DERMAFINE	250MG	BTE/16	COMP.SEC.
DERMASONE	0.05%	FL/15G	LOTION DERM
DERMASONE	0.05%	TUBE/15G	PDE.DERM.
DERMASONE	0.1%	T/15G	PDE.DERM.
DERMAZIN	1%	T/25 G	CRE.
DERMAZOLE	2%	T/20G	CRE.DERM.
DERMESTRIL	25G/24H	B/8	PATCH
DERMESTRIL	50G/24H	B/8	PATCH
DERMOBACTER	0.200G/0.500G/100ML	FL/300ML	SOL.APP.CUT
DERMOCONAZOLE	2%	TUBE/20 G	CRE.
DERMOFIX	2%	T/100G	GEL
DERMOFIX	2%	TUBE/20 G	CRE.
DERMONYX	2%	TUBE/15G	CRE.
DERMOSA CUSI	100000UI/G	T/30 G	CRE.DERMIQU
DERMOSA CUSI NYSTATINE	100000UI/G	T/30 G	PDE.DERM.
DERMOX	2%	TUBE/20 G	CRE.DERM.
DEROXAT	20MG	B/14	COMP.PELLI.
DESACROVIS	0.5MG	B/30	COMP.
DESACROVIS	50MG	T/30 G	PDE.DERM.
DESDOLE BGL	0.5MG/ML	FL/120 ML	SOL.BUV.
DESDOLE BGL	5MG	BTE/15	COMP.PELLI
DESDOLE BGL	5MG	BTE/30	COMP.PELLI
DESFERAL	500MG	B/1 FLC DE 7.5 ML	SOL.INJ.
DESIRETT	75G	BTE/28	COMP.PELLI
DESLOR	0.5MG/ML	FL/150ML	SIR.
DESLOR	5MG	BTE/15	COMP.PELLI
DESLOR	5MG	BTE/30	COMP.PELLI
DESLORAL	0.5MG/ML	FL/120 ML	SOL.BUV.
DESLORAL	5MG	B/15	COMP.PELLI
DESLORAL	5MG	B/30	COMP.PELLI
DESLORINE	0.5MG/ML	FL/120 ML	SOL.BUV.
DESLOTINE	0.5MG/ML	FL/150 ML	SIR.
DESOGESTREL PHARBIL	75G	BTE/28	COMP.PELLI
DESONETTE	75G	BTE/28	COMP.PELLI
DESONYX	0.1%	T/15 G	CRE.
DESOPRED	100MG/100G	TUBE/15 G	CRE.
DESPAVINE	100MG	BTE/30	COMP.PELLI
DETENPRESS	10MG	BTE/30	COMP.PELLI.
DETENSIEL	10MG	B/30	COMP.PELLI.
DETENSIEL	10MG	BT/28	COMP.PELLI
DEXAGRANE	100MG/340000U	FL/5 ML	COLLY.
DEXAL	0.5MG	B/30	COMP.
DEXALEK	0.5MG	B/30	COMP.
DEXALEK	4MG/ML	B/3 AMP	SOL.INJ.
DEXAMED	0.5MG	B/20	COMP.
DEXAMETHASONE	4MG/ML	B/100 AMP	SOL.INJ.
DEXAMETHASONE INPHA MEDIS	4MG/ML	BTE/05 AMP DE 1 ML	SOL.INJ.IM
DEXAMETHASONE LEURQUIN	4MG/1ML	B/3	SOL.INJ.
DEXAMETHASONE PHOSPHATE	20MG	B/5 AMP DE 5ML	SOL.INJ.
DEXAMETYD	20MG/5ML	BTE/5AMPOULES DE 5ML	SOL.INJ.IM/
DEXAMETYD	4MG/ML	BT/5 AMP 1ML(4MG/ML)	SOL.INJ.IM/
DEXAMEX	350000UI/100MG/%	FL/5 ML	COLLY.
DEXASONE	4ML/ML	B/5 AMP DE 1 ML	SOL.INJ.
DEXCHLORPHENIRAMINE	0.5MG/5ML	FL/125 ML	SIR.
DEXCHLORPHENIRAMINE AFRO	0.5MG/5ML	FL/125ML	SOL.BUV.
DEXILANT	30MG	BTE/14	GLES.LR
DEXILANT	60MG	BTE/14	GLES.LR
DEXOREN	0.25MG	B/20	COMP.
DEXSTOP ENFANTS	0.1%	FL/125ML	SIR.
DEXTHERA	4MG/ML	BTE/05 AMP DE 1ML	SOL.INJ.IM.
DEXTOP 0.2%	0.2%	FL/125ML	SIR.
DI-ALGIC	30MG/400MG	B/20	GLES.
DI-CETALGIC	30MG/400MG	B/20	GLES.
DI-DOLEX	325MG/37.5MG	B/20	COMP.PELLI
DI-HYDAN	100MG	B/60	COMP.
DI-PARACETAL	30MG/400MGMG/MG	B/20	GLES.
DIABAMINE BGL	1G	BTE/30	COMP.PELLI
DIABAMINE BGL	500MG	BTE/50	COMP.PELLI
DIABAMINE BGL	850MG	BTE/100	COMP.PELLI
DIABEN	5MG	B/20	COMP.
DIABENIL	2.5MG	B/60	COMP.
DIABENIL	5MG	B/25	COMP.
DIABENIL	5MG	B/50	COMP.
DIABENIL	5MG	BTE/100	COMP.SEC.
DIABENIL	5MG	BTE/60	COMP.SEC.
DIABENORM	0.5MG	B/30	COMP.
DIABENORM	1MG	B/30	COMP.
DIABENORM	2MG	B/30	COMP.
DIABFORMINE	850MG	B/30	COMP.
DIABFORMINE	850MG	B/90	COMP.
DIABIREL	2MG	B/30	COMP.SEC.
DIABRESIDE	80MG	B/40	COMP.
DIABYL	850MG	B/30	COMP.
DIABYL	850MG	B/60	COMP.
DIACARBOSE	50MG	BTE/30	COMP.
DIACARE	10MG	BTE/16	PDR ORAL SA
DIACARE	30MG	BTE/30	PDR ORAL SA
DIACRO	2MG	B/20	GLES.
DIACTOSE	50MG	BTE/30	COMP.
DIAFURYL	100MG	B/12	GLES.
DIAFUSOR	10MG	B/30	PATCH
DIAGLAR	100UI/ML	BTE/01	SOL.INJ.SC.
DIAGLAR	100UI/ML	BTE/03	SOL.INJ.SC.
DIAGLAR	100UI/ML	BTE/05	SOL.INJ.SC.
DIAGLIBE	5MG	B/60	COMP.
DIAGLINIDE	0.5MG	BTE/30	COMP.
DIAGLINIDE	1MG	BTE/30	COMP.
DIAGLINIDE	2MG	BTE/30	COMP.
DIAGUANID	1000MG	BTE/30	COMP.PELLI.
DIAGUANID	850MG	B/120	COMP.PELLI
DIAGUANID	850MG	B/30	COMP.PELLI
DIAGUANID	850MG	BTE/90	COMP.PELLI
DIALAMOL	500MG	BTE/12	GLES.
DIALOMINE	2MG	BTE/30	COMP.SEC.
DIAMEPRID	1MG	B/30	COMP.SEC.
DIAMEPRID	2MG	B/30	COMP.SEC.
DIAMEPRID	3MG	B/30	COMP.SEC.
DIAMEPRID	4MG	B/30	COMP.SEC.
DIAMICRON	30MG	B/30	COMP A L.M
DIAMICRON	30MG	B/60	COMP.A.LIB.
DIAMICRON	60MG	BTE/30	COMP.SEC
DIAMICRON	80MG	B/60	COMP.
DIAMOX	250MG	B/24	COMP.
DIAMOX	500MG	B/25	SOL.INJ.
DIANE 35	2MG/35GMG/G	B/21	COMP.ENRO.
DIAPHAG	80MG	B/60	COMP.
DIAPHAGE	500MG	B/20	COMP.
DIAPID	50UI/ML	FL/12 ML	SOL.NASAL/S
DIAPRIDE 1	1MG	B/30	COMP.
DIAPRIDE 2	2MG	B/30	COMP.
DIAPRIDE 3	3MG	B/30	COMP.
DIAPRIDE 4	4MG	B/30	COMP.
DIARFAN	10MG	BTE/16 SACHETS	GRAN P/SUSP
DIARFAN	30MG	BTE/30 SACHETS	GRAN P/SUSP
DIARFIL	10MG	BTE/16	GRAN P/SUSP
DIARFIL	30MG	BTE/30	GRAN P/SUSP
DIARYL	2MG	B/20	GLES.
DIASSEL	2MG	B/20	GLES.
DIATAB	5MG	B/30	COMP.
DIATEX	2MG	B/20	COMP.
DIAVIC	30MG/400MG	B/20	GLES.
DIAZAL 10	10MG	B/30	COMP.
DIAZAL 5	5MG	B/30	COMP.
DIAZEM	120MG	B/30	GLES.
DIAZEM	180MG	B/30	GLES.
DIAZEM	60MG	B/30	COMP.
DIAZEM	90MG	B/30	GLES.
DIAZEPAM	1%	FL/20ML	SOL.BUV.GTT
DIAZEPAM	10MG/2ML	B/10 AMP DE 2ML	SOL.INJ.
DIAZEPAM-RATIOPHARM	10MG	B/30	COMP.
DIAZEPAM-RATIOPHARM	2MG	B/40	COMP.
DIAZEPAM-RATIOPHARM	5MG	B/40	COMP.
DIAZIDE	80MG	B/30	COMP.
DICEF	250MG/5MLMG/ML	FL/75 ML	SUSP.BUV.
DICEF	500MG	B/15	GLES.
DICEF	500MG	BTE/16	PDRE SUSP B
DICETEL	100MG	B/20	COMP.PELLI
DICETEL	50MG	B/20	COMP.PELLI
DICLAMID	5MG/ML(75MG/3ML)	BTE/2	SOL INJ.IM.
DICLO 25	25MG	B/10	SUPPO.
DICLOCED	1MG/ML(0.10%)	FL/10ML	COLLYRE.SOL
DICLOFAL	50MG	B/30	COMP.
DICLOFAL	50MG	BTE/30	COMP PELL G
DICLOFAL	75MG/3ML	B/2	SOL.INJ.
DICLOFAL LP	75MG	BTE/20	COMP.PELL.L
DICLOFAR	100MG	BTE/10	SUPPO.
DICLOFAR	25MG	BTE/10	SUPPO.
DICLOFAR	50MG	BTE/10	SUPPO.
DICLOFAST	50MG	BTE/20	COMP.PELLI
DICLOFEN	1%	T/50 G	GEL
DICLOFEN	50MG	B/20	COMP.
DICLOFENAC	100MG	B/10	SUPPO.
DICLOFENAC	25MG	B/10	SUPPO.
DICLOFENAC	25MG	B/20	COMP.
DICLOFENAC	25MG	B/30	COMP.
DICLOFENAC	50MG	B/20	COMP.
DICLOFENAC	50MG	B/30	COMP.
DICLOFENAC	75MG	B/100 AMP	SOL.INJ.
DICLOFENAC DBF	100MG	BTE/10	SUPPO.
DICLOFENAC LLORENS	100MG	B/10	SUPPO.
DICLOFENAC LLORENS	50MG	B/20	COMP.
DICLOFENAC NOVA GENERICS	1G/100G	TUBE/50G	GEL .P/APPL
DICLOFENAC NOVAGENERICS LP	100MG	BTE/20	GLES.LP.
DICLOFENAC STADA RETARD	100MG	B/20	COMP.LP.
DICLOFENAC TEDEC	100MG	B/10	SUPPO.
DICLOFENAC TEDEC	25MG	B/10	SUPPO.
DICLOFENACO RATIOPHARM	100MG	B/12	SUPPO.
DICLOFENACO RATIOPHARM	50MG	B/30	COMP.
DICLOFENIL	100MG	B/10	SUPPO.
DICLOFENIL	1G/100G(1%)G/G	T/30G	GEL.DERM.
DICLOFENIL ENFANT	25MG	B/10	SUPPO.
DICLOFLEX LP 75 MG	75MG	BTE/30	COMP.PELL.L
DICLOGESIC	0.1%	FL/5ML	COLLYRE.SOL
DICLOGESIC	1%	T/30 G	GEL
DICLOGESIC	100MG	B/5	SUPPO.
DICLOGESIC	12.5MG	B/10	SUPPO.
DICLOGESIC	25MG	B/20	COMP.
DICLOGESIC	50MG	B/20	COMP PELL G
DICLOGESIC	75MG	B/5 AMP	SOL.INJ.
DICLOGESIC RETARD	100MG	B/10	COMP.
DICLOMAX	100MG	B/15	COMP.
DICLOMAX	25MG	B/10	SUPPO.
DICLOMAX	25MG	B/30	COMP.
DICLOMAX	50MG	B/30	COMP.
DICLOMEC	1%	T/50 G	GEL
DICLOMEC	75MG/3ML	B/10 AMP	SOL.INJ.
DICLOMEC	75MG/3ML	B/2 AMP	SOL.INJ.
DICLOMEC	75MG/3ML	B/4 AMP	SOL.INJ.
DICLORENE LP 75	75MG	BTE/30	COMP.PELL.L
DICLOREUM	1%	T/50 G	GEL
DICLOREUM	100MG	B/10	COMP.
DICLOREUM	25MG	B/30	COMP.
DICLOREUM	50MG	B/20	COMP.
DICLOREUM	75MG	B/6 AMP	SOL.INJ.
DICLOTHERA	75MG/3ML	BTE/02 AMP DE 3ML	SOL INJ.IM.
DICYNONE	250MG	B/20	COMP.
DICYNONE	250MG	B/6 AMP DE 2 ML	SOL.INJ.
DIDERAL	40MG		COMP.
DIFAL	100MG	B/10	SUPPO.
DIFAL	25MG	B/10	SUPPO.
DIFAL	25MG	B/30	COMP.
DIFAL	50MG	B/30	COMP.
DIFEN 25	25MG	B/20	COMP.
DIFEN 50	50MG	B/20	COMP.
DIFFERINE	0.1%	T/30G	GEL.APPL.LO
DIFFUMAX	200MG	B/30	COMP.SEC.LP
DIFLORENE	50MG	B/20	COMP.
DIFLU G	50MG	B/3	GLES.
DIFLUCAN	50MG	B/3	GLES.
DIFLUCARE	150MG	BTE/01	GLES.
DIFLUCARE	50MG	BTE/03	GLES.
DIFLUG	50MG	B/3	GLES.
DIFRAREL 100	100MG/5MG	B/20	COMP.ENRO.
DIFRAREL E	50MG/50MG	B/24	COMP.ENRO.
DIGAOL	0.50%	FL/3 ML	COLLY.
DIGESTAT	100MG	B/10	SUPPO.
DIGESTAT	200MG	BTE/30	COMP.
DIGOXINE	0.5MG/2ML	B/5 AMP	SOL.INJ.
DIGOXINE CPCM	0.25MG	B/30	COMP.SEC.
DIGOXINE NATIVELLE	0.05MG/ML	FL/60 ML	SOL.BUV.
DIGOXINE NATIVELLE	0.25MG	B/30	COMP.
DIGOXINE STREULI	0.125MG	BTE/30	COMP.
DIGOXINE STREULI	0.25MG	B/30	COMP.
DIGROMIN	2MG/ML	FL/50 ML	SOL.BUV.
DIHYDROERGOTAMINE SANDOZ	2MG/ML	FL/50 ML	SOLUTE BUV.
DIHYDROERGOTAMINE-SANDOZ	1MG/ML	B/2 AMP	SOL.INJ.
DIHYDROGOTAMINE	1MG/ML	B/2 AMP	SOL.INJ.
DIHYDROGOTAMINE	2MG/ML	FL/50ML	SOL.BUV.
DILACARD	12.5MG	B/30	COMP.
DILACARD	25MG	BTE/30	COMP.
DILACARD	3.125MG	B/30	COMP.
DILACARD	6.25MG	BTE/30	COMP.
DILATRANE	10MG/ML	FL/200ML	SIR.
DILATREND	25MG	B/30	COMP.SEC.
DILATREND	6.25MG	B/30	COMP.SEC.
DILTIAZEM - BAYER	120MG	B/28	GLES.LP.
DILTIAZEM - BAYER	90MG	B/28	GLES.LP.
DILTIAZEM 60	60MG	B/20	COMP.
DILTIAZEM CHLORHYDRATE	60MG	B/30	COMP.
DILTIAZEM-BIOGARAN	60MG	B/30	COMP.
DILTIAZOR	90MG	B/20	GLES.LP.
DIMEPRA	2MG	B/20	COMP.
DIMEPRA	2MG	BTE/20	GLES.
DIMIPRIL	25MG	B/20	COMP.
DIMIPRIL	50MG	B/30	COMP.
DIMLOR	10MG	BTE/30	GLES.
DIMLOR	10MG	BTE/90	GLES.
DIMLOR	5MG	BTE/30	GLES.
DIMLOR	5MG	BTE/90	GLES.
DINALEXIN	20MG	BTE/14	GLES.
DINAZIP	10MG	BTE/28	COMP.PELLI.
DINAZIP	10MG	BTE/30	COMP.PELLI.
DIPICARD	10MG	BTE/30	GLES.
DIPICARD	5MG	BTE/30	GLES.
DIPRIM	200MG/40MG/5MLMG/ML	FL/100ML	SUSP.BUV.
DIPROLOL	10MG	BTE/30	COMP.PELLI.
DIPROLOL	5MG	BTE/30	COMP.PELLI.
DIPRONAD	7MG/ML(5MG/2MG/ML)	B1 SER P REMP 2.25ML	SUSP.INJ.IM
DIPROSALIC	0.05%/30%G/%	T/15 G	PDE.DERM.
DIPROSONE	0.05%	FL/15 G	LOTION
DIPROSONE	0.05%	T/15 G	CRE.
DIPROSONE	0.05%	T/15 G	PDE.DERM.
DIPROSTENE	5MG/2MG	1 SERINGUE PR REMPLI	SUSP.INJ.
DIPYRIDAMOLE	75MG	B/100	COMP.
DIRIL	50MG/5MG	B/30	COMP.PELLI
DISCOTRINE	10MG	B/30	PATCH
DISTENSOL	1MG	B/40	COMP.
DISTENSOL	2MG/ML	FL/15 ML	SOL.BUV.GTT
DISTENSOL	5MG	B/30	COMP.
DITAMIN	2MG/ML	FL/50 ML	SOLUTE BUV.
DIURAZOL	250MG	B/24	COMP.
DIURIMAT	2.5MG	B/30	COMP.
DIUSEMIDE	20MG	B/5 AMP DE 2ML	SOL.INJ.
DIUSEMIDE	40MG	B/30	COMP.
DIUZINE	50MG/5MG	B/20	COMP.
DIUZINE	50MG/5MG	B/30	COMP.
DIUZINE	50MG/5MG	B/60	COMP.
DIVALAN	160MG	BTE/28	COMP.PELLI
DIVALAN	80MG	BTE/28	COMP.PELLI
DIVALAN PLUS	160MG/12.5MG	BTE/30	COMP.PELLI
DIVIDO	75MG	B/20	CAPS LP
DIVIDO	75MG	BTE/20	GLE BOUBL
DIVINA	2MG/10MG	B/21	COMP.
DOCATRIL	10MG	BTE/16	PDR ORAL SA
DOCATRIL	30MG	BTE/30 SACHETS	PDR ORAL SA
DOFEBRIL	1000MG	BTE DE 1 TUBE DE 10	COMP.EFFER.
DOFEBRIL	500MG	B/2 TUBE DE 10	COMP.EFFER.
DOFEBRIL	500MG	B/20	COMP.SEC.
DOGMATIL	25MG/CACMG/100ML	FL/200 ML	SOL.BUV.
DOGMATIL	50MG	B/30	GLES.
DOLAN LP 75	75MG	BTE/30	GLES.LP.
DOLEX	50MG	BTE/30	GLES.
DOLI-BIEN	1000MG	BTE/08	COMP.
DOLI-BIEN	3%	FL/100 ML	SOL.BUV.
DOLI-BIEN	500MG	BTE/16	COMP.SEC.
DOLIBON	120MG/5ML	FL/100 ML	SUSP.BUV.
DOLICRANE 1000MG	1000MG	BTE/10	COMP.
DOLICRANE 500MG	500MG	BTE/20	COMP.
DOLIDOL FLASH	1000MG	BTE/8	COMP.EFFER.
DOLIPRANE	1000MG	BTE/8	COMP.
DOLIPRANE	100MG	B/10	SUPPO.
DOLIPRANE	100MG	B/12	SOL.BUV.SAC
DOLIPRANE	100MG	B/12	SUPPO.
DOLIPRANE	125MG	B/12	PDRE.OR.
DOLIPRANE	150MG	B/10	SUPPO.
DOLIPRANE	150MG	B/12	PDRE.SOL.BU
DOLIPRANE	150MG	B/12	SUPPO.
DOLIPRANE	170MG	B/10	SUPPO.
DOLIPRANE	170MG	B/10	SUPPO.ENF.
DOLIPRANE	200MG	B/10	SUPPO.
DOLIPRANE	200MG	B/12 SACHETS	PDRE.SOL.BU
DOLIPRANE	300MG	B/10	SUPPO.
DOLIPRANE	300MG	B/12	PDRE.SOL.BU
DOLIPRANE	300MG	BT/10	SUPPO.
DOLIPRANE	500MG	B/12	GLES.
DOLIPRANE	500MG	B/12 SACHETS	PERE.FLACON
DOLIPRANE	500MG	B/16	COMP.
DOLIPRANE	500MG	B/16	COMP.EFFER.
DOLIPRANE 2.4%	120MG/5ML	FL/125ML	SUSP.BUV.
DOLISED	200MG/400MG	BTE/20	COMP.SEC.
DOLMATOL	325MG/37.5MG	BTE/10	COMP.PELLI
DOLMATOL	325MG/37.5MG	BTE/20	COMP.PELLI
DOLOKIL	325MG/37.5MG	BTE/20	COMP.SEC.
DOLOMOL	120MG	B/10	SUPPO.
DOLOMOL	120MG	FL/100 ML	SOLUTE BUV.
DOLOMOL	250MG	BTE/6	SUPPO.
DOLOMOL	250MG/5MLMG/ML	F/120ML	SUSP.BUV.
DOLOMOL	500MG	B/30	COMP.
DOLORAZ	100MG/5MLMG/ML	FL/100ML	SUSP.BUV.
DOLOROL	500MG	B/20	COMP.
DOLPRIV	100MG	BTE/10	SUPPO.
DOLPRIV	150MG	BTE/10	SUPPO.
DOLPRIV	200MG	BTE/10	SUPPO.
DOLPRIV	3%	FL/100ML	SOL BUV PAD
DOLPRIV	300MG	BTE/10	SUPPO.
DOLPRIV	500MG	B/20	COMP.
DOLTRAM	100MG	BTE/30	COMP.ENRO.L
DOLTRAM	150MG	BTE/30	COMP.ENRO.L
DOLTRAM	200MG	BTE/30	COMP.ENRO.L
DOLTRAM	50MG	BTE/30	GLES.
DOLTRAM PLUS	325MG/37.5MG	BTE/20	COMP.PELLI
DOLYC	1000MG	BTE/08	COMP.
DOLYC	1000MG	BTE/10	COMP.
DOLYC	500MG	B/20	COMP.
DOLYMEX	100MG	BTE/10	SUPPO.
DOLYMEX	120MG/5ML	BTE/01 FL 125 ML	SOL.BUV.
DOLYMEX	200MG	BTE/10	SUPPO.
DOLYMEX	300MG	BTE/10	SUPPO.
DOMPERIDE	10MG	B/30	COMP.
DOMPERIDE	1MG/ML	FL/150 ML	SUSP.BUV.
DOMPERIDE	1MG/ML	FL/200ML	SUSP.BUV.
DOMPERIDONE	10MG	B/30	COMP.
DOMPERIDONE	1MG/ML	FL/150ML	SUSP.BUV.
DOMPERIDONE	1MG/ML	FL/180 ML	SUSP.BUV.
DOMPERIDONE ARROW	1MG/ML	FL/200ML	SUSP.BUV.
DOMPERIDONE BEKER	10MG	BTE/40	COMP.PELLI
DOMPERIDONE BGL	10MG	BTE/30	COMP ORO DI
DOMPERIDONE BGL	1MG/ML	FL/200ML	SUSP.BUV.
DOMPERIDONE LPA	1MG/1MLMG/ML	FL/200ML	SUSP.BUV.
DOMPERIDONE PHYSIOPHARM	1MG/ML	FL/200 ML	SUSP.BUV.
DOMPERIMEX	10MG	BTE/30	COMP.PELLI
DOMPERIMEX	1MG/ML	FL/200 ML	SUSP.BUV.
DOMPERONE	10MG	B/40	COMP.
DOMPERONE	1MG/ML	FL/200 ML	SUSP.BUV.
DONCEPT	10MG	BTE /30	COMP.PELLI
DONCEPT	5MG	BTE/30	COMP.PELLI
DONEPEZIL BEKER	10MG	BTE/28	COMP.PELLI
DONEPEZIL BEKER	10MG	BTE/30	COMP.PELLI
DONEPEZIL BEKER	5MG	BTE/30	COMP.PELLI
DONEURIME	1000G/ML		SOL.INJ.
DONEURINE	1000G/ML	B/10AMP	SOL.INJ.
DONEX	0.5MG	BTE/8	COMP.
DONICORT	64G/DOSE	120 DOSES	SUSP P/PULV
DONTOMYCINE	1.5MUIMUI	B/16	COMP.
DONTOMYCINE	3MUIMUI	B/10	COMP.
DOPAMET	250MG	B/30	COMP.
DOPAMET	250MG	BTE/30	COMP.PELLI
DOPANORE	250MG	B/30	COMP.
DOPEGYT	250MG	B/30	COMP.
DOPEGYT	500MG	B/30	COMP.
DOPEZIL	5MG	BTE/30	COMP.PELLI
DOPEZIL 10MG	10MG	B/30	COMP.PELLI
DOPREXOL	0.375MG	BTE/30	COMP.LP.
DOPREXOL	0.75MG	BTE/30	COMP.LP.
DOPREXOL	1.5MG	BTE/30	COMP.LP.
DOPRIN	10MG	B/20	COMP.
DOPRIN	1MG/ML	FL/100ML	SUSP.BUV.
DORAMINE	0.5MG/CAC	FL/125ML	SIR.
DORICEPT	10MG	BTE/30	COMP ORO DI
DORICEPT	5MG	BTE/30	COMP ORO DI
DORMAZINE	100MG	B/30	DRG.
DORMAZINE	4%	FL/30 ML	SOL.BUV.GTT
DORZAMED	2%(20MG/ML)	FL/5ML	COLLY.
DORZAMIDE	2%(20MG/ML)	FL/5ML	COLLY.
DORZASOPT	20MG/5MG/ML	FL/5ML	COLLYRE.SOL
DOSTINEX	0.5MG	BTE/08	COMP.
DOSTINOVA	0.5MG	BTE/08	COMP.
DOTAREM	0.5MM0L/ML	FL/15ML	SOL.INJ.IV.
DOTAREM	0.5MMOL/ML	FL/10 ML	SOL.INJ.
DOTAREM	0.5MMOL/ML	FL/20ML	SOL.INJ.
DOTUR	100MG	B/10	COMP.SEC.
DOTUR	100MG	B/10	GLES.
DOUCE PLUS	27G/20G	T/40 G	PDE.
DOXACARD	2MG	BTE/20	COMP.SEC.
DOXALAR	1MG	BTE/30	COMP.
DOXALAR	2MG	BTE/30	COMP.
DOXALAR LP	4MG	BTE/30	COMP.LP.
DOXAMEX LP	4MG	BTE/20	COMP.LP.
DOXAZOSINE BEKER	2MG	BTE/30	COMP.SEC.
DOXAZOSINE BEKER	4MG	BTE/30	COMP.
DOXINATE	100MG	B/10	GLES.
DOXINE	2MG	B/20	COMP.
DOXYCYCLINE-RATIOPHARM	100MG	B/5	CAPS.
DOXYDAR	100MG	B/10	GLES.
DOXYL	100MG	B/10	GLES.
DOXYL	100MG	B/5	GLES.
DOXYLINE	100MG	B/6	GLES.
DOXYNUP	100MG	BTE/06	COMP.DISPER
DOXYTEC	100MG	B/20	COMP.
DOZAX	20MG	BTE/30	COMP.PELLI.
DOZYCEPT	10MG	BTE/28	COMP.PELLI
DOZYCEPT	5MG	BTE/28	COMP.PELLI
DQA DICLO 50	50MG	B/30	COMP.GASTRO
DQA DICLO LP 100	100MG	B/30	COMP.LP.
DQA DOMP	10MG	B/30	COMP.
DQA SPIRONO 100	100MG	B/30	COMP.PELLI
DQA SPIRONO 50	50MG	B/30	COMP.PELLI
DQA-FUROSEMIDE	40MG	B/30	COMP.
DROMAX	70MG	BTE/04	COMP.
DROXIFAL	1G	BTE/12	COMP.
DUDREX	50MG/5MG	B/30	COMP.SEC.
DULOX	30MG	BTE/30	MICGR GAST
DULOX	60MG	BTE/30	MICGR GAST
DUOFEM	50MG	BTE/30	GLES.
DUPHALAC	10G/15ML	B/20 SACHETS	SOL.BUV.
DUPHALAC	133G/200ML(66.50%)	FL/200 ML	SOL.BUV.
DUPHALOSE	10G/15ML	BT/20 SACHET DE 15ML	SOL.BUV.SAC
DUPHASTON	10MG	B/10	COMP.PELLI
DURRAX	25MG	BTE/30	COMP.PELLI.
DURRAX	2MG/ML	FL/100ML	SIR.
DUSPAMED	100MG	B/20	COMP.
DUSPATALIN	100MG	B/30	COMP.
DUSPATALIN	100MG	B/30	COMP.ENRO.
DUSPATALIN	200MG	B/30	GLES.
DUSPAVERINE	100MG	BTE/30	MICROGRAN E
DUSPAVERINE	200MG	BTE/30	MICROG LP E
DYAREX	2MG	B/20	GLES.
DYASPAGON	2MG	B/6	GLES.
DYCLOMAX	100MG	B/10	SUPPO.
DYCLOMAX	75MGMG/3ML	B/2	SOL.INJ.
DYDROGYN	10MG	BTE/10	COMP.PELLI
DYSENTYL	200MG	B/30	GLES.
EASYLACT	66.5G/100ML(66.5%)	B/01 FLACON DE 200ML	SOL.BUV.
EAU OXYGENE	10VOLUMES	FL/10ML	SOL.
EAU OXYGENEE OFFICINALE	10V	FL/1 L	SOL.
EBASTA	10MG	BTE/10	COMP ORO DI
EBASTA	10MG	BTE/30	COMP ORO DI
ECAZIDE	50MG/25MG	B/28	COMP.SEC.
ECAZIDE	50MG/25MG	BTE/30	COMP.SEC.
ECLARAN	10%	T/45 G	GEL
ECLARAN	5%	T/15 G	GEL
ECOCLAV	1G/125MG	BTE/12	PDR SUSP BU
ECOCLAV	1G/125MG	BTE/14	PDR SUSP BU
ECOCLAV	500MG/62.5MG	BTE/12	PDR SUSP BU
ECOCLAV	500MG/62.5MG	BTE/14	PDR SUSP BU
ECOGYNAN	150MG	BTE/03	OV.
ECOMI	1%	FL/30 ML	LAIT.DERM.
ECOMI	1%	T/30 G	CRE.
ECOMI	150MG	B/3	OV.
ECONAZ	1%	FL/30 G	SOL APPL LO
ECONAZ	1%	FL/30 ML	EMUL FLUID
ECONAZ	1%	TUBE/30G	CRE.
ECONAZOLE BR	1%	TUBE/30G	CRE.DERMIQU
ECONAZOLE LDM 1%	1%	TUBE/30 G	CRE.
ECONAZOLE NOVAGENERICS	1%	FL/30 ML	EMULSION FL
ECONAZYL	1%	FL/30 ML	LAIT.DERM.
ECONAZYL	1%	T/30G	CRE.
ECONAZYL 1% SOLUTION	1%	FL/30 GRAMMES	SOL APPL LO
ECOPIRIN	500MG	B/20	COMP.
ECOVAR	150MG	B/3	OV.
ECOVAR LP	150MG	BTE/01	OVULE LP
ECOVARYL	1%	FL/30G	SOL APPL LO
ECZECORT	0.127%	TUBE/30 GRAMME	CREME LIPOP
EDEMID	20MG/2ML	B/5 AMP	SOL.INJ.
EDEMID	40MG	B/15	COMP.
EDEX	10MG/1MLMG/ML	B/2 CART	PDRE SOLV P
EDEX	20MG/1MLMG/ML	B/2 CART	PDRE SOLV P
EFFERALGAN	150MG	B/10	SUPPO.
EFFERALGAN	150MG	B/12 SACHETS	SOL.BUV.
EFFERALGAN	3G/100ML	FL/90 ML	SOL.BUV.
EFFERALGAN	500MG	B/16	COMP.
EFFERALGAN	500MG	B/16	COMP.EFFER.
EFFERALGAN 1000 MG	1000MG	BTE/08	COMP.EFFER.
EFFERALGAN CODEINE	500MG/30MG	BTE/16	COMP.PELLI
EFFERALGAN PEDIATRIQUE	3%(3G/100ML)	BTE DE 01 FL/150 ML	SOL.BUV.
EFFERALGAN PEDIATRIQUE	3%(3G/100ML)	FL/90 ML	SOLUTE BUV.
EFFERALGAN PEDIATRIQUE	3G/100ML	FL/90 ML	SOL.BUV.
EFFEXOR LP	37.5MG	BTE/30	GLES.LP.
EFFICORT HYDROPHILE	0.127%	T/30G	CRE.
EFFICORT LIPOPHILE	0.127%	T/30G	CRE.
EFFIXENT	250MG	B/20	GLES.
EFFIXENT	500MG	B/10	GLES.
EFIRAP	50MG	BTE/20	COMP.PELLI
EGORIE	250MG	BTE/64	COMP.PELLI
ELERAX	25MG	BTE/30	COMP.PELLI
ELERAX	50MG	BTE/30	COMP.PELLI
ELIGARD	22.5MG	BTE/1	PDRSOLV P/S
ELIGARD	45MG	BTE/1	PDRSOLV P/S
ELISOR	20MG	BTE/28	COMP.SEC.
ELLEANE	20G/75G	BTE/21	COMP.ENRO.
EMADIS	80MG/125MG	B/2GL 80MG-1GL 125MG	GLES.
EMERIVA UNICORE	200MG	BTE/15	CAPSULE MOL
EMESET 4	4MG	B/10	COMP.
EMESET 8	8MG	B/10	COMP.
EMETIKAN 10	10MG	BTE/30	COMP.PELLI
EMIDIUM HUP	10MG	BTE/30	COMP.
EMOX	250MG/5ML	FL/60 ML	PDRE.OR.
ENALAPRIL	20MG	B/20	COMP.SEC.
ENALAPRIL	20MG	B/28	COMP.
ENALAPRIL IBERAL	20MG	BTE/28	COMP.SEC.
ENALAPRIL IBERAL	5MG	BTE/28	COMP.SEC.
ENALAPRIL MERCK 20	20MG	B/28	COMP.SEC.
ENALAPRIL MERCK 5	5MG	B/28	COMP.SEC.
ENALAPRIL MYLAN	20MG	BTE/28	COMP.SEC.
ENALAPRIL MYLAN	5MG	BTE/28	COMP.SEC.
ENALAPRIL RATIOPHARM	20MG	B/28	COMP.
ENALAPRIL RATIOPHARM	5MG	B/60	COMP.
ENALAPRIL/HYDROCHLOROTH IAZIDE MERCK	20MG/12.5MGMG/12.5MG	B/28	COMP.SEC.
ENALAPRIL/HYDROCHLOROTHIAZIDE IBERAL	20MG/12.5MG	BTE/28	COMP.SEC.
ENALAPRIL/HYDROCHLOROTHIAZIDE MYLAN	20MG/12.5MG	BTE/30	COMP.SEC.
ENANTONE LP 11.25MG	11.25MG/2MLMG/ML	B/1FL/PDR+AMP2ML+SER	MICROS.SOL.
ENANTONE LP 3.75MG	3.75MG/2MLBMG/ML	B/1FL/PDR+AMP2ML+SER	PDR/SOL/SUS
ENATEC-20	20MG	B/28	COMP.SEC.
ENATEC-5	5MG	B/30	COMP.SEC.
ENCOFLUIDE ADULTE	0.0125G/0.005	FL/180 ML	SOL.BUV.
ENCOFLUIDE ADULTE	0.125G/0.0005	FL/200 ML	SOLUTE BUV.
ENCORATE	200MG	B/100	COMP.
ENCORATE	200MG	B/40	COMP.
ENCORATE 500	500MG	B/100	COMP.
ENCORATE 500	500MG	B/40	COMP.
ENDRONAX	70MG	BTE/4	COMP.
ENERMAG	1.5G/10MLG/ML	B/20	SOL.BUV.AMP
ENERMAG	15%	FL/125 ML	SIROP 15%
ENTIZOL	500MG	B/10	COMP.GYNECO
EOSINE AQUEUSE	2%	FL/100ML	SOL.
EOSINE AQUEUSE - GIFRER	2%	FL/100ML	SOL.
EPHYNAL	100MG	B/20	COMP.
EPICROM	2%	FL/10 ML	COLLY.
EPIFENAC	75MGML/3ML	B/3 AMP	SOL.INJ.
EPIFENAC 25	25MG	B/30	COMP.
EPIFENAC 50	50MG	B/20	COMP.
EPIGENT	40MG	B/5	SOL.INJ.
EPIGENT 80	80MG/2MLMG/ML	B/1AMP/2ML	SOL.INJ.
EPILAN D	100MG	B/100	COMP.
EPILAT	20MG	B/20	COMP.LP.
EPILAT 10	10MG	B/30	GLES.
EPILEPTAM	250MG	BTE/60	COMP.PELLI
EPILEPTAM	500MG	BTE/60	COMP.PELLI
EPILKINE CHRONO	500MGSOIT(333MG/145MG)	PILULIER DE 30 COMP	COMP.PELL.S
EPITOMAX	100MG	BTE/28	COMP.PELLI
EPITOMAX	15MG	BTE/28	GLES.
EPITOMAX	200MG	BTE/28	COMP.PELLI
EPITOMAX	25MG	BTE/28	GLES.
EPITOMAX	50MG	BTE/28	GLES.COMP.P
EPIVAL	200MG	B/50	COMP.
EPIVAL	500MG	B/50	COMP.
EPIXX	1000MG	BTE/60	COMP.PELLI
EPIXX	100MG/ML	FL/300 ML	SOL.BUV.
EPIXX	250MG	BTE/30	COMP.PELLI
EPIXX	500MG	BTE/30	COMP.PELLI
EPIXX	750MG	BTE/30	COMP.PELLI
EPIZOLONE-DEPOT	40MG/ML	BTE/01 FL DE 40MG/ML	SUSP AQUEUS
EPIZOLONE-DEPOT	40MG/ML	BTE/01FL DE 80MG/2ML	SUSP AQUEUS
EPLERON	25MG	BTE/30	COMP.PELLI
EPLERON	50MG	BTE/30	COMP.PELLI
EQUANIL	400MG	B/50	COMP.ENRO.
EQUANIL	400MG/5ML	B/10 AMP	SOL.INJ.
EQUANIL	400MGMG/5ML	B/10 AMP	COMP.
EQUIBAR	250MG	B/30	COMP.
EQUIBAR	500MG	B/30	COMP.
EQUIBREX	24MG	BTE/60	COMP.
ERACID	250MG	B/14	COMP.
ERACID 500	500MG	B/14	COMP.ENRO.
ERAZON	10MG	B/20	GLES.
ERAZON	20MG	B/20	GLES.
ERCEFURYL	100MG	B/30	GLES.
ERCEFURYL	200MG	B/28	GLES.
ERCEFURYL	220MG/5MLMG/CAC	FL/90 ML	SUSP.BUV.
ERGOTYL	0.25MG/ML	FL/10 ML	SOL.BUV.GTT
ERGOTYL	0.2MG/ML	B/3 AMP	SOL.INJ.
ERODAL	200MG/5MLMG/ML	FL/60ML	PDRE.P/SUSP
EROMYCIN	200MG/5MLMG/ML	FL/100ML	GRLES.SUSP.
ERY 500	500MG	B/20	COMP.
ERYACNE	4%	T/30 G	GEL
ERYBESAN	200MG/5ML	FL/60 ML	GRLES.SUSP.
ERYBESAN	500MG	B/12	COMP.
ERYKO-500	500MG	B/20	COMP.
ERYTHROCINE	500MG	B/20	COMP.
ERYTHRODAR	200MG/5ML	FL/100 ML	SUSP.BUV.
ERYTHROMIL	200MG/5ML	FL/100 ML	SUSP.BUV.
ERYTHROMIL	500MG	B/15	COMP.
ERYTHROMYCINE	500MG	B/15	COMP.
ESCITALOPRAM BEKER	10MG	BTE/28	COMP.PELLI
ESCITOL	10MG	BTE/28	COMP.PELLI.
ESCITOL	20MG	BTE/28	COMP.PELLI
ESELAN	20MG	B/14	GLES.MICRON
ESOMAC	40MG	BTE/14	GLES.GAST.R
ESOMAC	40MG	BTE/28	GLES MIC/GR
ESOPROTECT	20MG	BTE/14	GLES A GRAN
ESOPROTECT	20MG	BTE/28	GLES A GRAN
ESOPROTECT	40MG	BTE/14	GLES A GRAN
ESOPROTECT	40MG	BTE/28	GLES A GRAN
ESOPROTON	30MG	BTE/28	GLES.MIC.GA
ESOPROTON	30MG	PILUL/14	GLES MIC/GR
ESORAL	20MG	BTE/16	MICGR GAST
ESORAL	20MG	BTE/28	MICGR GAST
ESORAL	40MG	BTE/16	MICGR GAST
ESORAL	40MG	BTE/28	MICGR GAST
ESTOGEL	1.2120G/SACHEQUIV(8.08G)	BTE/24 SACHETS	SUSP.BUV.
ESTONYL	10MG	BTE/30	COMP.PELLI.
ESTOR	10MG	BTE/30	COMP.PELLI
ESTOR	20MG	BTE/30	COMP.PELLI
ESTOR	5MG	BTE/30	COMP.PELLI
ESTRADERM TTS 25	2MG	B/8	PATCH
ESTRADERM TTS 50	4MG	B/8	PATCH
ESTREVA	0.1%	FL/50G	GEL
ESTREVA	1.5MG	B/28	COMP.
ESTROFEM	2MG	B/28	COMP.
ETACID	50G/PULVERISATION	BTE/140 PULVERISATIO	SPRAY NASAL
ETAMCYNONE	250MG/2ML	BTE/10 AMPOULES	SOL.INJ.IM.
ETAMSYLATE	250MG/ML	B/10	SOL.INJ.
ETHER GIFRER		FL/200 ML	SOL.
ETHER GIFRER		FL/400 ML	SOL.
ETHER GIFRER		FL/800 ML	SOL.
EUFOR	80MG	BTE/10	COMP ORO DI
EUFOR	80MG	BTE/10	COMP.PELLI
EUFOR	80MG	BTE/30	COMP ORO DI
EUFOR	80MG	BTE/30	COMP.PELLI
EUGLUCAN	5MG	B/100	COMP.
EUGLUCON	5MG	B/20	COMP.
EULEXINE	250MG	B/30	COMP.
EUPHON	0.1G/0.3G/100	FL/150 ML	SIR.AD.
EUPHON ADULTES	0.1G/0.3G/100ML	FL/125 ML	SIR.AD.
EUPNEX	10MG/5ML	FL/180 ML	SIR.
EURITM 100	100MG	BTE/30	COMP.SEC.
EVAL	7BLANC0.15MG/0.03M14ROSEOR	B/3 21	COMP.
EVAPAUSE	100MG	BTE/30	CAPS. MOL O
EVERYL	2MG/0.625MG	BTE/30	COMP.SEC.
EVERYL	2MG/0.625MG	BTE/90	COMP.SEC.
EVIFEN	60MG	BTE/30	COMP.PELLI
EVISTA	60MG	B/28	COMP.
EVLOSINE	0.4MG	BTE/30	GLES MICROG
EVOCARBIZOLE	5MG	BTE/50	COMP.SEC.
EVOCARD	10MG	BTE/30	COMP.PELLI.
EVOCARD	5MG	BTE/30	COMP.PELLI.
EVOFENID	100MG	BTE/30	COMP.PELLI
EVOGLUCINOL	80MG	BTE/10	COMP ORO DI
EVOMISIL	250MG	BTE/20	COMP.SEC.
EVONAZOLE	150MG	BTE/01	GLES.
EVONAZOLE	50MG	BTE/03	GLES.
EVOPERAMIDE	2MG	BTE/20	GLES.
EVOPRANOL	40MG	BTE/30	COMP.SEC.
EVOXICAM	15MG	BTE/30	COMP.
EVOXICAM	7.5MG	BTE/30	COMP.
EVOXYZINE	25MG	BTE/30	COMP.PELLI.
EVOZOLPIDEM	10MG	BTE/20	COMP.PELLI.
EXBITAN	160MG/10MG	BTE/30	COMP.PELLI
EXBITAN	5MG/160MG	BTE/30	COMP.PELLI
EXBITAN	5MG/80MG	BTE/30	COMP.PELLI
EXCAN	16MG/10MG	BTE/30	COMP.
EXCAN	16MG/5MG	BTE/30	COMP.
EXCAN	8MG/5MG	BTE/30	COMP.
EXFORGE	160MG/10MG	BTE/28	COMP.PELLI
EXFORGE	160MG/5MG	BTE/28	COMP.PELLI
EXFORGE	80MG/5MG	BTE/28	COMP.PELLI
EXFORMEDIC	10MG/160MG	BTE/28	COMP.PELLI
EXFORMEDIC	5MG/160MG	BTE/28	COMP.PELLI
EXFORMEDIC	5MG/80MG	BTE/28	COMP.PELLI
EXIRB	300MG/10MG	BTE/30	COMP.PELLI.
EXIRB	300MG/5MG	BTE/30	COMP.PELLI
EXIRB	5MG/150MG	BTE/30	COMP.PELLI
EXLUTON	0.5MG	B/100 28	COMP.
EXLUTON	0.5MG	B/3 28	COMP.
EXODERIL	1%	FL/10ML	SOL.DERM.
EXODERIL	1%	T/15G	CRE.DERMIQU
EXPANDOL	1000MG	B/10	COMP.
EXPANDOL	100MG	B/12	PDR.SOL.BUV
EXPANDOL	150MG	BTE/12	PDR.SOL.BUV
EXPANDOL	200MG	BTE/12	PDR.SOL.BUV
EXPANDOL	300MG	BTE/12	PDR.SOL.BUV
EXPANDOL	500MG	B/20	COMP.
EXPANDOL	500MG	BTE/12	PDRE.SOL.BU
EXPANFEN	200MG	B/20	COMP.ENRO.
EXSART	10MG/160MG	B/30	COMP.PELLI
EXSART	5MG/160MG	BTE/30	COMP.PELLI
EXSART	5MG/80MG	BTE/30	COMP.PELLI
EXTEL	40MG/5MG	BTE/30	COMP.
EXTEL	80MG/10MG	BTE/30	COMP.
EXTEL	80MG/5MG	BTE/30	COMP.
EXTENCINE	1.2MUI	B/1FLPDR+1AMP5MLSOLV	PDR SLV/SUS
EXTENCINE	600000UI	1FL PDR+1AMP/SOLV5ML	PDRE SOLV/S
EXTRAMADOL	37.5MG/325MG	BTE/20	COMP.
EXVAL	10MG/160MG	BTE/30	COMP.PELLI
EXVAL	5MG/160MG	BTE/30	COMP.PELLI
EXVAL	5MG/80MG	BTE/30	COMP.PELLI
EZETROL	10MG	BTE/30	COMP.
EZILAX	10G/15MLEQUV133G/200ML	FL/300ML	SIR.
EZILAX	10G/15MLOU(133G/200ML)	FL/200ML	SIR.
EZILAX	133G/200MLG/15ML	FL/300 ML	SOL.BUV.
FAGYX	500MG	B/04	COMP.PELLI
FAMISIL	1%	TUBE/15G	CRE.DERM.
FAMODINE	20MG	BTE/20	COMP.
FAMOTIDINE MABO 20	20MG	BTE/20	COMP.
FAMOTIDINE MABO 40	40MG	BTE/20	COMP.
FAMOTIDYN HISPAL	40MG	BTE/20	COMP.
FAMOXINE	20MG	BTE/20	COMP.PELLI
FAMOXINE	40MG	BTE/20	COMP.PELLI
FAMOXYL	125MG/5MLMG/ML	FL/60 ML	SUSP.BUV.
FAMOXYL	250MG/5MLMG/ML	FL/60 ML	SUSP.BUV.
FAMOXYL	500MG	B/12	GLES.
FAMOXYL	500MG/5MLMG/ML	FL/60ML	SUSP.BUV.
FAMYNON	0.25MG/0.05MG	B/3 21	COMP.
FARCOLIN	2MG	B/20	COMP.
FARCOLIN	2MG/CAC	FL/120 ML	SIR.
FARCONCIL	125MG/5MLMG/5ML	FL/60 ML	SUSP.BUV.
FARCOPRIL	25MG	B/20	COMP.
FARCOPRIL	50MG	B/20	COMP.
FASIGYNE	500MG	B/4	COMP.
FASTOFEN 120	120MG	BTE/20	COMP.PELLI
FASTOFEN 180	180MG	BTE/20	COMP.PELLI
FEBOREX	120MG	BTE/30	COMP.PELLI
FEBOREX	80MG	BTE/30	COMP.PELLI
FEBRECTOL ADULTES	600MG/40MG	B/8	SUPPO.
FEBRECTOL ENFANTS	300MG/30MG	B/8	SUPPO.
FEBRECTOL NOURISSONS	150MG/20MG	B/8	SUPPO.
FEBREX	100MG	B/20	COMP.
FEDICARD	40MG	BTE/30	COMP.SEC.
FELCAM	0.5%	TUBE/50G	GEL
FELCAM	20MG	B/10	GLES.
FELCAM FAST	20MG	BTE/10	COMP.DISP.S
FELDENE	20MG	B/10	COMP.
FELDENE	20MG	B/10	SUPPO.
FELDENE	20MG/ML	B/2 AMP DE 1 ML	SOL.INJ.
FEMARA	2.5MG	B/30	COMP.PELLI
FEMAZOL	2.5MG	B/30	COMP.PELLI
FENAMON SR	20MG	B/30	COMP.LP.
FENAQUENE	100MG	B/10	SUPPO.
FENAQUENE	25MG	B/10	SUPPO.
FENAQUENE	50MG	B/10	SUPPO.
FENATE	160MG	BTE /30	MICROGRAN E
FENATHYL LP	160MG	BTE/30	MICROG LP E
FENDOL	50MG/5MLMG/ML	F/120ML	SUSP.BUV.
FENIRAMINE	0.5MG/5ML(0.01%)	FL/125ML	SIR.
FENOFIBRATE HUP	200MG	BTE/30	GLES.
FENOFIBRATE IVAL	200MG	B/30	GLES.
FENOFIBRATE MERCK	200MG	B/30	GLES.
FENOFIBRATE MM	160MG	BTE/30	COMP.PELLI
FENOFIBRATE PHYSIOPHARM	160MG	BTE/30	COMP.PELLI
FENOGAL	200MG	B/30	GLES.
FENOTYL LP	160MG	BTE/30	GLES.LP.
FENOTYL LP	80MG	B/30	PLETS MICRO
FENOXAM	0.5%	TUBE/50G	GEL P/APPL
FENOXAM	20MG	BTE/10	COMP.DISP.S
FENOXAM 20	20MG/ML	B/2	SOL INJ.IM.
FER 3+	100MG/5ML(20MG/ML)	BTE/10 AMP DE 5ML	SOL.BUV.AMP
FER 3+	100MG/5ML(20MG/ML)	BTE/20 AMP DE 5ML	SOL.BUV.AMP
FER 3+	100MG/5ML(20MG/ML)	BTE/30 AMPOULES	SOL.BUV.AMP
FER 3+	20MG/ML(100MG/5ML)	FL/125ML	SOL.BUV.
FER UCB	50MG/5MLMG/ML	BTE/20 AMP DE 5ML	SOL.BUV.
FER3 PLUS	100MG/5MLMG/ML	BTE/10 AMP DE 5ML	SOL.BUV.
FER3 PLUS	100MG/5MLMG/ML	BTE/20 AMPL DE 5ML	SOL.BUV.
FERAN B9	49.297MG/0.5MG	BTE/30	GLES.
FERCROVIS	47.5MG/ML	FL/125 ML	SIR.
FERMENTMYCIN	40MG/ML	B/10 AMP DE 1 ML	SOL.INJ.
FERMENTMYCIN	80MG/2ML	B/10 AMP DE 2 ML	SOL.INJ.
FERODAL	100MG/5ML	FL/ 150ML	SIR.
FERODAL	50MG/5ML	FL/150 ML	SIR.
FERODIUM	4.756/100ML54.75%	FL/125 ML	SIR.
FEROFER	10MG/ML(50MG/5ML)	FL/150ML	SIR.
FEROLAM	4.75G/100ML	FL/125 ML	SIR.
FEROLAM	4.75MG/100ML	FL/125 ML	SIR.
FEROVIT	50MG/5MLMG/ML	FL/100ML	SIR.
FERRACUR	4.75G/100ML	FL/125ML	SIR.
FERRO SANOL	30MG/ML	FL/30 ML	SOL.BUV.GTT
FERRO SANOL DUO	567.7MGEQUIVFER+100MG	B/50	CAPS A GRAN
FERRO SANOL GYN	454.13MGEQUIVFER+80MG/1MG	B/30	GLES A GRAN
FERRO SANOL GYN	454.13MGEQUIVFER+80MG/1MG	B/50	GLES A GRAN
FERROCURE	20MG/ML(100MG/5ML)	BTE/20 AMPL DE 5 ML	SOL.BUV.AMP
FERROMEX	4.75G/100ML	FL/125 ML	SIR.
FERROSTRANE	4.75MG/100ML	FL/125 ML	SIR.
FERRUM HAUSMANN	50MG/5MLMG/ML	FL/150ML	SIR.
FERRUM HAUSMANN GOUTTE	50MG/MLHYDRFERPOLYM(0.2G)	BTE/1FL GTTES(30ML)	GTE BUV
FEVADOL	120MG/5ML	FL/100 ML	SOLUTE BUV.
FEVADOL	500MG	B/20	COMP.
FEXIGRA	120MG	BTE/20	COMP.ENRO.
FEXIGRA	180MG	BTE/16	COMP.ENROB.
FEXODINE	120MG	B/14	COMP.PELLI
FEXODINE	120MG	BTE/15	COMP.PELLI
FEXODINE	180MG	B/14	COMP.PELLI
FEXODINE	180MG	BTE/15	COMP.PELLI
FEXOFENADINE BEKER	120MG	BTE/15	COMP.PELLI
FEXOFENADINE BEKER	180MG	BTE/20	COMP.PELLI
FEXOFENADINE IVAL	120MG	B/15	COMP.PELLI
FEXOFENADINE IVAL	180MG	BTE/15	COMP.PELLI.
FEXOFENADINE NOVAGENERICS	120MG	BTE/15	COMP.PELLI
FEXOFENADINE NOVAGENERICS	180MG	BTE/15	COMP.PELLI
FEXOFENADINE NOVAGENERICS	30MG	BTE/30	COMP.PELLI
FEXONIDAL	120MG	BTE/15	COMP.PELLI.
FEXONIDAL	180MG	BTE/15	COMP.PELLI
FIRALGINE ENFANT	300MG	B/10	SUPPO.
FIRALGINE NOURISSON	100MG	B/10	SUPPO.
FIRMACIN	100MG	B/10	SUPPO.
FIRMACIN	50MG	B/10	SUPPO.
FISIOGASTROL	10MG	B/50	COMP.
FISIOGASTROL	1MG/ML	FL/100 ML	SUSP.BUV.
FISTOGASTROL	1MG/ML	FL/200 ML	SUSP.BUV.
FIXECAL	400UI/500MG(400UI/1.25G)	B/28	COMP.SUCER
FLAGISOL	250MG	B/20	COMP.PELLI
FLAGISOL	500MG	BTE/20	COMP.PELLI.
FLAGYL	125MG/5ML	FL/120 ML	SUSP.BUV.
FLAGYL	250MG	B/20	COMP.PELLI
FLAGYL	4%(125MG/5ML)%(MG/ML)	FL/120ML	SUSP.BUV.
FLAGYL	500MG	B/10	OVULE VAGIN
FLAGYL 4%	125MG/5ML	FL/120 ML	SUSP.BUV.
FLAGYNEX	500MG	BTE/20	COMP.PELLI
FLAMADIAZINE	1%	TUBE/40G	CRE.
FLAMAZOLE	1%	TUBE/40G	CRE.
FLAMMAZINE	1%	T/50 G	CRE.
FLANIZOL	250MG	B/30	COMP.
FLAXYNE	37.5MG	BTE/30	GLES.LP.
FLAXYNE	75MG	BTE/30	GLES.LP.
FLAZOL	125MG/5ML	FL/120ML	SUSP.BUV.
FLAZOL	500MG	B/24	COMP.
FLAZOL	500MG	BTE/20	COMP.PELLI.
FLECACARD	100MG	BTE/30	COMP.SEC.
FLECAINE	100MG	B/30	COMP.
FLECALUR	100MG	BTE/30	COMP.SEC.
FLECAR	100MG	BTE/30	COMP.SEC.
FLEXEN	100MG	B/12	SUPPO.
FLEXEN	100MG	B/6+6	SOL.INJ.
FLEXEN	100MG	B/6+6 AMP	SOL.INJ.
FLEXODOZ	50G/DOSE	FL/120 DOSES	SUSP NASAL
FLIXASONE	50G/DOSE	FL/20ML (120 DOSES)	SPRAY NASAL
FLIXODIS	50G/DOSE	FL/100 DOSES	SUSP.NASALE
FLIXONASE	50G/DOSE	FL/120 DOSES	SOL.NASAL/S
FLIXONE	50G/DOSE	FL/120 DOSES	SUSP P/PULV
FLIXOTIDE	125G/DOSE	FL/120DOSES	SUSP.INHAL.
FLIXOTIDE	250G/DOSE	FL/60 DOSES	SUSP.INHAL.
FLIXOTIDE	250G/DOSE	FL/60DOSES	SUSP.INHAL.
FLIXOTIDE	50G/DOSE	FL/120DOSES	SUSP.INHAL.
FLOCINE	250MG	B/10	COMP.PELLI
FLOCINE	500MG	B/10	COMP.PELLI.
FLOCINOL	150MG/150MG	B/10	SUPPO.
FLOGOFENAC	1%	T/50 G	GEL
FLOGOFENAC	100MG	B/10	SUPPO.
FLOGOFENAC	100MG	B/7	CAPS.
FLOGOFENAC	75MG/3ML	B/5	SOL.INJ.
FLOHALE HFA 125 INHALER	125G/DOSE	BTE/1FL DE 120 DOSES	SUSP POUR I
FLOHALE HFA 250 INHALER	250G/DOSE	BTE/1FL DE 120 DOSES	SUSP POUR I
FLOHALE HFA 50 INHALER	50G/DOSE	BTE/1FL DE 120 DOSES	SUSP POUR I
FLOMIST	50G/DOSE	FL/100 DOSES	SPRAY NASAL
FLOSAS	150MG/150MG	B/10	SUPPO.
FLOVENAC	50MG	B/20	COMP.ENRO.
FLOVENAC	50MG	BTE/20	GLES MIC/GR
FLOVENAC LP	100MG	B/10	COMP.ENRO.L
FLOVENAC LP	100MG	BTE/10	MICROG LP E
FLOVENAC LP	75MG	BTE/30	GLS/MICR/GA
FLOXEDOL	3MG/ML(0.3%)	FL/10 ML	COLLYRE GEL
FLOXETINA HISPAL	20MG	B/20	GLES.
FLOXYFRAL	100MG	B/15	COMP.
FLOXYFRAL	50MG	B/30	COMP.
FLUBENE	100MG	BTE/06	COMP.
FLUBENE	20MG/ML	FL/30 ML	SUSP.BUV.
FLUBIFENE	100MG	B/20	COMP.PELLI
FLUCAND	150MG	B/1	GLES A GRAN
FLUCAND	50MG	B/3	GLES.
FLUCAND	50MG	B/7	GLES.
FLUCASONE	50G/DOSE	FL/20 ML(120 DOSES)	SUSP.SPRAY.
FLUCASONE MINI	27.5G/PULV	FL/120 PULV	SUSP P/PULV
FLUCAZOLE	150MG	BTE/01	GLES.
FLUCAZOLE	150MG	BTE/4	GLES.
FLUCAZOLE	50MG	BTE/03	GLES.
FLUCAZOLE	50MG	BTE/07	GLES.
FLUCIDAL	250MG	B/30	GLES.
FLUCIDAL	3G/100G(3%)	TUBE/40 G	POMMADE.P.A
FLUCOHEAL 150	150MG	B/1	GLES.
FLUCOHEAL 50	50MG	B/3	GLES.
FLUCON	0.10%	FL/3ML	COLLY.
FLUCONALE	150MG	BTE/01	GLES.
FLUCONALE	50MG	BTE/03	GLES.
FLUCONALE	50MG	BTE/07	GLES.
FLUCONAZOLE	100MG	B/7	COMP.
FLUCONAZOLE HUP	150MG	BTE/01	GLES.
FLUCONAZOLE LDM	150MG	BTE/01	GLES.
FLUCONAZOLE LDM	50MG	BTE/03	GLES.
FLUCONAZOLE PFIZER	50MG	BTE/03	GLES.
FLUCONAZOLE PHYSIOPHARM	150MG	BTE/01	GLES.
FLUCONAZOLE PHYSIOPHARM	50MG	BTE/03	GLES.
FLUCONAZOLE SANDOZ	50MG	BTE/10	GLES.
FLUCOZAL	50MG	BTE/03	GLES.
FLUCOZOL	50MG	B/3	GLES.
FLUDEX	1.5MG	B/30	COMP.PELL.L
FLUDIS	100MG	BTE/16	COMP.PELLI
FLUDOZ	50MG	B/3	GLES.
FLUGIC	50MG	BTE/3	GLES.
FLUIDABAK	1.5%	FL/10 ML	COLLYRE.SOL
FLUKAS	150MG	BTE/01	GLES.
FLUKAS	150MG	BTE/04	GLES.
FLUKAS	50MG	BTE/10	GLES.
FLULIX	1MG/ML	FL/5ML	COLLYRE EN
FLUMIDE LP	1.5MG	BTE/30	COMP.PELL.L
FLUMOX	20MG/ML	FL/30ML	SUSP.BUV.
FLUORESCEINE SODIQUE	10%	B/1 AMP DE 5ML	SOL.INJ.
FLUOXAC	20MG	BTE/30	GLES.
FLUOXETINE BIOGARAN	20MG	B/14	GLES.
FLUOXETINE MABO	20MG	B/30	GLES.
FLUOXETINE MERINAL	20MG	BTE/30	GLES.
FLUOXETINE UPC	20MG	B/14	GLES.
FLUOXETINE UPC	20MG/5MLMG/ML	FL/70ML	SOL.BUV.
FLUOXONE	20MG	B/20	COMP.ENRO.
FLURBINAD	100MG	BTE 20	COMP.PELLI
FLURBIPROFAL	100MG	BTE/16	COMP.PELLI
FLUSAL	20MG/3G%	T/15 G	PDE.DERM.
FLUTEL	50G/DOSE	FL/120 DOSES	SUSP P/PULV
FLUTERAX	2MG/0.625MG	BTE/30	COMP.PELLI
FLUTERAX	4MG/1.25MG	BTE/30	COMP.PELLI
FLUTINASE	50G/DOSE	FL/120 DOSES	SPRAY NASAL
FLUVACOL LP	80MG	BTE/30	COMP.PELL.L
FLUVASTAN	80MG	BTE/30	COMP.PELL.L
FLUVASTATINE LDM	40MG	BTE/30	GLES.
FLUVASTATINE LDM	80MG	BTE/30	COMP.PELL.L
FLUVASTATINE NOVAGENERICS	80MG	BTE/30	COMP.PELL.L
FLUVASTINE 40 MG	40MG	BTE/30	GLES.
FLUVASTINE LP 80 MG	80MG	BTE/30	COMP.PELL.L
FLUVERBIEN	100MG	BTE/06	COMP.
FLUVERDAL	100MG/5ML	FL/ 30ML	SUSP.BUV.
FLUVERMAL	100MG	B/6	COMP.
FLUVERMAL	100MG/5ML	FL/30 ML	SUSP.BUV.
FLUVERMI	100MG/5ML	FL/30 ML	SUSP.BUV.
FLUVERZOL	20MG/ML	FL/30 ML	SUSP.BUV.
FLUZAC	20MG	B/12	GLES.
FOLACID	5MG	BTE/60	COMP.
FOLACIQ	5MG	BTE/60	COMP.
FOLAX	5MG	B/60	COMP.
FOLENAT 70MG	70MG	B/04	COMP.
FOLIAK	5MG	BTE/60	COMP.
FOLIDEN	5MG	B/60	COMP.
FOLMED	5MG	B/50	COMP.
FONGENAL	125MG	B/32	COMP.
FONGENAL	250MG	B/30	COMP.
FONGENAL	500MG	B/20	COMP.
FONGYMEX	500MG	BTE/10	OV.
FONGYNE	500MG	B/10	OV.
FONITRA	5MG	BTE/60	COMP.
FONX	1%	T/15G	CRE.
FONZOLINE	2%	T/15G	CRE.DERM.
FORACORT HFA 100	100G/6G/DOSES	FL/120 DOSES	SPRAY BUCCA
FORACORT HFA 200	200G/6G/DOSES	FL/120 DOSES	SPRAY BUCCA
FORADIL	12G	B/30	PDRE P/INHA
FORADIL	12G	B/60	PDRE P/INHA
FORATEC HFA	12G/DOSE	FL/120 DOSES	SPRAY P/INH
FORLAX	10G/SACHETS	B/20 SACHETS	PDRE.SOL.BU
FORMENTIN	1000MG	BTE/100	COMP.PELLI.
FORMENTIN	1000MG	BTE/30	COMP.PELLI.
FORMENTIN	500MG	BTE/100	COMP.PELLI
FORMENTIN	500MG	BTE/30	COMP.PELLI
FORMENTIN	500MG	BTE/50	COMP.PELLI
FORMENTIN	850MG	B/30	COMP.PELLI
FORMENTIN	850MG	BTE/100	COMP.PELLI
FORMIDOX	850MG	BTE/30	COMP.PELLI
FORMONIDE	100G/6G/DOSES	FL/120DOSES	SUSP.INHAL.
FORMONIDE	200G/6G/DOSES	FL/120DOSES	SUSP.INHAL.
FORMOTEROL WINTHROP	12G	BTE/60	PDR P/INHAL
FORMOTEROL ZENTIVA	12G	BTE/60	PDR.P/INHAL
FORTICAM	20MG	B/10	SUPPO.
FORTRANS	64G	B/30 SACHETS	PDRE.SOL.BU
FORTRANS	64G/5.7G/1.68G/1.46G/0.75G	BTE/04 SACHETS	PDRE SOLUTI
FORTZAAR	100MG/25MG	B/28	COMP.PELLI
FOSACARE	70MG	BTE/4	COMP.
FOSTER	100G/6G	FL/120 DOSES	SOL.INHAL.
FRADENE	20MG	B/20	GLES.
FRADENE	20MG/ML	BTE/02 AMP/1ML	SOL INJ.IM.
FRAGMINE	10000UIANTI-XA/ML	BTE/02	SOL.INJ.SER
FRAGMINE	2500UIANTI-XA/0.2ML	BTE/02	SOL.INJ.SER
FRAGMINE	5000UIANTI-XA/0.2ML	BTE/02	SOL.INJ.SER
FRAGMINE	7500UIANTI-XA/0.75ML	BTE/02	SOL.INJ.SER
FRAKIDEX	315000UI/0	T/5G	PDE.OPHT.
FRAKIDEX	630000UI/10	B/1+1 DE 5ML	COLLY.
FRAXAL	10MG	BTE/30	COMP.PELL.L
FRAXAL	5MG	BTE/60	COMP.PELL.L
FRAXIPARINE	2850UI/0.3ML	B/10 SERINGUES PR -	SOL.INJ.SC.
FRAXIPARINE	2850UI/0.3ML	B/2 SERINGUES PR -	SOL.INJ.SC.
FRAXIPARINE	3800UIANTIX	B/2	SOL.INJ.
FRAXIPARINE	3800UIANTIXA/0.4ML	BTE/10 SERINGUES	SOL.INJ.S/C
FRAXIPARINE	5700UI/0.6ML	B/10 SERINGUES	SOL.INJ.SC.
FRAXIPARINE	5700UI/0.6ML	B/2 SERINGUES	SOL.INJ.SC.
FRAXIPARINE	7600UI/0.8ML	B/10 SERINGUES	SOL.INJ.SC.
FRAXIPARINE	7600UI/0.8ML	B/2 SERINGUES	SOL.INJ.SC.
FRAXODI	11400UIAXA/0	BT/10	SOL.INJ.SC.
FRAXODI	11400UIAXA/0	BT/2	SOL.INJ.SC.
FRAXODI	15200UIAXA/	BT/10	SOL.INJ.SC.
FRAXODI	15200UIAXA/	BT/2	SOL.INJ.SC.
FRAXODI	19000UIAXA/1	BT/10	SOL.INJ.SC.
FRAXODI	19000UIAXA/1	BT/2	SOL.INJ.SC.
FUCARE	250MG	BTE/10	COMP.PELLI
FUCIDAC	250MG	BTE/10	COMP.PELLI
FUCIDANE	2G	T/15G	PDE.
FUCIDANE GL	250MG/5ML	FL/90 ML	SUSP.BUV.
FUCIDE	250MG	BTE/10	COMP.PELLI
FUCIDERM	2%	TUBE/15 G	PDE.DERM.
FUCIDINE	2%G%	TUBE DE 15 GRAMMES	PDE.DERM.
FUCIDINE	250MG	B/10	COMP.PELLI
FUCIDINE	2G%	T/15 G	CRE.
FUCIDINE	500MG/10ML	B/1+1	PDRE.SOL.IN
FUCIDINE PEDIATRIQUE	250MG/5ML	FL/90 ML	SUSP.BUV.
FUCIMED	250MG/5ML	FL/90 ML	SUSP.BUV.
FUCITHALMIC	1%	T/3 G	GEL OPHTALM
FUDACINE	250MG	BTE/10	COMP.PELLI
FULCINE	500MG	B/10	COMP.
FUMACUR	200MG	B/80	COMP.
FUMAFER	100MG/G	B/50 G	PDRE.OR.
FUMAFER	200MG	B/100	COMP.
FUNGICIP	1G%	T/20 G	CRE.
FUNGIZONE	100MG	FL/40 ML	SUSP.BUV.
FUNGIZONE	100MG/ML	FL/40ML	SUSP.BUV.
FUNGRYL	1%	T/15G	CRE.DERMIQU
FUNZOL 150	150MG	B/1	GLES.
FUNZOL 50	50MG	B/3	GLES.
FUROLIX	20MG/2ML	BTE/05 AMP 2ML	SOL.INJ.IM.
FUROSAN	500MG	B/20	COMP.
FUROSEMIDE	20MG	B/30	COMP.
FUROSEMIDE	20MG	B/5 AMP DE 2ML	SOL.INJ.
FUROSEMIDE	20MG/2ML	B/10	SOL.INJ.
FUROSEMIDE	40MG	B/30	COMP.
FUROSEMIDE BIOGARAN	20MG	B/30	COMP.SEC.
FUROSEMIDE BIOGARAN	40MG	B/20	COMP.SEC.
FUROSEMIDE GEO	20MG/2ML	BTE/05 AMP	SOL.INJ.
FUROSEMIDE HUP	40MG	BTE/20	COMP.SEC.
FUROSEMIDE IVAL	40MG	B/20	COMP.SEC.
FUROSEMIDE RATIOPHARM	40MG	B/20	COMP.
FUROSEMIDUM	40MG	B/30	COMP.
FUROSILIX	20MG/2ML	BTE/05 AMPOULES	SOL.INJ.IV
FUROSIX	40MG	B/20	COMP.
FUROZAL	20MG/2ML	B/50 AMPOULE	SOL.INJ.IM.
FUROZAL	40MG	B/20	COMP.
FUROZAL FAIBLE	20MG	B/20	COMP.
FUSACID	2%	T/15 G	CRE.DERMIQU
FUSIDERM	2%	T/15G	CRE.
FUSIDERM	2%	T/15G	PDE.DERM.
FUSODIUM	2%	T/15 G	PDE.DERM.
FUTARON	10MG/ML(1%)	FL/05 ML	COLLYRE VIS
FUZOL	100MG	BTE/06	COMP.
FUZOL	20MG/ML	FL/60ML	SUSP.BUV.
G-SULPIRIDE	25MG/5MLMG/ML	FL/200ML	SOL.BUV.
G-SULPIRIDE	50MG	B/30	GLES.
GAALOX	400/400MG	B/20	COMP. A CRO
GAALOX PLUS	200/200/25MG	B/40	COMP. A CRO
GABALYSE	150MG	BTE/56	GLES.
GABALYSE	300MG	BTE/56	GLES.
GABALYSE	75MG	BTE/56	GLES.
GABAMAX	400MG	BTE/50	GLES.
GABAPENTINE GL	300MG	BTE/50	GLES.
GABAPENTINE GL	400MG	BTE/50	GLES.
GABARONTIN	300MG	BTE/50	GLES.
GABARONTIN	400MG	BTE/50	GLES.
GABATINE	300MG	BTE/50	GLES.
GABATREX	300MG	B/50	GLES.
GABATREX	400MG	B/50	GLES.
GADOVIST	604.72MG/ML(1MMOL/ML)157.25MG	F/15ML	SOL.INJ.IV.
GADOVIST	604.72MG/ML(1MMOL/ML)157.25MG	F/7.5ML	SOL.INJ.IV.
GALARA	150MG	BTE/30	GLES.
GALARA	300MG	BTE/30	GLES.
GAMCET	0.4MG	BTE/30	COMP.PELL.L
GANTANIL	500MG	BTE/30	COMP.
GARDENAL	100MG	B/20	COMP.
GARDENAL	40MG	B/1	INEUSE PDRE.SOL.IN
GARDENAL	50MG	B/30	COMP.
GASEC-20	20MG	B/14	GLES MIC/GR
GASTIDINE	150MG	B/20	COMP.
GASTOMAX	50MG/26.7MG/ML	FL/200 ML	SUSP.BUV.
GASTRALGINE	100/150/200/3MG	B/40	COMP. A CRO
GASTRALOX	225/200/5MG	FL/355 ML	SUSP.BUV.
GASTREX	150MG	B/20	COMP.PELLI
GASTREX 150	150MG	BTE/60	COMP.PELLI
GASTRIMUT	20MG	B/14	GLES.MICRON
GASTRIUM	50MG/26.7MG	FL/200 ML	SUSP.BUV.
GASTRODONE	1MG/ML	FL/200 ML	SUSP.BUV.
GASTROGEL	3.4G/3.9G/100ML	FL/250 ML	SUSP.BUV.
GASTROGRAFINE	I370MG/ML	FL/100 ML	SOLUTE BUV.
GASTROMAX	20MG	B/14	GLES.
GASTROPRAL	20MG	B/14	GLES.MIC.GA
GASTROPRIDE	10MG	B/20	COMP.
GASTROPRIDE	1MG/ML	FL/100 ML	SUSP.BUV.
GASTROVERSAL	400MG/400MG	BTE/12	PDRE ORALE
GATIMOX AROME FENOUIL	500MG/267MG	B12 STICK UNIDOS10ML	SUSP.BUV.
GATIMOX AROME FENOUIL	500MG/267MG	B24 STICK UNDOSE10ML	SUSP.BUV.
GAVISCON	5G/2.67G/100ML	FL/250 ML	SUSP.BUV.
GAVIX	500MG/267MG	BTE/12	SUSP.BUV.SA
GAVIX	500MG/267MG	BTE/24	SUSP.BUV.SA
GEASPERIQUE	100MG	B/20	COMP.
GEASPIRIQUE	500MG	B/20	COMP.SEC.
GECTAPEN	1000000UI	B/1+1DE 3ML	PDRE.SOL.IN
GECTAPEN	500000UI	B/1+1	PDRE.SOL.IN
GEFENE	20MG/ML	FL/125ML	SUSP.BUV.
GELARDINE	0.1G/100ML(5MG/CAC)	FL/100ML	SIR.
GELARDINE	10MG	B/15	COMP.SEC.
GELDENE	0.50%	T/50 G	GEL
GELFEN 5 %	5%	T/50 G	GEL
GELOX	2.5G/SACHET	B/30 SACHETS	SUSP.BUV.
GELTIM LP	1MG/G	BT30 RECIP SACHET 10	GEL OPH REC
GEMAL	1000MG	B/10	COMP.
GEMAL	100MG	B/10	SUPPO.
GEMAL	200MG	B/10	SUPPO.
GEMAL	300MG	B/10	SUPPO.
GEMAL	500MG	B/20	COMP.
GEMAL	500MG	B/20	GLES.
GEMATE	400MG	B/10	SUPPO.
GEMATE GEL	2.50%	TUBE/60G	GEL
GEMPERAN	2.60MG/ML0.26%	FL/60ML	SOL.BUV.GTT
GENICET	1G	BTE/12	COMP.
GENICET	250MG/5ML	FL/60 ML	PDRE.P/SUSP
GENICET	500MG	BTE/20	GLES.
GENISTENE	0.05%(0.5MG/ML)	FL/30 ML	SOL.BUV.
GENOLOL	100MG	B/20	COMP.
GENOTROPIN GOQUICK	12MG/ML	B/1STYLO PREREMP 1ML	PDR SOLV SO
GENOTROPIN GOQUICK	5.3MG/ML	B/1STYLO PREREMP 1ML	PDR SOLV SO
GENSULIN M30	100UI/ML	FL/10ML	SUSP.INJ.
GENSULIN N	100UI/ML	FL/10ML	SUSP.INJ.
GENSULIN R	100UI/ML	FL/10ML	SOL.INJ.
GENTA 10	10MG/ML	BTE/05 AMP	SOL.INJ.IM.
GENTA 20	20MG/2ML	BTE/5 AMP DE 2 ML	SOL.INJ (IM
GENTA 40	40MG/2ML	BTE/5 AMP DE 2 ML	SOL.INJ (IM
GENTA 80	80MG/2ML(40MG/ML)	BTE/05 AMP DE 2 ML	SOL.INJ (IM
GENTA-GOBENS	40MG	B/1 AMP DE 2 ML	SOL.INJ.
GENTA-GOBENS	80MG	B/1 AMP DE 2 ML	SOL.INJ.
GENTACINE	80MG/2ML	BTE/ 5 AMPOULES	SOL.INJ.IM.
GENTACINE	80MG/2ML	BTE/1 AMPOULE	SOL.INJ.IM.
GENTADAR	3MG/ML	FL/10 ML	COLLY.
GENTAL	80MG/2ML	B/1 AMP	SOL.INJ.
GENTAL	80MG/2ML	B/5 AMP	SOL.INJ.
GENTALEK	3MG/G	T/5 G	PDE.OPHT.
GENTALEK	3MG/ML	FL/5 ML	COLLY.
GENTALEK	40MG/2ML	B/1 AMP	SOL.INJ.
GENTALEK	80MG/2ML	B/1 AMP	SOL.INJ.
GENTALLINE	10MG/ML	B/1 AMP	SOL.INJ.
GENTALLINE	3MG/G	T/5 G	PDE.OPHT.
GENTALLINE	3MG/MLMG/5ML	FL/5 ML	COLLY.
GENTALLINE	40MG/ML	B/1 AMP	SOL.INJ.
GENTALLINE	80MG/2ML	B/1 AMP	SOL.INJ.
GENTALLLINE	10MG/ML	B/1 AMP	SOL.INJ.
GENTAM	3MG/G	T/4 G	PDE.OPHT.
GENTAM	3MG/ML	FL/8 ML	COLLY.
GENTAMED	80MG/2ML	B/10 AMP DE 2 ML	SOL.INJ.
GENTAMICIN	3MG/MLMG/5ML	FL/5 ML	COLLY.
GENTAMICINE	3MG/G	T/3 G	PDE.OPHT.
GENTAMICINE	40MG	B/1 AMP /1ML	SOL.INJ.
GENTAMICINE	40MG	B/10 AMP/1ML	SOL.INJ.
GENTAMICINE	40MG/2ML	B/1 AMP	SOL.INJ.
GENTAMICINE	80MG/2ML	B/1 AMP	SOL.INJ.
GENTAMICINE	80MG/2ML	B/5	SOL.INJ.
GENTAMICINE	80MGMG/2ML	B/1 AMP/2ML	SOL.INJ.
GENTAMICINE	80MGMG/2ML	B/10 AMP/2ML	SOL.INJ.
GENTAMICINE BIOCHEMI	40MG	B/5 AMP DE 1ML	SOL.INJ.
GENTAMICINE BIOCHEMIE	80MG	B/4 AMP DE 2ML	SOL.INJ.
GENTAMICINE LEURQUIN	80MG	B/1 AMP DE 2ML	SOL.INJ.
GENTAMINE	80MG/2ML	B/1	SOL.INJ.
GENTAMYCIN SULPHATE	40MG/2ML	B/100	SOL.INJ.
GENTAMYCINE	3MG/ML%	FL/5 ML	COLLY.
GENTAMYCINE GEO	80MG/2ML	BTE/03 AMP	SOL.INJ.
GENTAMYCINE-GEO	80MG/2ML	B/03 FL DE 2ML	SOL.INJ.
GENTAMYCINE-GEO	80MG/2MLMG/ML	BTE/1FLACON	SOL.INJ.
GENTATIC	40MG/2MLMG/ML	B/10 FLACONS DE 2ML	SOL.INJ.IM.
GENTAXYN	20MG/MLOU(40MG/2ML)	BTE/5AMPOULES DE 2ML	SOL.INJ.IM.
GENTAXYN	40MG/ML(80MG/2ML)	BTE/03 AMPOULES	SOL.INJ.IM.
GENTHERAXINE	20MG/ML	BTE/05 AMP DE 2ML	SOL.INJ.IM.
GENTHERAXINE	20MG/ML(40MG/2ML)	BTE/05AMP DE 2 ML	SOL.INJ.IM.
GENTHERAXINE	40MG/ML(80MG/2ML)	BTE/03 AMP DE 2ML	SOL.INJ.IM.
GENTICOL	3MG/G	T/10 G	PDE.OPHT.
GENTICOL	3MG/ML	FL/10 ML	COLLY.
GENTICOL	3MG/ML	T/10 G	PDE.OPHT.
GENTOCIL	3MG/ML(0.3%)	FL/5 ML	COLLYRE.SOL
GENTOCIL	80MG/2ML	B/3 AMP DE 2 ML	SOL.INJ.
GENTOMIL	40MG/ML	B/5 AMP/ 2ML	SOL.INJ.
GENTOMIL	80MG/ML	B/5 AMP/ 2ML	SOL.INJ.
GEOFENAC	100MG	B/10	COMP.ENROBE
GEOFENAC	50MG	B/20	COMP PELL G
GEOFENAC	75MG/3ML	B/02 AMPOULES DE 3ML	SOL.INJ.
GEOFER	100MG/5ML	FL/100 ML	SIR.
GEOFER	10MG/ML(50MG/5ML)	FL/100 ML	SIR.
GEOFER UNIDOSE	20MG/ML(100MG/5ML)	BTE/10 FLS DE 5ML	SOL BUV EN
GEOLAX	13.125G/0.1785G/0.3507G/0.0466	BTE/20	PDR.SOL.BUV
GEPROFEN	2.50%	T/60G	GEL
GEPROFENE	100MG	BTE/12	SUPPO.
GERDOL	1MG	BTE/30	COMP.PELLI
GEROXYL	4%	FL/20ML	SOL.BUV.GTT
GERTALGIN	20MG	B/14	GLES.MICRON
GERTOCALM	150MG	B/20	COMP.
GESPASON	150MG/150MG	B/10	SUPPO.
GETADINE	10%	FL/50ML	SOL APPL LO
GETRIM	400MG/80MG	B/20	COMP.
GETRIM FORT	800MG/160MG	B/10	COMP.
GINGERAL	40MG/ML	FL/125 ML	SOL.BUV.
GINKOBA	40MG/ML	FL/15 ML	SOLUTE BUV.
GIZLAN 150	150MG	BTE/30	COMP.PELLI
GIZLAN 300	300MG	BTE/30	COMP.PELLI
GIZLAN DUO	150MG/10MG	BTE/30	COMP.PELLI
GIZLAN DUO	150MG/5MG	BTE/30	COMP.PELLI
GIZLAN DUO	300MG/10MG	BTE/30	COMP.PELLI.
GIZLAN DUO	300MG/5MG	BTE/30	COMP.PELLI
GIZLAN-PLUS 150/12.5	150MG/12.5MG	BTE/30	COMP.PELLI
GIZLAN-PLUS 300/12.5	300MG/12.5MG	BTE/30	COMP.PELLI
GIZLAN-PLUS 300/25	300MG/25MG	BTE/30	COMP.PELLI
GLARUS	100UI/ML(3.64MG/ML)	BTE/01 STYLO DE 3ML	SOL.INJ.EN/
GLARUS	100UI/ML(3.64MG/ML)	BTE/03 STYLOS DE 3ML	SOL.INJ.EN/
GLARUS	100UI/ML(3.64MG/ML)	BTE/05 STYLOS DE 3ML	SOL.INJ.EN/
GLARUS PLUS	300UI/ML	BTE/01 STYLO 1.5ML	SOL.INJ.SC.
GLARUS PLUS	300UI/ML	BTE/01 STYLO 3ML	SOL.INJ.SC.
GLARUS PLUS	300UI/ML	BTE/03 STYLOS 1.5ML	SOL.INJ.SC.
GLARUS PLUS	300UI/ML	BTE/03 STYLOS 3ML	SOL.INJ.SC.
GLATHERA	40MG/ML	BTE/02 SERINGUES	SOL.INJ SER
GLATIX	30MG	BTE/30	COMP.A.LIB.
GLAUCADRINE	2%/1%/10ML	FL/10 ML	COLLY.
GLAUCOSTAT	2%/10ML	FL/10 ML	COLLY.
GLAUSOPT	50G/ML(0.005%)	FL/2.5 ML	COLLYRE.SOL
GLAZIDAL	80MG	B/30	COMP.
GLAZIDAL LP	30MG	BTE/30	MICROG LP E
GLIBENCLAMIDE	5MG	B/20	COMP.
GLIBENCLAMIDE	5MG	B/30	COMP.
GLIBENCROVIS	2.5MG	B/60	COMP.
GLIBIL	5MG	B/100	COMP.
GLIBIL	5MG	B/30	COMP.
GLICALAD	80MG	B/20	COMP.
GLICLAZIDAL	80MG	B/60	COMP.
GLICLAZIDE BGL	30MG	BTE/30	COMP PELL.A
GLICOMIN	5MG	B/60	COMP.
GLICRON	30MG	BTE/30	COMP PELL L
GLIFLOCARE	10MG	BTE/30	COMP.PELLI
GLIMAX	1MG	B/30	COMP.
GLIMAX	2MG	B/30	COMP.
GLIMAX	3MG	B/30	COMP.
GLIMEPIRIDE BEKER	1MG	BTE/30	COMP.SEC.
GLIMEPIRIDE BEKER	1MG	BTE/90	COMP.SEC.
GLIMEPIRIDE BEKER	2MG	BTE/30	COMP.SEC.
GLIMEPIRIDE BEKER	2MG	BTE/90	COMP.SEC.
GLIMEPIRIDE BEKER	3MG	BTE/30	COMP.SEC.
GLIMEPIRIDE BEKER	3MG	BTE/90	COMP.SEC.
GLIMEPIRIDE BEKER	4MG	BTE/30	COMP.SEC.
GLIMEPIRIDE BEKER	4MG	BTE/90	COMP.SEC.
GLIMEPIRIDE IVAL	1MG	B/30	COMP.SEC.
GLIMEPIRIDE IVAL	2MG	B/30	COMP.SEC.
GLIMEPIRIDE IVAL	3MG	BTE/30	COMP.SEC.
GLIMEPIRIDE IVAL	4MG	BTE/30	COMP.SEC.
GLIMEPIRIDE LDM	2MG	BTE/30	COMP.SEC.
GLIMEPIRIDE LDM	3MG	BTE/30	COMP.
GLIMEPIRIDE PHYSIOPHARM	2MG	BTE/30	COMP.
GLIMEPIRIDE PHYSIOPHARM	4MG	BTE/30	COMP.
GLIMEPIRIDE WINTHROP	1MG	BTE/30	COMP.SEC.
GLIMEPIRIDE WINTHROP	2MG	BTE/30	COMP.SEC.
GLIMEPIRIDE WINTHROP	3MG	B/30	COMP.SEC.
GLIMEPIRIDE WINTHROP	4MG	B/30	COMP.SEC.
GLIMICARE	1MG	B/30	COMP.SEC.
GLIMICARE	2MG	B/30	COMP.SEC.
GLIMICARE	3MG	B/30	COMP.SEC.
GLIMICARE	4MG	B/30	COMP.SEC.
GLIMICARE	6MG	BTE/30	COMP.SEC.
GLIMID	5MG	B/30	COMP.
GLINIDIA	2MG	BTE/30	COMP.
GLINIX	0.5MG	BTE/30	COMP.
GLINIX	1MG	BTE/30	COMP.
GLINIX	2MG	BTE/30	COMP.
GLIPHARM	5MG	B/20	COMP.
GLIPICRONE	80MG	B/20	COMP.
GLIZIDE	80MG	B/30	COMP.
GLODEC 1	1MG	BTE/30	COMP.
GLODEC 2	2MG	BTE/30	COMP.
GLODEC 3	3MG	BTE/30	COMP.
GLODEC 4	4MG	BTE/30	COMP.
GLORION	1MG	B/30	COMP.
GLORION	1MG	BTE/90	COMP.SEC.
GLORION	2MG	B/30	COMP.
GLORION	2MG	BTE/90	COMP.SEC.
GLORION	3MG	B/30	COMP.
GLORION	3MG	BTE/90	COMP.SEC.
GLORION	4MG	B/30	COMP.
GLORION	4MG	BTE/90	COMP.SEC.
GLORION	6MG	BTE/30	COMP.SEC.
GLORION	6MG	BTE/90	COMP.SEC.
GLUCAGEN HYPOKIT	1ML	B/1+1 SERINGUE DE	SERINGUES P
GLUCAGENE	1MG	B/1+1	PDRE.SOL.IN
GLUCANTIME	1.5G/5ML	B/5 AMP DE 5ML	AMP.INJ.
GLUCAR	100MG	BTE/30	COMP.SEC.
GLUCAR	50MG	BTE/30	COMP.
GLUCOBAY	50MG	B/30	COMP.
GLUCOFORMINE	1000MG	BTE/100	COMP.PELLI.
GLUCOFORMINE	1000MG	BTE/30	COMP.PELLI.
GLUCOFORMINE	500MG	BTE/30	COMP.PELLI
GLUCOFORMINE	850MG	BTE/100	COMP.PELLI
GLUCOFORMINE	850MG	BTE/30	COMP.PELLI
GLUCOMEX	1000MG	BTE/30	COMP.PELLI
GLUCOMEX	1000MG	BTE/90	COMP.PELLI
GLUCOMEX	500MG	BTE/30	COMP.PELLI
GLUCOMEX	850MG	BTE/30	COMP.PELLI
GLUCOMEX	850MG	BTE/90	COMP.PELLI
GLUCOMID	5MG	B/30	COMP.
GLUCONAD	850MG	BTE/120	COMP.PELLI
GLUCONAD	850MG	BTE/30	COMP.PELLI
GLUCONAD	850MG	BTE/60	COMP.PELLI
GLUCONAD	850MG	BTE/90	COMP.PELLI
GLUCONIL	5MG	B/30	COMP.
GLUCONOVA	100MG	B/30	COMP.SEC.
GLUCONOVA	50MG	BTE/30	COMP.
GLUCONYX	1000MG	BTE/30	PDR.SOL.BUV
GLUCONYX	500MG	BTE/30	PDR.SOL.BUV
GLUCONYX	850MG	BTE/30	PDR.SOL.BUV
GLUCOPHAGE	1000MG	BTE/30	COMP.PELLI.
GLUCOPHAGE	1000MG	BTE/60	COMP.PELLI.
GLUCOPHAGE	500MG	B/50	COMP.
GLUCOPHAGE 500	500MG	BTE/30	COMP.PELLI
GLUCOPHAGE 500	500MG	BTE/90	COMP.PELLI
GLUCOPHAGE 850	850MG	B/100	COMP.PELLI
GLUCOPHAGE 850	850MG	B/30	COMP.PELLI
GLUCOPHAGE 850	850MG	BTE/90	COMP.PELLI
GLUCORAL	500MG	B/30	COMP.
GLUCOTAC	850MG	BTE/30	COMP.PELLI
GLUCOVANCE	500MG/2.5MG	BTE/30	COMP.PELLI
GLUCOVANCE	500MG/5MG	BTE/30	COMP.PELLI
GLUDOSIN	1MG	BTE/30	COMP.SEC.
GLUDOSIN	2MG	BTE/30	COMP.SEC.
GLUDOSIN	3MG	B/30	COMP.SEC.
GLUDOSIN	4MG	B/30	COMP.SEC.
GLUPOTAS	15%	FL/120 ML	SIR.
GLUPROTEC	100MG	BTE/30	COMP.
GLUPROTEC	50MG	BTE/30	COMP.
GLURENOR	30MG	BTE/20	COMP.SEC.
GLURENOR	30MG	BTE/40	COMP.SEC.
GLYACARB	50MG	BTE/30	COMP.
GLYAZIDE	80MG	B/20	COMP.
GLYBEK	100MG	BTE/30	COMP.SEC.
GLYBEK	100MG	BTE/90	COMP.SEC.
GLYBEK	50MG	BTE/30	COMP.
GLYBEK	50MG	BTE/90	COMP.
GLYCENORM	0.5MG	BTE/30	COMP.
GLYCENORM	1MG	BTE/30	COMP.
GLYCENORM	2MG	BTE/30	COMP.
GLYCERINE	0.72G	B/10	SUPPO.
GLYCERINE B B S	0.642G	BTE/10	SUPPO.
GLYCERINE BEBE	0.72G	B/10	SUPPO.
GLYCERINE LS B B	0.72G	BTE/10	SUPPO.
GLYPOMIDE	5MG	B/20	COMP.
GOBEMICINA	1G	B/1 AMP DE 4 ML	PDRE.SOL.IN
GOBEMICINA	500MG	B/1 AMP DE 4 ML	PDRE.SOL.IN
GOBEMICINA	500MG	B/12	GLES.
GONADOTROPHINE CHORIONIQUE ENDO	1500UI	B/1 AMP	LYOPHILI.IN
GONADOTROPHINE CHORIONIQUE ENDO	5000UI	B/1	LYOPHILI.IN
GONADOTROPHINE CHORIONIQUE ENDO	500UI	B/6+6 AMP	LYOPHILI.IN
GONAL-F	150UI/ML	B/1+1	LYOPH.SOL.I
GONAL-F	300UI/0.5ML(22G/0.5ML)	B/1STYLO 0.5ML+5AIGU	SOL.INJ.SC.
GONAL-F	450UI/0.75ML(33G/0.75ML)	B/1STYLO 0.75ML+7AIG	SOL.INJ.SC.
GONAL-F	75UI/ML(5.5G/ML)	B/1+1	PDR.SOLV/SO
GONAL-F	900UI/1.5ML(66G/1.5ML)	B/1STYLO 1.5ML+14AIG	SOL.INJ.SC.
GONIOSOL	1%	FL/10 ML	COLLY.
GRAMIDIL	125MG/5MLMG/5ML	FL/60 ML	PDRE.P/SUSP
GRAMIDIL	250MG/5ML	FL/60 ML	PDRE.P/SUSP
GRAMIDIL	500MG	B/12	GLES.
GRAMIDIL	500MG/5ML	FL/60 ML	PDRE.P/SUSP
GRAMOX	250MG/5ML	FL/60 ML	PDRE.P/SUSP
GRAMOX	500MG	B/12	GLES.
GRIPEX ALLERGIE	10MG	BTE/07	COMP.PELLI.
GRISEFULINE	250MG	B/30	COMP.
GRISEFULINE	500MG	B/20	COMP.
GRODUREX	50MG/5MG	B/20	COMP.
GROFENAC	100MG	B/10	COMP.
GROFENAC	50MG	B/20	COMP.
GROMAZOL	1G%	T/20G	CRE.
GROPRIM	400MG/80MG	B/20	COMP.
GYLAXA	5MG	BTE/20	COMP.GASTRO
GYNO-CORYL	150MG	B/3	OV.
GYNO-PEVARYL	150MG	B/3	OV.
GYNO-PEVARYL LP	150MG	BTE/1	OVULE LIB
GYNODERMOFIX	300MG	B/01	OV.
GYNOMIX	300MG	BTE/01	OV.
GYNOMYK	100MG	B/3	OV.
GYNOPLIX	500MG	B/10	OV.
GYNORYL	150MG	B/3	OV.
GYNOVAL	500MG/65000UI/100000UI	BTE/10	COMP.VAGINA
GYNOVASOL	150MG	B/3	OV.
GYNOVASOL LP	150MG	BTE/01	OVULE LP
HADOL	2MG/ML	FL/20ML	SOL.BUV.GTT
HALDOL	2MG/ML	FL/15 ML	SOL.BUV.
HALDOL	5MG/ML	B/5 AMP DE 1 ML	SOL.INJ.
HALDOMEX	2MG/ML	FL/20ML(40 MG/20ML)	SOL.BUV.GTT
HALLUDOL	2MG/ML	FL/15ML	SUSP BUV GT
HALOL	2MG/ML	FL/15 ML	SOL.BUV.GTT
HALOL	2MG/ML	FL/20ML	SOL.BUV.GTT
HALOL	2MG/ML	FL/50ML	SOL.BUV.GTT
HALOPERIDOL	2MG/ML	FL/15 ML	SOL.BUV.GTT
HALOPERIDOL	2MG/ML	FL/20 ML	GTTES.BUV.
HALOPERIDOL	2MG/ML	FL/20 ML	SOL.BUV.
HALOPERIDOL	2MG/ML	FL/20 ML	SOLUTE BUV.
HALOPERIDOL	2MG/ML	FL/30 ML	SOL.BUV.
HALOPERIDOL BGL	2MG/ML	FL/15ML	SOL.BUV.GTT
HALOPERIDOL BGL	2MG/ML	FL/20ML	SOL.BUV.GTT
HALOPERIDOL GL	2MG/ML	FL/15ML	SOL.BUV.GTT
HALOPERIDOL GL	2MG/ML	FL/30 ML	SOL.BUV.GTT
HALOPERIDOL GL	2MG/ML	FL/50 ML	SOL.BUV.GTT
HALOPERIDOL PHYSIOPHARM	2MG/ML	FL/30 ML	SOL.BUV.GTT
HARUFEN	30MG/PATCH	BTE/07 PATCHS	PATCH
HASSALYSE	1MG/5ML	FL/100 ML	SOL.BUV.
HCQ-SAIDAL	200MG	BTE/30	COMP.PELLI
HEBERMIN	0.001G/1G	POT/200G	CRE.
HEBERMIN	0.001G/1G	POT/30G	CRE.
HEBERMIN	0.001G/1G	T/15G	CRE.
HEDIMEN	0.2MG	BTE/30	COMP.PELLI
HEDIMEN	0.4MG	BTE/30	COMP.PELLI
HEET	0.5MG/ML	F/30ML	SOL.BUV.GTT
HELESTENE CHRONODOSE	2.7MG/ML/3MG/ML(5.70MG/ML)	BTE/01	SUSP.INJ.IM
HELMINTOX	125MG	B/6	COMP.PELLI
HELMINTOX	125MG/CAC	FL/15 ML	SIR.
HELMINTOX	250MG	B/3	COMP.PELLI
HEMI-DAONIL	2.5MGMG%	B/60	COMP.
HEMOPRES	50MG/5MG	B/40	COMP.
HEMOSYLAT	250MG	BTE/20	COMP.
HEPARINE CALCIQUE	25000UI/0.2ML	B/50 SERINGUE AUTO-I	SOL.INJ.SC.
HEPARINE CALCIQUE	2500UI/0.3ML	B/50 SERINGUE AUTO-I	SOL.INJ.SC.
HEPARINE SODIQUE	25000UI/5ML	B/50 FL DE 5ML	SOL.INJ.IV.
HEPTAGYL	2MG/120ML	FL/120 ML	SIR.
HEPTYLATE DE TESTOSTERONE	250MG	B/2 AMP DE 1ML	SOL.INJ.
HEPTYLATE-TESTOSTERONE	250MG/1ML	B/2	SOL.INJ.
HERPAVIR	5%	T/10G	CRE.DERMIQU
HEXABRIX 320	I320MG/ML	FL 20ML	SOL.INJ.
HEXABRIX 320	I320MG/ML	FL/100ML	SOL.INJ.
HEXABRIX 320	I320MG/ML	FL/50ML	SOL.INJ.
HEXADERM	0.1%	FL/50ML	SOL.DERM.
HEXADERM	0.1%	T/40 G	PDE.
HEXADERM	0.10%	TUBE/30G	PDE.DERM.
HEXALYSE	5/5/5MG	B/30	COMP.SUCER
HEXAPNEUMINE		FL/100 ML	SIR.NOUR.
HEXOMEDINE	0.10%	FL/45 ML	SOL.DERM.
HEXOMEDINE	0.15%	FL/45 ML	SOL.DERM.
HIBITANE	5%	FL/125 ML	SOL.DERM.
HIBITANE	5%	FL/1ML	SOL.DERM.
HIBOR 10000	25000UIANTIXA/ML	BTE/2 SERG DE 0.4ML	SOL.INJ.SC.
HIBOR 2500	12500UIANTIXA/ML	BTE/2 SERG DE 0.2ML	SOL.INJ.SC.
HIBOR 3500	17500UIANTIXA/ML	BTE/2 SERG DE 0.2ML	SOL.INJ.SC.
HIBOR 5000	25000UIANTIXA/ML	BTE/2 SERG 0.2ML	SOL.INJ.SC.
HIBOR 7500	25000UIANTIXA/ML	BTE/2 SERG 0.3ML	SOL.INJ.SC.
HICONCIL	125MG/5ML	FL/60 ML	SIR.
HICONCIL	250MG/5ML	FL/60 ML	SIR.
HICONCIL	500MG	B/12	GLES.
HIKMA CEFAZOLIN	1G	B/1 FL	SCULAIRE PDRE.SOL.IN
HIKMA CEFAZOLIN	500MG	B/1 FL	SCULAIRE PDRE.SOL.IN
HIMOXYL	250MG/5ML	FL/60 ML	PDRE.P/SUSP
HISTAC	150MG	B/20	COMP.
HISTAC	150MG	B/30	COMP.
HISTAC	150MG	B/60	COMP.
HISTADINE	5MG	BTE/14	COMP.PELLI
HISTADINE	5MG	BTE/28	COMP.PELLI
HISTAGAN	0.5MG/5ML	FL/125 ML	SIR.
HISTAGAN	2MG	B/20	COMP.
HISTAGAN	2MG	B/30	COMP.SEC.
HISTARIZINE	10MG	BTE/10	COMP.PELLI.
HISTARIZINE	10MG/ML	FL/15 ML	SOL.BUV.GTT
HISTONE	0.5MG/5ML(0.01%)MG/ML	FL/100ML	SIR.
HOCINOR	0.1%(5MG/CAC)	FL/125 ML	SIR.
HOLIT FORT	2MG/ML	FL/15ML	SOL.BUV.GTT
HOTEMIN	10MG	B/20	GLES.
HOTEMIN	20MG	B/30	GLES.
HUBIFEN	200MG	BTE/20	COMP.PELLI
HUBIFEN	400MG	BTE/20	COMP.PELLI
HUBIFEN	600MG	BTE/30	COMP.PELLI
HUCLAR	25MG/ML	FL/100 ML	GRLES.SUSP.
HUCLAR	50MG/ML(250MG/5ML)	FL/60 ML	GRAN.P/SUSP
HUILE DE PARAFFINE		FL/150 ML	LIQ.
HUILE DE PARAFFINE GIFRER		FL/250 ML	LIQ.
HUILE DE PARAFFINE GIFRER		FL/500 ML	LIQ.
HUILE DE PARAFFINE-GIFRER		FL/250 ML	LIQ.
HUILE DE PARAFFINE-GIFRER		FL/500 ML	LIQ.
HUMALOG 100	100UI/1ML(3.5MG/1ML)MG/ML	BTE/05 CART DE 3ML	SOL INJ S/C.I/V CAR P/STYLO
HUMALOG KWIKPEN	100UI/ML(3.5MG/ML)	B/5 STYLO PREREM 3ML	SOL.INJ.SC.
HUMALOG MIX 25	100UI/1ML(3.5MG/ML)	B/05 CARTOUCHES 3ML	SUSP.INJ.SC
HUMALOG MIX 25 KWIKPEN	100UI/ML(3.5MG/ML)	B/5 STYLO PREREM 3ML	SUSP.INJ.SC
HUMALOG MIX 50	100UI/1ML(3.5MG/ML)	B/5 CARTOUCHES 3ML	SUSP.INJ.SC
HUMALOG MIX 50 KWIKPEN	100UI/ML(3.5MG/ML)	B/5 STYLO PREREM 3ML	SUSP.INJ.SC
HUMEGON	75UI/1ML	B/5 AMP	LYOPHILI.IN
HUMEGON	75UI/ML	B/10+10	LYOPHILI.IN
HUMEX TOUX SECHE ADULTE	20MG/15ML(0.133G/100ML)MG/ML	FL/125ML	SIR.
HUMEX TOUX SECHE ENFANT	0.1%5MG/5ML(0.1G/100ML)MG/ML	FL/125ML	SIR.
HUMLOR 10 MG	10MG	BTE/30	GLES.
HUMLOR 5 MG	5MG	BTE/30	GLES.
HUPFOLIQ	5MG	BTE/60	COMP.
HUPPACORT RETARD	40MG/ML	BTE/1 AMPOULE DE 1ML	SUSP.INJ.IM
HUPPOMEDROL	16MG	BTE/20	COMP.SEC.
HUPPOMEDROL	4MG	BTE/30	COMP.SEC.
HUPPROSTENE	7MG/ML(5MG/ML/2MG/ML)	BTE/1 AMPOULE DE 1ML	SUSP.INJ.
HUPROVEL	150MG	BTE/30	COMP.PELLI
HUPROVEL	300MG	BTE/30	COMP.PELLI
HUPTADYS	100MG	BTE/20	COMP.PELLI
HUREG	160MG	BTE/30	COMP.PELLI
HUREG	80MG	BTE/30	COMP.PELLI
HY-PO-TONE 250	250MG	B/30	COMP.
HYAN	0.03MG	B/28	COMP.
HYCOSONE	10MG	B/30	COMP.SEC.
HYDIKAL	50MG/5MG	B/20	COMP.
HYDRACORT	0.5%	T/30G	CRE.
HYDREA	500MG	B/20	GLES.
HYDREX	25MG	BTE/30	COMP.SEC.
HYDRO-ADRESON	100MG	B/1+1 DE 2ML	PDRE.SOL.IN
HYDROCORT	1%	FL/10 ML	COLLY.
HYDROCORTISONE	100MG/2ML	B/1+1	PDRE.SOL.IN
HYDROCORTISONE	10MG	B/25	COMP.
HYDROCORTISONE IVAL	10MG	B/20	COMP.SEC.
HYDROCORTISONE LEURQUIN	100MG	B/1	PDRE.SOL.IN
HYDROCORTISONE ROUSSEL	100MG	B/1+1	PDRE.SOL.IN
HYDROCORTISONE UPJOHN	100MG/ML	B/1+1	PDRE.SOL.IN
HYDROCORTISONE UPJOHN	500MG/ML	B/1+1	PDRE.SOL.IN
HYDROCURE	500MG	BTE/20	GLES.
HYDROSOL POLYVITAMINE	30ML	FL/30 ML	SOL.BUV.
HYDROSOL POLYVITAMINE BON		FL/20 ML	GTTES.BUV.
HYDROXIL	2%	FL/200 ML	SIR.
HYDROXIL	25MG	BTE/20	COMP.SEC.
HYDROXYCHLOROQUINE BEKER	200MG	BTE/30	COMP.PELLI
HYDROXYL	25MG	BTE/30	COMP.
HYDROXYZINE AGD	2MG/ML	FL/200ML	SOL.BUV.
HYMOX	125MG/5ML	FL/100 ML	PDRE.P/SUSP
HYMOX	250MG	BT/20	GLES.
HYMOX	250MG/5ML	FL/100 ML	SUSP.BUV.
HYMOX	500MG	B/20	GLES.
HYPOSEC	20MG	B/14	GLES.MICRON
HYPOSTAMINE	100MG	B/20	COMP.
HYPOTENSOR	25MG	B/20	COMP.
HYPOTENSOR	50MG	B/20	COMP.
HYSALOX	525MG/600MG	BTE/30 SACHETS	SUSP BUV EN
HYSARTAN	100MG	BTE/28	COMP.PELLI.
HYSARTAN	50MG	BTE/28	COMP.PELLI.
HYSTADINE	0.10%(5MG/5ML)MG/ML	FL/100ML	SIR.
HYTACAND	16MG/12.5MG	B/28	COMP.
HYTACAND	16MG/12.5MG	BTE/30	COMP.
HYTACAND	8MG/12.5MG	B/28	COMP.
HYTACAND	8MG/12.5MG	BTE/30	COMP.
HYZAAR	50MG/12.5MG	B/28	COMP.
IBINOR	10MG	BTE/30	COMP.PELLI.
IBU 200	200MG	BTE/20	COMP.PELLI
IBU 400	400MG	BTE/30	COMP.PELLI
IBUFEN	20MG/ML(100MG/5ML)	FL/125ML	SUSP.BUV.
IBUMAL	200MG	B/20	COMP.
IBUMAL	200MG	BTE/20	GLES.
IBUMAL	200MG	BTE/32	GLES.
IBUMAL	400MG	B/15	COMP.PELLI
IBUMAL	5%	TUBE/40G	GEL.DERM.
IBUMAL	500MG	B/10	SUPPO.
IBUPROFAL	200MG	BTE/20	COMP.PELLI
IBUPROFAL	400MG	BTE/20	COMP.PELLI.
IBUPROFAL	600MG	BTE/20	COMP.PELLI.
IBUPROFENE BEKER	200MG	BTE/30	COMP.PELLI
IBUPROFENE BEKER	400MG	BTE/20	COMP.PELLI
IBUPROFENE BEKER	600MG	BTE/20	COMP.PELLI
IBUPROFENE BIOGARAN	200MG	B/20	COMP.PELLI
IBUPROFENE IVAL	200MG	BTE/20	COMP.ENRO.
IBUPROFENE LDM	5%	TUBE/50 G	GEL
IBUPROFENE PHISIOPHARM	5%	TUBE/50G	GEL.DERM.
IBUPROFENE PHYSIOPHARM	200MG	BTE/30	COMP.PELLI
IBUPROFENE UPC	200MG	B/30	COMP.
IBUTHOL	5G/3GPOUR100G	TUBE/50G	GEL
ICAZ	5MG	B/30	GLES.LP.
IDEOS	1.25G/400UI	B/30	COMP.SUCER
IDEOS	1.25G/400UIG/UI	B/60	COMP.SUCER
IDEOS	500MG/400UI	BTE/30	COMP A SUC
IDIUM	2MG	B/20	GLES.
IDO-MULTI		FL/100 ML	SIR.
IDROL	4MG	B/20	COMP.
IKARAN	2MG/ML	FL/50 ML	SOLUTE BUV.
ILLUSOF	300MGI/ML	FL/50ML	SOL.INJ.
ILLUSOF	350MGI/ML	FL/50ML	SOL.INJ.
IMINOPRIL	10MG	B/14	COMP.
IMINOPRIL	10MG	B/28	COMP.
IMINOPRIL	20MG	BTE/14	COMP.
IMINOPRIL	20MG	BTE/28	COMP.
IMINOPRIL	5MG	B/14	COMP.
IMINOPRIL	5MG	B/28	COMP.
IMMUNOGLOBULINE HUMAINE ANTI-D (RHO)	250G/ML	BTE/1AMP DE 2 ML	SOL.INJ.
IMODIUM	2MG	B/20	GLES.
IMOTRIL	2MG	B/6	GLES.
IMPLANON NXT	68MG	BTE/01	IMPLANT S/C
IMUREL	50MG	B/100	COMP.
IMUZOLE	250MG	BTE/20	COMP.PELLI
IMUZOLE	500MG	B/20	COMP.PELLI
IMUZOLE	500MG	BTE/10	OV.
INDAPAMIDE BEKER LP	1.5MG	BTE/30	COMP.PELL.L
INDAPAMIDE BEKER LP	1.5MG	BTE/90	COMP.PELL.L
INDIARAL	2MG	B/20	GLES.
INDICARDIN	40MG	B/50	COMP.
INDOBIOTIC	5MG/15000U5ML	FL/5ML	COLLY.
INDOCID	1%/3ML	FL/30 ML	COLLY.
INDOCID	100MG	B/10	SUPPO.
INDOCID	50MG	B/10	SUPPO.
INDOCOLLYRE	0.1%	B20 RECI UNID 0.35ML	COLLYRE.SOL
INDOCOLLYRE	0.10%	FL/5 ML	COLLY.
INDOGESIC	100MG	B/5	SUPPO.
INDOGESIC	50MG	B/10	SUPPO.
INDOMET	25MG	B/30	GLES.
INDOMETACINE E C	25MG	B/24	GLES.
INDOMIN	100MG	B/12	SUPPO.
INDOMIN	50MG	B/10	SUPPO.
INDRANOL	40MG	B/30	COMP.
INEXIUM	20MG	BTE/14	COMP.GASTRO
INEXIUM	40MG	BTE/14	COMP.GASTRO
INFECTOBAN	2%	TUBE/15G	PDE.DERM.
INFLA-BAN	1%	T/30 G	GEL
INFLA-BAN	100MG	B/10	COMP.
INFLA-BAN	100MG	B/5	SUPPO.
INFLA-BAN	25MG	B/30	COMP.
INFLA-BAN	50MG	B/20	COMP.
INFLA-BAN	75MG	B/5 AMP	SOL.INJ.
INFLACED	10MG	B/30	GLES.
INFLACED	20MG	B/15	GLES.
INFLACED	20MG	B/20 SACHET	PDRE EFFER.
INFLAMINE	250MG	BTE/30	GLES.
INFLUVAC TETRA	15GHA2SCHESGRIPA15GHA	BTE/1 SERINGUE 0.5ML	SUSP.INJ.SE
INICOX 100	100MG	BTE/30	GLES.
INICOX 200	200MG	B/20	GLES.
INICOX 200	200MG	BTE/12	GLES.
INICOX 200	200MG	BTE/30	GLES.
INNOHEP	10000UI/0.5M	B/10 SERIGUES PR -	SOL.INJ.SC.
INNOHEP	10000UIANTI-XA/0.5ML	BTE/02	SOL.INJ.S/C
INNOHEP	14000UI/0.7M	B/10 SERIGUES PR -	SOL.INJ.SC.
INNOHEP	14000UIANTI-XA/0.7ML	BTE/02	SOL.INJ.S/C
INNOHEP	18000UI/0.9M	B/10 SERIGUES PR -	SOL.INJ.SC.
INNOHEP	18000UIANTI-XA/0.9ML	BTE/02	SOL.INJ.S/C
INNOHEP	2500UI/0.25ML	B/2	SOL.INJ.
INNOHEP	2500UI/0.25ML	B/2 SERINGUES 083000	SOL.INJ.SER
INNOHEP	3500UI/0.35ML	B/10	SOL.INJ.
INNOHEP	3500UI/0.35ML	B/2	SOL.INJ.
INNOHEP	3500UI/0.35ML	B/2 SERINGUES	SOL.INJ.SER
INNOHEP	4500UI/0.45ML	B/10	SOL.INJ.
INNOHEP	4500UI/0.45ML	B/2	SOL.INJ.
INNOHEP	4500UI/0.45ML	B/2 SERINGUES	SOL.INJ.SER
INOFER	32.48MG/100MG	BTE/30	COMP.PELLI
INOPRIL	20MG	BTE/14	COMP.
INPHADIUM	0.2MG/ML	FL/125ML	SIR.
INPHALAC	10G/15ML	BTE/20	SOL.BUV.SAC
INPHALAC	133G/200ML%	FL/200 ML	SIR.
INPHAMOX	1G	B/12	COMP.
INPHAPEN	1000000UI	B/12	COMP.
INSIDON	50MG	B/50	COMP.
INSOM	2MG	B/20	COMP.
INSOMIN	50MG	B/30	DRG.
INSPIRYA	250G/50G	BTE/60	PDR SECHE P
INSUDAL BASAL	100UI/ML	B/1 FL 5ML	SUSP.INJ.
INSUDAL BASAL	100UI/ML	B/1FL DE 10 ML	SUSP.INJ.
INSUDAL COMB 25	100UI/ML	B/1 FL DE 5ML	SUSP.INJ.
INSUDAL COMB 25	100UI/ML	B/1FL DE 10ML	SUSP.INJ.
INSUDAL RAPID	100UI/ML	B/1 FL DE 5ML	SOL.INJ.
INSUDAL RAPID	100UI/ML	B/1FL DE 10ML	SOL.INJ.
INSULATARD HM	100UI/ML	FL/10ML	SUSP.INJ.
INSULATARD HM PENFILL	100UI/ML	B/5 CART/1.5ML/3ML	SOL.INJ.
INSULINE ASPARTE SANOFI	100UI/ML	B05 STYL P REMP SOLO	SOL.INJ.EN/
INSUMAN BASAL	100UI/ML	B/5 CART OPTIPEN	SUSP.INJ CA
INSUMAN BASAL	100UI/ML	BT/1FL/5ML	SUSP.INJ.
INSUMAN COMB 25	100U/ML	B/5CART POUR OPTIPEN	SUSP.INJ CA
INSUMAN R COMB 25	100UI/ML	BT/1FLDE 5ML	SUSP.INJ.
INSUMAN RAPID	100UI/MLDE3ML	B/5 CARTOUCHES	SOL.INJ.
INSUMAN RAPIDE	100UI/ML	BT/1FL/5ML	SOL.INJ.
INTAL	22.2MG	B/30	CAPS.+SPINA
INTAL 5 AEROSOL	5MG/DOSES	FL/112DOSES	AERO.
INTAMED VITAMINE B 12	1000G/ML	B/12 AMP DE 1 ML	SOL.INJ.
INTRALGIS	200MG	B/20	COMP.
INTRAMED HYDROCHLORURE DE THIAMINE	100MG/ML	FL/10 ML	SOL.INJ.
INTRAZOLINE	1G	B/1+1	PDRE.S.INJ.
INTRAZOLINE	1G	B/1+1	PDRE.SOL.IN
INTRAZOLINE	1G	B/20	PDRE SOL IN
INVERTER	2MG	B/40	COMP.SEC.
INVERTER	2MG	BTE/30	COMP.SEC.
INVERTER	4MG	B/30	COMP.SEC.
IODACRYL	4%	FL/125 ML	SOL.MOUSSAN
IODOSEPT	10%	FL/60 ML	SOL.DERM.
IPAKINE	200MG/ML	FL/40ML	SOL.BUV.
IPO - MULTI		FL/100 ML	SIR.
IPRALIN	200G/40G	BTE/30	PDRE P/INHA
IRBAC	150MG	BTE/30	COMP.PELLI
IRBAC	300MG	BTE/30	COMP.PELLI
IRBE 150	150MG	BTE/30	COMP.
IRBE PLUS 150/12.5	150MG/12.5MG	BTE/30	COMP.
IRBEDIM	150MG	BTE/30	COMP.PELLI
IRBEDIM	300MG	BTE/30	COMP.PELLI
IRBEK	150MG	BTE/30	COMP.
IRBEK	300MG	BTE/30	COMP.
IRBEVEL	150MG	BTE/30	COMP.PELLI
IRBEVEL	300MG	BTE/30	COMP.PELLI
IRBEZART	300MG	BTE/30	COMP.PELLI
IRBEZART 150 MG	150MG	BTE/30	COMP.PELLI
IRBISART	150MG	BTE/30	COMP.PELLI
IRBISART +	300MG/25MG	BTE/30	COMP.PELLI
IRBISART+	150MG/12.5MG	BTE/30	COMP.PELLI
IRBISART+	300MG/12.5MG	BTE/30	COMP.PELLI
IRIS	10IR/1IR/0.1I	B/3	SUSP.INJ.
IRIS	10IR/ML	B/1	SUSP.INJ.
IROVEL	150MG	BTE/30	COMP.PELLI
IROVEL	300MG	BTE/30	COMP.PELLI
IRYS	6MG	BTE/30	COMP.PELLI.
IRYS 1MG	1MG	BTE/30	COMP.PELLI.
IRYS 2MG	2MG	BTE/30	COMP.PELLI.
IRYS 3MG	3MG	BTE/30	COMP.PELLI.
IRYS 4MG	4MG	BTE/30	COMP.PELLI.
ISIOCEF	200MG	B/8	COMP.
ISIOCEF	50MG/5MLMG/ML	FL/30ML	PDRE.P/SUSP
ISOBUTALINE	0.3MG/ML	FL/150ML	SOL.BUV.SAN
ISOCARD	10MG	B/100	COMP.
ISOCLOPRAMID	2.6MG/ML	FL/60ML	SOL.BUV.GTT
ISOKET	10MG	B/100	COMP.
ISOKET	20MG	B/60	COMP.
ISOKET SPRAY	1.25MG/DOSE	FL/15ML (300 PULV)	SOL P/PULV
ISOLACT	10G/15ML(66.5%)	B/20SACHET DOSE 15ML	SOL.BUV.SAC
ISOLACT	133G/200ML	FL/150 ML	SOL.BUV.
ISOLEP	200MG/ML	FL/50 ML	SOL.BUV.
ISOLONE	20MG	B/30	COMP.
ISOLONE 5MG	5MG	B/30	COMP.
ISOMAG	15%	FL/150 ML	SOL.BUV.
ISOMEDINE	0.10%	FL/50 ML	SOL.DERM.
ISOMOL	100MG/5ML	FL/100ML	SOL.BUV.
ISOMOL	3%	FL/100 ML	SOL.BUV.
ISONE	5MG	B/30	COMP.
ISONOL	0.2MG/ML	BTE/05 AMP	SOL.INJ.PER
ISOPERIDOL	2MG/ML	FL/20ML	SOL.BUV.GTT
ISOPRENALINE	0.2MG	B/5 AMP DE 1ML	SOL.INJ.
ISOPRENALINE	0.2MG/ML	B/5 AMP	SOL.INJ.
ISOPTO-PILOCARPINE	1%	FL/10 ML	COLLY.
ISOPTO-PILOCARPINE	2%	FL/10 ML	COLLY.
ISOPTYL	40MG/ML(OU4%)	FL/20ML	SOL.BUV.GTT
ISORTAT	10MG	B/60	COMP.
ISORYTHM LP	250MG	B/20	GLES.
ISOSORBIDE DINITRATE	10MG	B/20	COMP.
ISOSPALGINE	10MG/5ML	FL/150ML	SIR.
ISOTAMINE	2MG/ML	FL/50 ML	GTTES.BUV.
ISOTREX	0.05%	T/25 G	GEL.DERM.
ITRACONYX	100MG	BTE/30	GLES.
ITRASPOR	100MG	BTE/30	GLES.
ITRAZON	100MG	BTE/30	GLES.
IVEPAQUE	I300MG/ML	FL/100 ML	SOL.INJ.
IVEPAQUE	I350MG/ML	FL/100 ML	SOL.INJ.
IZARTAN	50MG/12.5MG	BTE/30	COMP.PELLI
IZONEX	20MG	BTE/14	GLES.
JACE	20MG	BTE/30	COMP.ENRO.
JAZOFEN	200MG	B/30	COMP.
JAZOFEN	400MG	B/30	COMP.
JOPAMOL	120MG	FL/100 ML	SOLUTE BUV.
JOPAMOL	500MG	B/50	COMP.
JOSACINE	125MG	FL/60 ML	GRLES.SUSP.
JOSACINE	250MG	B/12	PDRE.OR.
JOSACINE	250MG	FL/60 ML	GRLES.SUSP.
JOSACINE	500MG	B/12	PDRE.OR.
JOSACINE	500MG	B/20	COMP.
JOSACINE	500MG	FL/60 ML	GRLES.SUSP.
JOSIR LP	0.4MG	B/30	MICROG LP E
JUSLINE 30/70	100UI/ML	BTE/1FL DE 10ML	SUSP.INJ.EN
JUSLINE N	100UI/ML	BTE/1FL DE 10ML	SUSP.INJ S/
JUSLINE R	100UI/ML	BTE/1FL DE 10 ML	SUSP.INJ S/
JUSTOR	1MG	B/28	COMP.
JUSTOR	2.5MG	B/28	COMP.
K-PLUS	15%	FL/200 ML	SIR.
KALCITAB	500MG	BTE/60	COMP.
KALEORID LP	1000MG	B/30	COMP.LP.
KALEORID LP	600MG	B/30	COMP.LP.
KALIGON 15%	7.46(15G/100ML)%	FL/120 ML	SIR.
KALIGON SANS SUCRE	15%	FL/120 ML	SOL.BUV.
KANABEK	100MG	BTE/30	COMP.PELLI
KANABEK	100MG	BTE/90	COMP.PELLI
KANISAR	50MG	B/30	GLES.
KAOLOGAIS		B/250 G	GRLES.
KAOLOGEAIS	6G/2G/200G/100G/370	B/250G	GRLES.
KARDEGIC	160MG(DL-LYSINE288MG/SACHET)	BTE/30	PDR.SOL.BUV
KARDEGIC 75MG	75MGS/FDL-LYSINE135MGSACHE	BTE/30	PDR.SOL.BUV
KAYEXALATE		B/454 G	PDRE.P/SUSP
KEFALEX	1G	BTE/12	COMP.PELLI
KEFALEX	500MG	BTE/12	COMP.PELLI
KEFENTECH	30MG	SACHETS/7	PATCH
KEFORAL	125MG/5MLMG/5ML	FL/100 ML	PDRE.P/SUSP
KEFORAL	250MG/5ML	FL/60 ML	PDRE.SOL.BU
KEFORAL	250MG/5ML	FL/60ML	PDRE.P/SUSP
KEFORAL	500MG	B/12	COMP.
KEFORAL	500MG	BTE/12	COMP.PELLI
KEFZOL	1G	B/1+1	PDRE.SOL.IN
KELFER-250	250MG	BTE/50	GLES.
KELFER-500	500MG	BTE/50	COMP.
KENACORT RETARD	40MG/ML	B/1 AMP DE 1ML	SUSP.INJ.
KENACORT RETARD	40MG/MLMG/ML	B/1 AMP DE10ML	SUSP.INJ.
KENACORTYL RETARD	40MG/ML	BTE/1 SERINGUE	SUSP.INJ.
KENAKION	10MG	B/20	COMP.
KENAKION MM	10MG/ML	B/ 03	SOL.INJ.IV.
KENZOPRAZOL	20MG	BTE/20	MICGR GAST
KEPACETAM	250MG	BTE/30	COMP.PELLI
KEPACETAM	500MG	BTE/30	COMP.PELLI
KEPAM	100MG/ML	FL/125ML	SIR.
KEPAM	100MG/ML	FL/200ML	SIR.
KEPAM	100MG/ML	FL/300ML	SIR.
KEPAM	250MG	BTE/60	COMP.PELLI
KEPAM	500MG	BTE/60	COMP.PELLI
KEPAM	750MG	BTE/60	COMP.PELLI
KEPAM LP	500MG	BTE/30	COMP.PELL.L
KEPAM LP	750MG	BTE/30	COMP.PELL.L
KEPNIROL	0.25MG	B/20	COMP.ENRO.
KEPNIROL	1MG	B/20	COMP.ENRO.
KEPNIROL	2MG	BTE/30	COMP.PELLI
KEPNIROL	5MG	BTE/30	COMP.PELLI
KEPPRA	250MG	BTE/60	COMP.PELLI
KERATYL	1%	FL/5 ML	COLLY.
KETAFENE	1MG/5ML	FL/125ML	SOL.BUV.
KETEK	400MG	B/10	COMP.PELLI
KETOCONAZOL RATIOPHARM	200MG	B/10	COMP.
KETOCONAZOLE	2%	T/40 G	CRE.
KETOCONAZOLE	200MG	B/10	COMP.
KETOCONAZOLE NOVAGENERICS	2%	BTE/01 FL DE 100ML	SHAMPOING
KETOCONAZOLE NOVAGENERICS	2%	BTE/08 SACHETS	GEL MOUSSAN
KETOCONAZOLE NOVAGENERICS	2%	TUBE/15G	CRE.DERMIQU
KETOCONAZOLE NOVAGENERICS	2%	TUBE/20G	GEL MOUSS R
KETOCONAZOLE PHARMAGHREB	2%	TUB/15G	CRE.
KETOCREM	2%	TUBE /15 G	CRE.DERMIQU
KETODEL	2%	TUBE /15 G	CRE.DERMIQU
KETODERM	2%	B/8 SACHETS	GEL
KETODERM	2%	T/15 G	CRE.
KETODERM	2%	T/20 G	GEL
KETOF	1MG/5MLMG/ML	FL/100ML	SOL.BUV.
KETOFAN	100MG/2ML	B/3	SOL.INJ.
KETOFEN	100MG	B/10	SUPPO.
KETOFEN	2.50%	T/40G	GEL P/APPLI
KETOFEN LP	200MG	BTE/20	GLES.LP.
KETOFENE	1MG/5ML	FL/125 ML	SOL.BUV.
KETOFENID	100MG	B/10	SUPPO.
KETOFLEX	100MG/2ML	BTE/05 AMPOULES 2ML	SOL.INJ.
KETOKONAZOL	200MG	B/20	COMP.
KETOMEX	100MG	BTE/10	SUPPO.
KETONAL	100MG	B/12	SUPPO.
KETONAL	100MG/2ML	B/10	SOL.INJ.
KETONAZOLE	2%	FL/100 ML	GEL MOUSSAN
KETONAZOLE	2%	TUBE/15 G	CRE.
KETONEED	100MG/2ML	BTE/05 AMPL DE 2 ML	SOL INJ.IM.
KETONIL	1MG	B/30	COMP.
KETONIL	1MG/5ML	FL/125 ML	SUSP.BUV.
KETOPROFENE LPA	100MG	BTE/10	SUPPO.
KETOPROFENO RATIOPHARM	100MG	B/12	SUPPO.
KETOSKIN	2%	TUBE/15G	CRE.DERMIQU
KETOTIFENE	1MG	B/10	COMP.
KETOTIFENE	1MG/5ML	FL/100 ML	SOLUTE BUV.
KETUM	2.50%	TUBE/60 G	GEL
KIETYL	6MG	B/30	COMP.SEC.
KINADYN CALCIUM	500MG	BTE/30 SACHETS	PDRE.P/SUSP
KINADYN FER	50MG/5ML	FL/150 ML	SIR.
KINADYN MG	300MG	BTE/20 SACHETS	PDR.SOL.BUV
KINADYN-OS	500MG/400UI	BTE/30	PDRE SOLUTI
KLARIMIX 500	500MG	BTE/14	COMP.
KLAVOX	(400MG/57MG)/5MLMG/ML	FL/70ML	PDRE.P/SUSP
KLAVOX	125MG/31.25MG/5MLMG/ML	FL/100ML	PDRE.SOL.BU
KLAVOX	200MG/28MG/5ML(EQIVCODEDCI)MG/ML	FL/70ML	PDRE.P/SUSP
KLAVOX	250MG/62.5MG/5ML	FL/100 ML	PDRE.P/SUSP
KLAVOX	500MG/125MG	B/20	COMP.
KLAVOX	875MG/125MG	B/14	COMP.PELLI
KLAXIN	250MG	B/10	COMP.
KLONT	250MG	B/20	COMP.
KOLESTINE	20MG	B/30	COMP.PELLI
KOLESTINE	40MG	BTE/30	COMP.PELLI
KONAZOL	1%	T/30G	CRE.DERMIQU
KOPRANIDE ENFANTS ET NOURRISSONS	2.6MG/ML	FL/60ML	SOL.BUV.GTT
KORTIKAN 20	20MG	BTE/20	COMP ORO DI
KOXMA	2MG/5ML	FL/125ML	SIR.
KUTERID	0.05%	T/15 G	CRE.
KUTERID	0.5MG	B/30	COMP.
KYNCEPT	10MG	BTE/30	COMP ORO DI
KYNCEPT	5MG	BTE/30	COMP ORO DI
LACETAM	250MG	BTE/60	COMP.PELLI
LACETAM	500MG	BTE/30	COMP.PELLI.
LACRINORM	0.2%	T/10G	GEL OPHTALM
LACRISIFI	0.5%-010%	FL/10 ML	COLLY.
LACTUGEL	10G/15ML	BT/20 SACHET DE 15ML	SOL.BUV.SAC
LACTULOSE AGD	66.70%	FL/200ML	SOL.BUV.
LACTULOSE LPA	66.70%	FL/200ML	SOL.BUV.
LACTULOSE MERCK	10MG/15ML	B/20 SACHETS DE 15ML	SOL.BUV.SAC
LACTULOSE MYLAN	10G/15MLG/ML	BTE/20 SACHET (15ML)	SOL.BUV.SAC
LACTUMEX	66.5%	FL/150 ML	SOL.BUV.
LACTUNAD	10G/15ML	BTE/20	SOL.BUV.SAC
LACTUPHAL	667MG/ML	FL/200ML	SUSP.BUV.
LADERZONE	0.50MG/ML	FL/30ML	SOL.BUV.GTT
LADOFENAC	100MG	B/20	COMP.
LADOFENAC	50MG	B/20	COMP.
LAMBERIN	250MG/5ML	FL/60 ML	SUSP.BUV.
LAMBERIN	500MG	B/12	GLES.
LAMICTAL	100MG	B/56	COMP.DISPER
LAMICTAL	25MG	B/56	COMP.DISPER
LAMICTAL	5MG	B/28	COMP.DISPER
LAMIDAZ	1%	T/15G	CRE.DERMIQU
LAMIDAZ	250MG	B/20	COMP.
LAMIFENE	20MG/ML	F/125ML	SOL BUV ENF
LAMIKEN	1%	T/15G	CRE.
LAMIKEN	250MG	B/10	COMP.
LAMINOX	1%	FL/30 ML	SOL.P.PULV.
LAMINOX	1%	T/15G	CRE.
LAMINOX	250MG	B/14	COMP.
LAMISIL	1%	T/15 G	CRE.
LAMISIL	250MG	B/14	COMP.
LAMISOLONE	20MG	BTE/20	COMP ORO DI
LAMISOLONE	5MG	BTE/30	COMP ORO DI
LAMITOR 25	25MG	B/60	COMP.
LAMITOR 50	50MG	B/40	COMP.
LAMITRIGINE	100MG	BTE/30	COMP DISP
LAMITRIGINE	25MG	BTE/30	COMP DISP
LAMITRIGINE	50MG	BTE/30	COMP DISP
LAMOGINE	100MG	BTE/30	COMP.
LAMOGINE	25MG	B/30	COMP.
LAMOGINE	50MG	B/30	COMP.
LAMORIG	100MG	BTE/30	COMP.DISPER
LAMORIG	25MG	BTE/30	COMP DISP
LAMORIG	50MG	BTE/30	COMP.DISPER
LAMOTRIGINE BEKER	100MG	BTE/56	COMP.DISPER
LAMOTRIGINE BEKER	25MG	BTE/56	COMP.DISPER
LAMOTRIGINE BEKER	5MG	BTE/30	COMP.DISPER
LAMOXYL	1G	B/14	COMP.DISPER
LAMOXYL	250MG/5MLMG/ML	FL/60ML	PDRE.P/SUSP
LAMOXYL	500MG	B/12	GLES.
LAMOXYL	500MG/5MLMG/ML	FL/60ML	PDRE.P/SUSP
LAMPY	500MG	B/10	GLES.
LANSOPOMP	15MG	BTE/30	GLES.GAST.R
LANSOPOMP	30MG	BTE/30	GLES.GAST.R
LANSOPRAZOLE IVAL	30MG	BTE/15	GLES.
LANSOPROTECT	30MG	BTE/14	GLE.MICRO.G
LANSOPROTECT	30MG	BTE/28	GLES MIC/GR
LANTUS	100UI/ML	B/5 CARTOUCHES 3ML	SOL.INJ.
LANTUS	100UI/ML	FL/10ML	SOL.INJ.
LANTUS OPTISET	100UI/ML	B/5 STYLO PREREMP 3M	SOL.INJ.
LANTUS SOLOSTAR	100UI/ML	B/5 STYLOS PR R 3ML	SOL.INJ.SC.
LANVASA	500MG	BTE/90	COMP.GASTRO
LANZAPREX	10MG	BTE/30	COMP ORO DI
LANZAPREX	10MG	BTE/30	COMP.PELLI
LANZAPREX	5MG	BTE/30	COMP.PELLI
LANZOCID	15MG	BTE/14	GLES MIC/GR
LANZOCID	15MG	BTE/30	GLES MIC/GR
LANZOMED	30MG	BTE/15	GLES.
LANZOMED	30MG	BTE/30	GLES.
LANZOREM	30MG	BTE/15	GLES MIC/GR
LANZOREM	30MG	BTE/15	MICGR GAST
LANZOREM	30MG	BTE/30	GLE.MICRO.G
LARGACTIL	100MG/5ML	B/30	COMP.PELLI
LARGACTIL	4%	FL /30ML	SOL.BUV.GTT
LARGAGTIL	25MG/ML	B/5 AMP	SOL.INJ.
LARGAGTIL	4%	FL/30 ML	SOL.BUV.GTT
LARGAMED 100	100MG	BTE/30	COMP PELL Q
LARIMEL	50MG	BTE/30	COMP.
LARIMEL	50MG	BTE/90	COMP.
LARMES ARTFICIELLES	1.4%/10ML	FL/15 ML	COLLY.
LAROMEX	4%	FL/30 ML	SOLUTION EN
LAROSCORBINE	500MG/5MLMG/ML	B/6	SOL.INJ.
LAROXYL	25MG	B/60	COMP.
LAROXYL	40MG/ML	FL/20 ML	SOLUTE BUV.
LAROXYL	50MG	B/20	COMP.PELLI
LAROXYLINE	25MG	BTE/60	COMP.PELLI
LAROXYLINE	50MG	BTE/20	COMP.PELLI
LASILIX	20MG	B/30	COMP.
LASILIX	40MG	B/20	COMP.SEC.
LASTATINE	10MG	B/28	COMP.
LASTATINE	20MG	BTE/28	COMP.ENRO.
LASYTEQ	20MG	BTE/30	COMP.
LATADUO	0.05MG/5MG/ML	FL/2.5 ML	COLLYRE.SOL
LATANEKS	50G/ML	FL/2.5 ML	COLLY.
LATANOPROST	0.005%(50G/ML)	FL/2.5 ML	COLLYRE.SOL
LATASOPT	0.05MG/ML(0.005%)	FL/2.5ML	COLLYRE.SOL
LATAZ	50G/ML(0.005%)	BTE/1 FL DE 2.5 ML	COLLY.
LATENSIA	150MG	BTE/30	COMP.SEC.
LATIDINE	150MG	B/30	GLES.
LATIDINE	300MG	B/30	GLES.
LATRIGINE	100MG	BTE/30	COMP DISP O
LAVIDA	1MG	B/30	COMP.
LAVIDA	2MG	B/30	COMP.SEC.
LAVIDA	3MG	B/30	COMP.SEC.
LAVIDA	4MG	B/30	COMP.SEC.
LAVIDA	6MG	BTE/30	COMP.SEC.
LAXATOL	10G/15MLG/ML	BTE/20	SOL.BUV.SAC
LAXILAC	10G/15ML	BTE/20	SOL.BUV.
LAXODAD	133G/200MLG/15ML	FL/200 ML	SUSP.BUV.
LEFUMIDE-10	10MG	BTE/30	COMP.PELLI
LEFUMIDE-20	20MG	BTE/30	COMP.PELLI
LEMOD	16MG	B/20	COMP.EFFER.
LEMOD	4MG	B/30	COMP.
LEMOD - DEPO	40MG/1ML	B/1+1	PDRE.SOL.IN
LEMOD SOLU	40MG	B1 FL+LYOPH 1AMP 1ML	LYOPH P.SOL
LEMOD- SOLU	20MGMG/1ML	B/1+1	PDRE.SOL.IN
LENAZAX	2.5MG	BTE/30	COMP.PELLI
LENITRAL	2.5MG	B/60	GLES.
LEOCART LP	2%	FL/10ML CONTENANT3ML	COLLYRE SOL
LEPONEX	100MG	B/30	COMP.
LEPONEX	25MG	B/30	COMP.
LEPTICA	150MG	BTE/60	GLES.
LEPTICA	300MG	BTE/60	GLES.
LEPTICA	50MG	BTE/60	GLES.
LERCA	10MG	BTE/30	COMP.PELLI.
LERCANIDIPINE BEKER	10MG	BTE/30	COMP.PELLI.
LERCANIDIPINE BEKER	10MG	BTE/90	COMP.PELLI.
LESCOL	20MG	B/28	GLES.
LESCOL	40MG	B/28	GLES.
LESCOL XL	80MG	B/28	COMP PELL A
LESLA	10MG	BTE/30	COMP.PELLI
LESTONE	0.5MG/ML(0.05%)	FL/30ML	SOL.BUV.GTT
LESURIC	100MG	BTE/30	COMP.
LESURIC	300MG	BTE/30	COMP.
LETRAGEN	2.5MG	BTE/30	COMP.PELLI
LETRODEX	2.5MG	BTE/30	COMP.PELLI
LETROZOLE CINFA	2.5MG	BTE/30	COMP.PELLI
LETROZOLE UPC	2.5MG	BTE/30	COMP.PELLI
LEVEMIR FLEXPEN	100U/MLUI/ML	B/5 STYLO PREREM 3ML	SUSP.INJ.
LEVEMIR PENFILL	100UI/ML	BTE/5 CARTOUCHE	SOL.INJ CAR
LEVETIRACETAM BEKER	250MG	BTE/60	COMP.PELLI.
LEVETIRACETAM BEKER	500MG	BTE/60	COMP.PELLI.
LEVETIRACETAM LDM	250MG	BTE/60	COMP.PELLI
LEVETIRACETAM LDM	500MG	BTE/30	COMP.PELLI.
LEVETIRACETAM NOVAGENERICS	250MG	BTE/60	COMP.PELLI
LEVOCARB	100MG/10MG	BTE/100	COMP.
LEVOCARB	250MG/25MG	BTE/100	COMP.SEC.
LEVODOZ	250MG/25MG	BTE/100	COMP.SEC.
LEVOFLOX	500MG	BTE/05	COMP.PELLI.
LEVOFLOX	500MG	BTE/10	COMP.PELLI.
LEVOMED	100/10MG	B/100	COMP.
LEVOMED	250/25MG	B/100	COMP.
LEVONON BGL	100MG	BTE/20	COMP.PELLI.
LEVONON BGL	25MG	BTE/20	COMP.PELLI.
LEVONON BGL	40MG/ML	FL/30 ML	SOL.BUV.GTT
LEVOPHTA	0.05%	FL/3 ML	COLLY.
LEVOPHTA	0.05%	FL/5ML	COLLY.
LEVORGICA	5MG	BTE/14	COMP.PELLI
LEVORGICA	5MG	BTE/28	COMP.PELLI
LEVOSPASME	160MG	BTE/10	COMP ORO DI
LEVOSPASME	80MG	BTE/10	COMP ORO DI
LEVOTHYROX	100G	B/28	COMP.
LEVOTHYROX	100G	B/50	COMP.SEC.
LEVOTHYROX	100G	BTE/30	COMP.SEC.
LEVOTHYROX	25G	BTE/28	COMP.SEC.
LEVOTHYROX	25G	BTE/30	COMP.SEC.
LEVOTHYROX	50G	B/28	COMP.
LEVOTHYROX	50G	B/50	COMP.SEC.
LEVOTHYROX	50G	BTE/30	COMP.SEC.
LEVOTHYROX	75G	BTE/28	COMP.SEC.
LEVOTHYROX	75G	BTE/30	COMP.SEC.
LEVOTIRON	100G	B/100	COMP.
LEVOTIRON	100G	BTE/100	COMP.SEC.
LEVOTIRON	25MCG	BTE/100	COMP.SEC.
LEVOTIRON	50MCGOU(50G)	BTE/100	COMP.SEC.
LEVOTIRON	75MCG	BTE/100	COMP.SEC.
LEVOTYNE	1G/10MLG/ML	FL/100ML	SOL.BUV.
LEVOXINE	5MG	BTE/30	COMP.PELLI
LEVOZAN	4%	FL/30ML	SOL.BUV.GTT
LEVOZEN	5MG	BTE/14	COMP.PELLI
LEVOZEN	5MG	BTE/28	COMP.PELLI
LEXIN	1000MG	BTE/12	PDRE.P/SUSP
LEXIN	1G	B/12	COMP.
LEXIN	500MG	B/20	GLES.
LEXIN	500MG	BTE/20	PDRE.P/SUSP
LEXIN 250	250MG/5ML	FL/100ML	SUSP.BUV.
LEXINAL	125MG/5ML	FL/100ML	PDRE.P/SUSP
LEXINAL	1G	BTE/12	COMP.PELLI
LEXINAL	250MG/5ML	FL/100ML	PDRE.P/SUSP
LEXINAL	500MG	BTE/12	COMP.PELLI
LEXINAL	500MG	BTE/20	GLES.
LEXINAL SOPHAL	1G	BTE/12	COMP.PELLI
LEXOMIL	6MG	B/30	COMP.SEC.
LEXOPAM	6MG	BTE/30	COMP QUADRI
LICREASE	12000UI	B/90	GLES.
LIDOCAINE GEO	2%	B/2 FL/25ML	SOL.INJ.
LIDOCAINE GEO	20MG/1ML(2%)MG/ML	B/1 FL / 25ML	SOL.INJ.
LIFEAMPILE	500MG	B/12	GLES.
LIFENYSTIN	100000UI	B/12	COMP.VAGINA
LIFUNOR	2.5MG	BTE/30	COMP.PELLI
LINAPEX	10MG	BTE/30	COMP.PELLI.
LIORESAL	10MG	B/50	COMP.SEC.
LIPANOR	100MG	B/30	GLES.
LIPANTHYL	160MG	B/30	COMP.PELLI
LIPANTHYL	200MG	B/30	GLES MIC/GR
LIPANTHYL MICRONISE 200	200MG	B/30	GLES.
LIPICARE	10MG	B/30	COMP.PELLI
LIPICARE	10MG	B/90	COMP.PELLI
LIPICARE	10MG	BTE/28	COMP.PELLI
LIPICARE	20MG	B/28	COMP.PELLI
LIPICARE	20MG	BTE/30	COMP.PELLI
LIPICARE	20MG	BTE/90	COMP.PELLI
LIPICARE	40MG	B/28	COMP.PELLI
LIPICARE	40MG	B/30	COMP.PELLI
LIPICARE	40MG	BTE/90	COMP.PELLI
LIPICARE	80MG	B/30	COMP.PELLI
LIPICARE	80MG	BTE/28	COMP.PELLI
LIPICARE	80MG	BTE/90	COMP.PELLI
LIPOCARD 200	200MG	BTE/30	GLES.
LIPODAR 10	10MG	B/30	COMP.PELLI
LIPODAR 20	20MG	B/30	COMP.PELLI
LIPOFEN	250MG	B/30	GLES.LP.
LIPOFIBRATE	200MG	B/30	GLES.
LIPONIL	10MG	BTE/30	COMP.PELLI
LIPONIL 20	20MG	BTE30	COMP.PELLI
LIPONIL 40	40MG	BTE/30	COMP.PELLI
LIPONORM	20MG	BTE/28	COMP.PELLI.
LIPOSIC	2MG/1G0.2%	T/10G	GEL OPHTALM
LIPOSTATINE	10MG	BTE/30	COMP.PELLI
LIPOSTATINE	20MG	BTE/30	COMP.PELLI
LIPOVAST 10	10MG	BTE/30	COMP.PELLI
LIPOVAST 20	20MG	BTE/30	COMP.PELLI
LIPOVAST 40	40MG	BTE/30	COMP.PELLI
LIPRAG	150MG	BTE/60	GLES.
LIPRAG	50MG	BTE/60	GLES.
LISAMETACE	40MG	B/1 AMP	SUSP.INJ.
LISAMETHYLE	120MG	B/1	PDRE.SOL.IN
LISAMETHYLE	20MG	B/1+1	PDRE.SOL.IN
LISAMETHYLE	40MG	B/1 AMP DE 2ML	PDRE.SOL.IN
LISAMOX	1G	B/1+1	SOL.INJ.
LISAMOX	500MG	B/1+1	PDRE.SOL.IN
LISATRIAM	40MG/ML	B/1 AMP	SOL.INJ.
LISAVIR	200MG	B/25	COMP.
LISAVIR	5%	T/10G	CRE.DERMIQU
LISINOPRIL IBERAL	20MG	BTE/28	COMP.SEC.
LISINOX	20MG	BTE/14	COMP PELL G
LISINOX	20MG	BTE/28	COMP PELL G
LISINOX	20MG	BTE/7	COMP PELL G
LISINOX	40MG	BTE/14	COMP PELL G
LISINOX	40MG	BTE/28	COMP PELL G
LISINOX	40MG	BTE/7	COMP PELL G
LIVIAL	2.5MG	B/28	COMP.
LIZAM	10MG	B/20	COMP.
LOCACID	0.05%	T/30 G	CRE.
LOCACID	0.10%	FL/15 ML	LOTION
LOCACORT	0.1%	TUBE/30 G	CRE.
LOCADOSE	0.1G/100G	TUBE/30 G	CRE.
LOCAGEL	1%	T/50 G	GEL
LOCAPRED	100MG/100G	T/15 G	CRE.
LOCATOP	0.1%	T/30G	CRE.
LOCAZONE	0.1%(0.1G/100G)	BTE/01 TUBE DE 15G	CRE.DERMIQU
LOCERYL	5%	B/1FL DE 2.5ML+10 SP	SOL APPL LO
LOCOID	0.1%	T/30G	CRE.
LOCOID	0.10%	FL/30ML	LOTION
LOCOID	0.10%	T/30G	PDE.
LOCOID	0.10%	TUBE/30G	CRE.
LOGECINE	250MG	B/20	GLES MIC/GR
LOGYNON	30/0.05G/MG	B/21	COMP.
LOMAC 20	20MG	B/15	GLES.MIC.GA
LOMAZEL	150MG	BTE/01	GLES.
LOMAZEL	50MG	BTE/03	GLES.
LOMIFEN	50MG	BTE/10	COMP.
LOMOH -20	2000UIANTI-XA/0.2ML(20MG/0.2M	B/01	SOL.INJ.SC.
LOMOH -40	4000UIANTI-XA/0.4ML(40MG/0.4M	B/01	SOL.INJ.SC.
LOMOH -60	6000UIANTI-XA/0.6ML(60MG/0.6M	B/01	SOL.INJ.SC.
LOMOH -80	8000UIANTI-XA/0.8ML(80MG/0.8M	B/01	SOL.INJ.SC.
LOMZOLE BGL	20MG	PILULIER DE 14	GLE.MICRO.G
LOPERAMIDA BELMAC	2MG	B/20	GLES.
LOPERAMIDE	2MG	B/20	GLES.
LOPERAMIDE G GAM	2MG	B/20	GLES.
LOPERAMIDE INKEY	2MG	B/20	GLES.
LOPERAMIDE NS	2MG	BTE/20	GLES.
LOPERAMIDE-BIOGARAN	2MG	B/20	GLES.
LOPERAMIDE-INKEY	2MG	B/20	GLES.
LOPEREX	2MG	BTE/20	COMP.
LOPERIDAL	2MG	B/20	GLES.
LOPERIUM	2MG	B/20	GLES.
LOPESTIN	0.2MG/ML	BTE/01 FL DE 90ML	SOL BUV ENF
LOPESTIN	2MG	B/20	GLES.
LOPRESS	100MG	B/30	COMP.PELLI
LOPRESSOR LP	200MG	B/30	COMP.SEC.LP
LOPRIL	25MG	BTE/30	COMP.SEC.
LOPRIL	25MG	BTE/60	COMP.SEC.
LOPRIL	50MG	B/30	COMP.
LOPROX	200MG	BTE/30	COMP.PELL.S
LORADESS	0.5MG/ML	FL/120 ML	SIR.
LORADESS	5MG	B/10	COMP.PELLI
LORADIF	10MG	B/10	COMP.
LORADIF	5MG/5ML	FL/60 ML	SIR.
LORADINE	0.1G/100ML(5MG/CAC)G/ML	FL/100ML	SIR.
LORADINE	10MG	B/14	COMP.
LORADINE	10MG	BTE/20	COMP.
LORADYL	0.1%	FL/90ML	SIR.
LORAM	1MG	B/50	COMP.
LORAM	2.5MG	B/30	COMP.
LORANS	1MG	B/50	COMP.
LORANS	2.5MG	B/30	COMP.
LORATADINE BEKER	10MG	BTE/30	COMP.
LORATADINE CPCM	10MG	B/10	COMP.PELLI
LORATADINE NOVAGENERICS	10MG	BTE/20	COMP.
LORATAN	10MG	B/10	COMP.
LORATAN	10MG	BTE/20	COMP.
LORATAN	10MG	BTE/30	COMP.
LORATAN	5MG/CAC	FL/100 ML	SIR.
LORATINE	10MG	B/20	COMP.
LORATINE	10MG	BTE/30	COMP.
LORATINE	1MG/ML	FL/125 ML	SIR.
LORAX	5MG	B/30	COMP.
LORAZEPAM	1MG	B/50	COMP.
LORAZEPAM	2.5MG	B/30	COMP.
LORAZEPAM AGD	1MG	B/30	COMP QUADRI
LORAZEPAM AGD	2.5MG	B/30	COMP QUADRI
LOREEN	10MG	B/10	COMP.
LORESTA	200MG	BTE/30	COMP.PELL.S
LORID	10MG	B/10	COMP.
LORIXYNE	10MG	BTE/20	COMP.
LORVAST	10MG	BTE/30	COMP.PELLI
LORVAST	20MG	BTE/30	COMP.PELLI
LORVAST	40MG	BTE/30	COMP.PELLI
LORVAST	80MG	BTE/30	COMP.PELLI
LOSAPIL	100MG	BTE/60	COMP.PELLI
LOSAPIL	50MG	BTE/60	COMP.PELLI
LOSARTAN GEO	25MG	BTE/30	COMP.PELLI
LOSARTAN HEMOFARM	100MG	BTE/28	COMP.PELLI
LOSARTAN LDM	100MG	BTE/30	COMP.PELLI
LOSARTAN LDM	50MG	BTE 30	COMP.PELLI.
LOSARTIC	50MG/12.5MG	B/30	COMP.
LOSTAMINE	10MG	B/10	COMP.PELLI
LOSTAMINE	10MG	B/20	COMP.
LOTEN	100MG	B/10	COMP.
LOTENSE	10MG	BTE/30	GLES.
LOTENSE	5MG	B/30	GLES.
LOTEVAN	10MG/160MG	BTE/30	COMP.PELLI
LOTEVAN	5MG/160MG	BTE/30	COMP.PELLI
LOTEVAN	5MG/80MG	BTE/30	COMP.PELLI
LOTIBIOL	10%	FL/180 ML	SOL.DERM.
LOVENOX	100MG/1ML	B/2 SERINGUES PREREM	SOL.INJ.SC.
LOVENOX	20MG/0.2ML	B/2 SERINGUES PR REM	SOL.INJ.SC.
LOVENOX	40MG/0.4ML	B/2 SERINGUES PR REM	SOL.INJ.SC.
LOVENOX	60MG/0.6ML	B/2 SERING AUTO INJE	SOL.INJ.SC.
LOVENOX	80MG/0.8ML	B/2 SERING AUTO INJE	SOL.INJ.SC.
LOVIR	200MG	B/25	COMP.
LOWVASC	5MG	BTE/28	GLES.
LOXANAD	250MG	BTE/10	COMP.PELLI
LOXANAD	500MG	BTE/10	COMP.PELLI.
LOXAPAC	100MG	BTE/30	COMP.
LOXAPAC	25MG	BTE/30	COMP.PELLI
LOXAPAC	25MG/ML	FL/30 ML+PIPETTE	SOL.BUV.
LOXEN	10MG/10ML	B/10	SOL.INJ.
LOXEN	20MG	B/30	COMP.
LOXEN L P	50MG	B/60	GLES.
LOXEN LP	50MG	BTE/60	MICROGRAN L
LOXIDIPINE LP	50MG	BTE/60	MICROG LP E
LOZAR	50MG	B/30	COMP.SEC.
LOZARTAN GEO	50MG	BTE/30	COMP.PELLI
LUDIOMIL	25MG	B/50	COMP.
LUDIOMIL	75MG	B/28	COMP.
LUMERA	0.1MG/ML	FL/3ML	COLLYRE.SOL
LUMERA	0.3MG/ML	FL/3ML	COLLYRE.SOL
LUTEDINE	10MG	B/10	COMP.
LUTEDINE	10MG	B/30	COMP.
LUTENYL	5MG	B/10	COMP.
LUTEROL	5MG	BTE/10	COMP.SEC.
LUVASCOL	40MG	BTE/30	GLES.
LUVASCOL	80MG	BTE/28	COMP.PELL.L
LYNOX	250MG	B/20	COMP.SEC.
LYRICA	100MG	BTE/84	GLES.
LYRICA	150MG	BTE/56	GLES.
LYRICA	150MG	BTE/60	GLES.
LYRICA	25MG	BTE/56	GLES.
LYRICA	300MG	BTE/56	GLES.
LYRICA	50MG	BTE/56	GLES.
LYRICA	75MG	BTE/56	GLES.
LYRIZIN	150MG	BTE/60	GLES.
LYRIZIN	300MG	BTE/60	GLES.
LYRIZIN	50MG	B/60	GLES.
LYRIZIN	75MG	B/60	GLES.
LYSANXIA	10MG	B/40	COMP.
LYSANXIA	15MG/ML	FL/20 ML	SOL.BUV.GTT
LYSOGIC	100MG	B/20	PDRE.OR.
MAALOX	600/525MG	B/30 SACHETS DE 15	SUSP.BUV.
MAALOX MAUX D'ESTOMAC	3.5G/100ML/4G/100ML	FL/250 ML	SUSP.BUV.GO
MAALUS	400/200MG/(10ML)MG/10	FL/200 ML	SUSP.BUV.
MAALUS ASIA	132MG/275MG	B/60	COMP. A CRO
MACROLAX-ISO	10G/SACHET	BTE/20 SACHETS	PDRE SOLUTI
MACROLID	200MG/5ML	FL/60 ML	PDRE.P/SUSP
MADOPAR 250	200MG/50MG(250MG)	B/100	COMP.
MAG +	1.5MG/10ML	FL/200ML	SIR.
MAG 2	1.5G/5MLG/AMP	B/30 AMP	AMP.BUV.
MAGNE	0.75G/5MLG/ML	FL/125ML	SIROP 15%
MAGNE-B6	186/936/10MG	B/10 AMP	AMP.BUV.
MAGNEVIST	46.9G/100ML	FL/10ML	SOL.INJ.
MAGNEVIST	46.9G/100ML	FL/15ML	SOL.INJ.
MAGNEVIST	46.9G/100ML	FL/5ML	SOL.INJ.
MAGNEVIST	469.01MG/ML(0.5MMOL/ML)	FL/20 ML	SOL.INJ.IV.
MAGNO SANOL	250MG	B/30	GLES.
MAGRILAN	20MG	B/30	GLES.
MALTOFER	100ML/2ML	B/5 AMP DE 5 ML	SOL.INJ.
MAMOZOL	2.5MG	BTE/30	COMP.PELLI
MANTIXA	2MG	BTE/30	COMP.SEC.
MANTIXA	4MG	BTE/30	COMP.
MAPEZ	1MG	BTE/30	COMP.SEC.
MAPEZ	2.5MG	BTE/30	COMP.SEC.
MARILON	150G/20G	BTE/21	COMP.
MAROCID	500MG	B/12	COMP.
MAROCID	500MG	B/16	COMP.
MARVELON	0.15MG/0.03MG	B/3 21	COMP.
MAXIDROL	0.1G/350000U	T/3.5 G	PDE.OPHT.
MAXIDROL	100MG/350000UI/600000UI/100ML	FL/3 ML	COLLY.
MAXILODRE	100MG/350000UI/600000UI/100ML	FL/3 ML	COLLY.
MEBANDAN	100MG	B/8	GLUCO.LITR
MEBANDAN	20MG	FL/30 ML	SUSP.BUV.
MEBEVAN LP 200	200MG	BTE/30	GLES MICROG
MEBEVERINE BEKER LP	200MG/GELULE	BTE/30	MICROGRAN L
MEBEVERINE BIOGARAN	100MG	B/20	CAPSULE MOL
MEBEVERINE BIOGARAN	200MG	B/30	GLES.
MEBEVERINE-SAIDAL	100MG	BTE/30	COMP.
MEBEVIS	20MG	FL/80 ML	SUSP.BUV.
MECIR LP	0.4MG	BTE/30	COMP.PELL.L
MEDAZOL	250MG	B/20	COMP.
MEDILIUM	1MG/ML	FL/200 ML	SUSP.BUV.
MEDOCLAZIDE	80MG	B/20	COMP.
MEDOCRIPTINE	2.5MG	B/30	COMP.
MEDOGYL	500MG	BTE/20	COMP.PELLI
MEDOLIN	2MG	B/100	COMP.
MEDOLIN	2MG/5ML	FL/150 ML	SIR.
MEDONEX	50G/DOSE	FL/120 DOSES	SUSP.P.PULV
MEDOSTATINE	20MG	BTE/30	COMP.
MEDOSTATINE	40MG	BTE/10	COMP.
MEDROL	16MG	B/20	COMP.
MEDROL	4MG	B/30	COMP.
MEDYOL	0.5%	FL/10 ML	COLLY.
MEFDOL GS	40MG	BTE/20	COMP.SEC.
MEFESTAN	125MG	BTE/06	SUPPO.
MEFESTAN	250MG	BTE/20	GLES.
MEFESTAN	500MG	BTE/06	SUPPO.
MEFLONIL 200	200G/GLES	B/60	PDRE P/INHA
MEFLOX	500MG	BTE/10	COMP.PELLI
MEFORINE	500MG	B/30	COMP.
MEGACE	160MG	B/30	COMP.
MEGACEF	200MG	BTE/08	PDRE.P/SUSP
MEGAMAG 45MG	400MG	BTE/30	GLES.
MEGAMOX	500MG/125MG	B/20	GLES.
MELADININE	0.10%	FL/24 ML	SOL.
MELADININE	10MG	B/30	COMP.
MELAZA	1G	BTE/120	MICROGR L
MELAZA	1G	BTE/15	SUPPO.
MELAZA	500MG	BTE/15	SUPPO.
MELAZA	500MG	BTE/90	GELUL.MICRO
MELIANE	20G/75G	B/21	COMP.ENRO.
MELLERIL	100MGMG/ML	B/25	COMP.
MELLERIL	10MG	B/25	COMP.ENRO.
MELLERIL	10MG	B/30	COMP.
MELLERIL	2MG/ML	FL/200 ML	SUSP.BUV.
MELLERIL	40MG/ML	FL/30ML	SUSP.BUV.
MELLERIL	40MG/ML	FL/50 ML	SUSP.BUV.
MELLERIL	50MG	B/25	COMP.
MELMET	850MG	BTE/120	COMP.PELLI
MELOX	15MG	BTE/10	COMP.
MELOX	7.5MG	BTE/10	COMP.
MEMANTINE BEKER	10MG	BTE/30	COMP.PELLI.
MEMANTINE BEKER	20MG	BTE/30	COMP.PELLI
MENAELLE	100MG	B/30	CAPS. MOL O
MENODIS	100MG	BTE/16	COMP.PELLI
MENOPUR	75UI	B/5 FL	PDRE SOLV P
MEPRAMIDE	10MG	B/10	SUPPO.
MEPRENAL	20MG/2MLMG/ML	B/1+1	PDRE.SOL.IN
MEPRENAL	40MG/2MLMG/ML	B/1+1	PDRE.SOL.IN
MEPRONOVA	400MG	B/50	COMP.
MEQUITAZINE LOGOGEN	5MG	B/30	GLES.
MERAZINE	250MG	B/20	COMP.
MERCILON	0.02/0.15MG	B/21	COMP.
MERCUROCHROME	2%	FL/1 L	SOL.
MERCUROCHROME	2%	FL/100ML	SOL.AQ.
MERCUROSCEINE - GIFRER	2%	FL/45ML	SOL.
MERIDONE	10MG	BTE/30	COMP.PELLI
MESOPRAL	20MG	BTE/14	GLES MIC/GR
MESTINON	60MG	B/150	DRG.
MESTINON	60MG	B/20	COMP.
MESTINON	60MG	B/20	DRG.
METACARTIN	100MG/ML	FL/100 ML	SOL.BUV.
METAGYL	125MG/5ML	FL/125 ML	SUSP.BUV.
METAZID	10MG	BTE/30	COMP.PELLI
METAZOLE	500MG	BTE/20	COMP.PELLI
METEOSPASMYL	60MG/300MG	B/20	CAPS.
METEOSPASMYL	60MG/300MG	BTE/30	CAPSULE MOL
METEOSPASMYL	60MG/300MG	BTE/40	CAPSULE MOL
METEOXANE	125MG/80MG	B/60	GLES.
METFOR	850MG	BTE/60	COMP.PELLI
METFOR 850	850MG	B/60	COMP.PELLI
METFOR LP	1G	BTE/30	COMP.LP.
METFORAL	500MG	B/50	COMP.
METFORAL	850MG	B/120	COMP.
METFORAL	850MG	BTE/30	COMP.PELLI.
METFORAL	850MG	BTE/90	COMP.PELLI.
METFORAL 1000	1000MG	BTE/30	COMP.PELLI.
METFORAL 1000	1000MG	BTE/60	COMP.PELLI.
METFORMINE BIOGARAN	850MG	B/100	COMP.PELLI
METFORMINE UPC	850MG	B/30	COMP.
METFORMINE ZENTIVA	1G	B/90	COMP.PELLI
METFORMINE ZENTIVA	850MG	B/90	COMP.PELLI
METHERGIN	0.20MG/1ML	B/3 AMP	SOL.INJ.
METHERGIN	0.25MG/ML	FL/10 ML	SOL.BUV.GTT
METHERGIN	0.2MG/ML	FL/10 ML	SOL.INJ.
METHOTREXATE	2.5MG	B/50	COMP.
METHOTREXATE EBEWE	2.5MG	B/50	COMP.
METHOTREXATE ROGER	2.5MG	B/20	COMP.
METHYL-PREDNISOLONE NAD	40MG/ML	B/01SERINGUE PREREMP	SUSP.INJ.
METHYLDOPA SOLUPHARM	250MG	B/20	COMP.PELLI.
METHYLERGOBREVIN	0.25MG/ML	FL/10 ML	SOL.BUV.GTT
METHYLERGOBREVIN	0.2MG/ML	B/5 AMP	SOL.INJ.
METHYLERGOMETRINE	0.25MG/ML	FL/30 ML	SOL.BUV.
METHYLERGOMETRINE	0.2MG/ML	B/100 AMP	SOL.INJ.
METHYLPREDNISOLONE MERCK	40MG	B/20 FL	PDRE SOL IN
METHYLPREDNISOLONE SLP	4MG	B/20	COMP.SEC.
METHYLPREDNISONE QUALIMED	120MG/3ML	B/20	PDRE.SOL.IN
METLESS LP	1000MG	BTE/30	COMP.LP.
METLESS LP	500MG	BTE/30	COMP.LP.
METLESS LP	750MG	BTE/30	COMP.LP.
METOCAI	0.1G%(5MG/5ML)	FL/125 ML	SOL.BUV.
METOCLAM	0.1G/100ML	FL/200ML	SOL.BUV.
METOCLOPRAMIDE	10MG	B/10	COMP.
METOCLOPRAMIDE	10MG	B/10 AMP DE 2ML	SOL.INJ.
METOCROVIS	200MG	B/30	COMP.LP.
METOPERAN	10MG/2ML	BTE/10	SOL.INJ.IM.
METOPHAGE	850MG	B/30	COMP.PELLI
METOPRAM	10MG	BTE/10	SUPPO.
METOPRESS	100MG	BTE/30	GLES.LP.
METOPRESS	200MG	BTE/30	MICROGRAN L
METOPRESSOR	100MG	BTE/30	COMP PELL Q
METOPRESSOR LP	200MG	BTE/30	COMP.PELL.S
METOPRIN	0.10%	FL/200ML	SOL.BUV.
METOPROLOL STADA RETARD	200MG	B/50	COMP.LP.
METOSIL	10MG	B/20	COMP.
METRAZIN	500MG	B/10	OV.
METRODIN HP	75UI	B/1+1	PDE.SOLINJI
METROFAGYL	500MG	B/10	OV.
METROGYL	125MG/5MLMG/ML	FL/120ML	SUSP.BUV.
METROGYL	250MG	BTE/20	COMP.
METROGYL	500MG	B/20	COMP.
METROMYCINE	1.5MUI/250MG	BTE/10	COMP.PELLI
METRONIDAL	250MG	BTE/30	COMP.PELLI
METRONIDAL	500MG	BTE/20	COMP.
METRONIDAZOLE	250MG	B/20	COMP.
METRONIDAZOLE BEKER	250MG	BTE/30	GLES.
METRONIDAZOLE BEKER	500MG	BTE/20	GLES.
METRONIDAZOLE HUP	500MG	BTE/20	COMP.SEC.
METRONIDAZOLE MM	250MG	BTE/20	COMP.PELLI
METRONIDAZOLE MM	500MG	BTE/20	COMP.PELLI
METROZAL	125MG/5MLMG/5ML	FL/120 ML	SUSP.BUV.
METROZOLE	125MG/5MLMG/5ML	FL/100 ML	SUSP.BUV.
METROZOLE	250MG	B/20	COMP.
METYCARE	250MG	BTE/30	COMP.PELLI
METZOL	125MG/5ML	FL/100 ML	SIR.
MEVAKINE	200MG/ML	F/100ML	SOL.BUV.
MEVERC	16MG	BTE/20	COMP.
MEVERC	8MG	B/30	COMP.
MEVERC	8MG	BTE/20	COMP.SEC.
MEXAM	10MG	BTE/30	COMP.PELLI
MEXAM	4MG	BTE/30 SACHETS-DOSE	GRLES.
MEXAM	5MG	BTE/30	COMP. A CRO
MIACALCIC	50UI/ML	B/10	SOL.INJ.
MIACALCIC	50UL/ML	B/5 AMP	SOL.INJ.
MIBRAL	10MG	B/30	COMP.
MIBRAL	10MG	BTE/30	GLES.
MIBRAL	5MG	B/30	COMP.
MIBRAL	5MG	BTE/30	GLES.
MIBRAVAL 05+160 MG	5MG/160MG	BTE/30	COMP.PELLI
MIBRAVAL 05+80 MG	5MG/80MG	BTE/30	COMP.PELLI
MIBRAVAL 10+160 MG	10MG/160MG	BTE/30	COMP.PELLI
MICARDIS	40MG	BTE/28	COMP.
MICARDIS	80MG	BTE/28	COMP.
MICARDIS PLUS	40MG/12.5MG	BTE/28	COMP.
MICARDIS PLUS	80MG/12.5MG	BTE/28	COMP.
MICASARTAN	80MG	BTE/30	COMP.
MICODAL	2%	T/40G	GEL.DERM.
MICOFULVINE	125MG	B/32	COMP.
MICOGEL	2%	T/30 G	GEL
MICONAL ECOBI	2G%	T/30 G	CRE.
MICONAZOLE NOVAGENERICS	2%	TUBE/50G	GEL BUCC
MICOTYDE	100MG/250MG/10MUI/100GMG/MG/MUI/G	TUB/15G	PDE.
MICROBAN	2%	TUBE/15G	PDE.DERM.
MICROCIDAL	500MG	B/30	COMP.
MICROGYNON	0.15MG/0.03MG	B 3 21	COMP.ENRO.
MICROPAQUE	1MG/ML	FL/150 ML	SUSP.BUV.
MICROPAQUE	1MG/ML	FL/2L	SUSP.BUV.
MICROPAQUE SCANNER	5G/100ML	FL/150ML	SUSP.BUV.
MICROSERC	8MG	B/30	COMP.
MICROVAL	0.03MG	B/28	COMP.
MICROZIDE	80MG	B/30	COMP.
MIDAFLEX	250MG	B/20	GLES.
MIDAFLEX	250MG/5ML	FL/100 ML	PDRE.SOL.BU
MIDAFLEX	250MG/5MLMG/ML	FL/100ML	PDRE.P/SUSP
MIDAFLEX	500MG	B/20	GLES.
MIDAFLEX	500MG	BTE/20	GLES.
MIDRISOL	0.50%	FL/5 ML	COLLY.
MIDRISOL	1%	FL/5 ML	COLLY.
MIGLUCAN	2.5MG	B/60	COMP.
MIGRAL PEDIATRIQUE	120MG/5ML(2.4G/100ML)	FL/125ML	SIR.
MIGRAMOL	1000MG	BTE/10	COMP.SEC.
MIGRAMOL	500MG	B/20	COMP.
MIGRAZEN	0.5MG	BTE/50	COMP.
MIGREX	50MG	BTE/06	COMP.PELLI
MILURIT	300MG	B/30	COMP.
MINESSE	15MICROG/60MICROG	B/28	COMP.PELLI
MINIDIAB	5MG	B/30	COMP.
MINIDRIL	0.15/0.03MG	B/21	COMP.
MINIRIN	0.1MG/ML	FL/2.5ML	SOL.ADM.END
MINIRIN	0.2MG	B/15	COMP.
MINIRINMELT	60G	BTE/30	LYOPH.ORAL
MINITEN	25MG	B/20	COMP.
MINITEN	50MG	B/20	COMP.
MINSK	10MG	B/50	COMP.
MINSK	1MG/ML	FL/200 ML	SUSP.BUV.
MIOCED	50MG	B/20	COMP.PELLI.
MIRALE	10MG	BTE/28	COMP.PELLI.
MIRAZOLIN	1G	BTE/1	PDSOLV.SOL.
MISULAR	200MG	BTE/30	COMP.SEC.
MITAZOL	125MG/5ML	FL/120 ML	SUSP.BUV.
MITAZOL	250MG	B/20	COMP.
MITEKOL	1%	T/30 G	CRE.
MITEKOL	150MG	B/3	OV.
MITRIL	25MG	B/60	COMP.PELLI
MITRIL	4%	FL/30ML	SOL.BUV.GTT
MITRIL	50MG	B/20	COMP.
MIXTARD 30 HM PENFIL	100UI/ML	B/5 CART/1.5ML/3ML	SOL.INJ.
MIXTARD 30HM	100UI/ML	FL/10 ML	SOL.INJ.
MIZART	40MG	BTE/30	COMP.
MIZART PLUS	40MG/12.5MG	BTE/30	COMP.
MIZART PLUS	80MG/12.5MG	BTE/30	COMP.
MODAZOLE	125MG/5ML	FL/100 ML	SUSP.BUV.
MODAZOLE	250MG	B/20	COMP.
MODECATE	25MG/1ML	B/3	SOL.INJ.
MODENUM	10MG/2ML	BTE/10	SOL.INJ.IM.
MODITEN	25MG	B/30	COMP.
MODITEN	MG100	B/15	COMP.
MODOPAR 125	100MG/25MG	B/60	GLES.
MODURETIC	50MG/5MG	B/30	COMP.
MOLSIDOMINE BEKER	2MG	BTE/30	COMP.SEC.
MOLSIDOMINE BEKER	2MG	BTE/90	COMP.SEC.
MOLSIDOMINE BEKER	4MG	BTE/30	COMP.
MOLSIDOMINE BEKER	4MG	BTE/90	COMP.
MOLSIDOMINE BIOGARAN	2MG	B/30	COMP.
MOLSIDOMINE BIOGARAN	2MG	B/90	COMP.
MOLSIDOMINE BIOGARAN	4MG	B/30	COMP.
MOLSIDOMINE IVAL	2MG	B/30	COMP.SEC.
MOLSIDOMINE IVAL	4MG	B/30	COMP.SEC.
MOLSIDOMINE MERCK	2MG	B/30	COMP.SEC.
MOLSIDOMINE MERCK	4MG	B/30	COMP.SEC.
MOLSIKET RETARD	8MG	BTE/30	COMP.LP.
MOLSINE	2MG	BTE/30	COMP.SEC.
MOLSINE	4MG	B/30	COMP.
MOMENEX	50G/DOSE	FL/120PULV	SUSP P/PULV
MONCITRA	30MG	BTE/30	COMP.PELLI
MONKAST	10MG	BTE/28	COMP.PELLI
MONKAST	5MG	BTE/28	COMP. A CRO
MONO-TILDIEM	300MG	B/28	GLES.LP.
MONOCLINE	100MG	B/5	COMP.
MONTEKAST	10MG	BTE/30	COMP.PELLI
MONTEKAST	4MG	BTE/30	COMP. A CRO
MONTEKAST	5MG	BTE/30	COMP. A CRO
MONTELAIR	10MG	BTE/30	COMP.ENRO.
MONTELAIR	4MG	BTE/30	COMP. A CRO
MONTELAIR	5MG	BTE/30	COMP. A CRO
MONTELUKAST BEKER	10MG	BTE/30	COMP.PELLI
MONTELUKAST BEKER	4MG	BTE/30	COMP. A CRO
MONTELUKAST BEKER	5MG	BTE/30	COMP. A CRO
MONTELUKAST GEO	10MG	BTE/30	COMP.PELLI
MONTELUKAST LDM	10MG	BTE/30	COMP.PELLI
MONTELUKAST LDM	5MG	BTE/30	COMP. A CRO
MONURIL ADULTE	3G/SACHET	BTE/1SACHET	GRAN.SOL.BU
MOPRAL	10MG	B/14	GLES.
MOPRAL	20MG	B/14	GLES.
MOPRAL	20MG	B/14	GLES.MICRON
MOPRAL	40MG	B/1 AMP	SOL.INJ.IV.
MOTIDONE	10MG	BTE/40	COMP.SEC.
MOTIDONE	1MG/ML	FL/200ML	SUSP.BUV.
MOTILAT	10MG	B/30	COMP.
MOTILAT	5MG/5ML	FL/100 ML	SUSP.BUV.
MOTILIUM	10MG	B/40	COMP.
MOTILIUM	1MG/MLMG//ML	FL/200 ML	SUSP.BUV.
MOTILYO	10MG	BTE/30	COMP.LYOPH.
MOTION 15	15MG	PILULIER/10	COMP.
MOTRINEX	10MG	BTE/30	COMP.PELLI
MOTRINEX	4MG	BTE/30	COMP. A CRO
MOTRINEX	5MG	BTE/30	COMP. A CRO
MOVEN	15MG	BTE/10	GLES.
MOVEN	15MG	BTE/30	GLES.
MOVEN	7.5MG	BTE/10	GLES.
MOVEN	7.5MG	BTE/30	GLES.
MOVICOL	130/125G/SACHET	B/20 SACHETS	PDR.SOL.BUV
MOXILEN	1G	B/1+1	PDRE.SOL.IN
MOXILEN	250MG	B/16	GLES.
MOXILEN	500MG	B/16	GLES.
MOXONIDINE BEKER	0.2MG	BTE/30	COMP.PELLI
MOXONIDINE BEKER	0.2MG	BTE/90	COMP.PELLI
MOXONIDINE BEKER	0.4MG	BTE/30	COMP.PELLI
MOXONIDINE BEKER	0.4MG	BTE/90	COMP.PELLI
MOXONORM	0.2MG	BTE/30	COMP.PELLI
MOXONORM	0.4MG	BTE/30	COMP.PELLI
MOXOTENS	0.2MG	BTE/30	COMP.PELLI
MOXOTENS	0.4MG	BTE/30	COMP.PELLI
MP16	16MG	BTE/10	COMP.SEC.
MP4	4MG	BTE/20	COMP.SEC.
MULTILOAD		B/1	STRL
MULTILOAD CU 250		B/1	STRL
MUPIROCINE NOVAGENERICS 2%	2%	TBE/15 G	PDE.DERM.
MUTESA	3.800G/1.350G	FL/200 ML	SUSP.BUV.
MUXOL	0.3G/ML	FL/180 ML	SOLUTE BUV.
MYCAN	150MG	BTE/1	GLES.
MYCAN	50MG	BTE/3	GLES.
MYCINAD	250MG	BTE/06	COMP.PELLI
MYCINAD	500MG	BTE/03	COMP.PELLI.
MYCOCIDE	1.5MUI/37.5MG/15MG	TUBE/15G	PDE.DERM.
MYCOCIDE	10MUI/0.1/0.25/100GMUI/37.5MG	T/15 G	PDE.
MYCOCINE	10MUI/0.1G/0.25G	T/15G	PDE.DERM.
MYCODERM	1%(1G/100G)	TUBE/30G	CRE.
MYCOFLUCON	150MG	B/1	GLES.
MYCOFLUCON	50MG	BTE/03	GLES.
MYCOHEAL	2G%	T/30 G	CRE.
MYCOLOG	10G	T/10 G	PDE.
MYCOMAZOLE	1%	TUB/30G	CRE.DERM.
MYCOMEX	10MU/0.1G/0.25G/100G	TUBE/15G	PDE.DERM.
MYCOPROX	1%	TUBE/30G	CRE.DERM.
MYCOSTATINE	100000UI	B/12	COMP.GYNECO
MYCOSTER	1%	FL/30 ML	SOL.APP.CUT
MYCOSTER	1%	T/30G	CRE.
MYCOSTER	8%	FL/3ML	SOL FILMOG.
MYCOTEN	1%	TUBE/20G	CRE.
MYCOTEN 1	500MG	BTE/01+01APPLICATEUR	COMP.VAGINA
MYCOTINE	100000UI	T/15 G	PDE.DERM.
MYCOZAN	150MG	B/1	GLES.
MYCOZAN	50MG	BTE/03	GLES.
MYCOZAN	50MG	BTE/30	GLES.
MYCOZOL	2%	TUBE/15G	CRE.DERMIQU
MYDOCALM	150MG	BTE/10	COMP.PELLI
MYDOCALM	150MG	BTE/30	COMP.PELLI
MYDOSED	150MG	BTE/30	COMP.PELLI
MYDRIATICUM	0.5%	FL/10 ML	COLLY.
MYDRICOL	0.500G/100ML(0.5%)G/ML	FL/5ML	COLLY.
MYKODAN 50	50MG	BTE/10	GLES.
MYKODAN 50	50MG	BTE/3	GLES.
MYOCALM 50	50MG	BTE/20	COMP.PELLI
MYOGARD	10MG	B/30	CAPS.
MYOGARD RETARD	20MG	B/30	COMP.LP.
MYOLASTAN	50MG	B/20	COMP.ENRO.
MYOLAXAN	150MG	BTE/30	COMP.PELLI
MYORELAX	150MG	BTE/30	COMP.PELLI
MYOSOPT	20MG/5MG/ML	FL/5 ML	COLLY.
MYSOLAX	150MG	BTE/10	COMP.PELLI
MYSOLAX	150MG	BTE/30	COMP.PELLI
MYTRICINE	10%	FL/40 ML	SOL.BUV.
NAABAK	4.9G/100MLG/ML	FL/10ML	COLLYRE.SOL
NAAXIA	4.9G/100ML	FL/5 ML	COLLY.
NABUTIL	2.5MG	B/50	COMP.
NABYOL FORTE	100MG	BTE/50	COMP.ENRO.
NACLOFEN	75MG	B/5 AMP DE 3 ML	SOL.INJ.
NACTYL	100MG	B/20	GLES.
NACTYL	200MG	B/20	GLES.
NADCORTYL	5MG	BTE/30	COMP.SEC.
NADEC	10MG	BTE/15	COMP.PELLI.
NADLORIC	100MG	BTE/30	COMP.
NADLORIC	300MG	BTE/30	COMP.
NAFRONYL LP	200MG	BTE/20	COMP.PELL.L
NAFTILENE	100MG	BTE/30	GLES.
NAFTILENE	100MG	BTE/90	GLES.
NAFTILENE	200MG	BTE/20	COMP.PELLI
NAFTILUX	200MG	B/20	GLES.
NAFTIRETARD LP	200MG	B/20	COMP.PELL.L
NAGOXIN	0.25MG	B/30	COMP.
NAKLOFEN	75MG	B/5 AMP DE 3ML	SOL.INJ.
NANDROLONE DECANOATE	50MG/1ML	B/1	SOL.INJ.
NAPROLGIC	275MG	BTE/30	COMP.PELLI
NAPROLGIC	550MG	BTE/16	COMP.PELLI.
NAPROX	275MG	BTE/20	COMP.PELLI
NAPROX	550MG	BTE/10	COMP.PELLI.
NAPROXENE PHYSIOPHARM	275MG	BTE/20	COMP.
NAPROXENE PHYSIOPHARM	550MG	BTE/10	COMP.
NAPROXENE SOLUPHARM	275MG	B/20	COMP.
NAPROXENE SOLUPHARM	550MG	B/15	COMP.
NAQUINE	200MG	B/30	DRG.
NARAMIG	2.5MG	B/6	COMP.
NAREX	275MG	B/10	COMP.PELLI
NARIZIN	100MG	B/25	DRG.
NARIZIN	10MG	B/25	COMP.DRAG.
NARIZIN	50MG	B/25	DRG.
NARUFENE	2%(2G/100ML)	FL/125ML	SUSP.BUV.
NARUFENE	400MG	BTE/20	COMP.PELLI
NARUFENE	600MG	BTE/30	COMP.PELLI
NASABEC	100G/DOSE	FL/200 DOSES	SUSP P/PULV
NASABEC	50G/DOSE	FL/100	SUSP P/PULV
NASACET	55G	FL/120 DOSES	SUSP P/PULV
NASACORT	55G/DOSE	FL/120 DOSES	SUSP.NAS.
NASADOZE	55G/DOSE	FL/120 PULV	SUSP P/PULV
NASALIX	55G/DOSE	FL/15 ML (120 DOSES)	SUSP P/PULV
NASALONE	55G/DOSE	FL/120 DOSES	SUSP P/PULV
NASAMEX	50G/DOSE	FL/120 DOSES (20ML)	SUSP P/PULV
NASANOL	55G/DOSE	FL/120 DOSES	SUSP P/PULV
NASODIS	55G/DOSE	FL/120 DOSES	SUSP P/PULV
NASONEX	50G/DSES/FMONOHYD51.73G/D	FL/120 DOSES	SUSP P/PULV
NATAZINE	5MG	B/14	COMP.
NATRIXAL	1.5MG	BTE/30	COMP.PELL.L
NAUSEDIUM	10MG	BTE/30	COMP ORO DI
NAUSEDIUM	1MG/ML	FL/200ML	SUSP.BUV.
NAUSETRON	16MG	BTE/02	SUPPO.
NAUSETRON	4MG/5ML	FL/50ML	SIR.
NAXIBIOL	100MG	BTE/50	COMP.ENRO.
NAXOLIN	100MG	B/50	COMP.
NAXOLIN	50MG	B/60	COMP.
NAZEPAM	5MG	B/20	COMP.
NAZID	5MG	B/20	COMP.
NAZINAN	25MG	B/20	COMP.PELLI
NEBCAR	5MG	BTE/30	COMP QUADRI
NEFRAXIL	3%	T/40G	PDE.DERM.
NEFRAXIL	400MG	B/10	SUPPO.
NEFRAXIL	700MG	B/10	SUPPO.
NENATAL		B/400G	PDRE.
NEO-CODION		FL/125 ML	SIR.
NEO-CODION		FL/125 ML	SIR.ENF.
NEO-CODION		FL/180 ML	SIR.AD.
NEO-CODION	25MG	B/20	COMP.
NEO-EYE	0.35%	FL/5 ML	COLLY.
NEOBIOL	100MG	BTE/50	COMP.PELLI
NEOCALM	150MG	BTE/10	COMP.PELLI
NEOCALM	150MG	BTE/30	COMP.PELLI
NEOCARDIL	40MG	BTE/50	COMP.SEC.
NEODEX	350000UI/100MG/%	FL/10 ML	COLLY.
NEODRON	1MG/3.5MG	FL/5ML	COLLY.
NEOFEN	400MG	BTE/20	COMP.PELLI
NEOFEN	600MG	BTE/30	COMP.PELLI
NEOFERON	80MG	BTE/30	COMP.PELLI
NEOGASTRIC	20MG	B/14	GLE.MICRO.G
NEOGASTRIC	20MG	BTE/28	MICGR GAST
NEOGRAM	0.32%/0.005%	FL/5 ML	COLLY.
NEOGYNON	0.25MG/0.05MG	B 3 21	COMP.ENRO.
NEOMIXIN	0.50%	FL/10 ML	COLLY.
NEOMOX	250MG	B/12	GLES.
NEOMOX	250MG/5ML	FL/60 ML	SUSP.BUV.
NEOMOX	500MG	B/12	GLES.
NEOMYC	0.35%	FL/10 ML	COLLY.
NEOMYC	1%	FL/10 ML	COLLY.
NEOMYCINE UNIMED	0.35%	FL/5 ML	COLLY.
NEONORM	0.5MG	BTE/30	COMP.
NEONORM	1MG	BTE/30	COMP.
NEONORM	2MG	BTE/30	COMP.
NEOPHEDAN 10	10MG	B/30	COMP.
NEOPOLI	0.50%	FL/10 ML	COLLY.
NEOSTIGMINE METHYLSULFATE	0.5MG	B/10 AMP DE 1ML	SOL.INJ.
NEOSTIGMINE RAZES	0.5MG/ML	B/10AMP 2ML CONT 1ML	SOL INJ IM/
NEOSYNEPHRINE	10%	FL/10 ML	COLLY.
NEOSYNEPHRINE	10%	FL/5 ML	COLLY.
NEOSYNEPHRINE	5%	FL/5 ML	COLLY.
NEOTADINE	10MG	BTE/10	COMP.
NEOTADINE	10MG	BTE/20	COMP.
NEOTIGASON	10MG	B/30	GLES.
NEOTIGASON	25MG	B/30	GLES.
NEOXETINE	20MG	BTE/20	GLES.
NERVAL	100MG	B/20	COMP.SEC.
NERVAX	150MG	BTE/60	GLES.
NETROMICINE	100MG/ML	B/1 AMP/1ML	SOL.INJ.IM.
NETROMICINE	150MG/1.5MLMG/ML	B/1AMP/1.5ML	SOL.INJ.IM.
NETROMICINE PEDIATRIQUE	25MG/ML	B/1AMP /1ML	SOL.INJ.IM.
NETROMICINE PEDIATRIQUE	50MG/2MLMG/ML	B/1 AMP/2ML	SOL.INJ.IM.
NEUPAX	200MG	BTE/30	COMP.SEC.
NEUPAX	20MG/ML	FL/180 ML	SUSP.BUV.
NEUPREN	200MG	B/20	COMP.PELLI
NEUPREN	20MG/ML(100MG/5ML)	FL/200 ML	SUSP.BUV.
NEUPREN	400MG	BTE/20	COMP.PELLI
NEUPREN	600MG	BTE/30	COMP.PELLI
NEURACTIL	25MG/5ML	BTE/05	SOLINJ.IM O
NEURALDOL	2MG/ML	FL/30ML	SOL.BUV.GTT
NEURALGIN	300MG	BTE/90	GLES.
NEURAXON	50MG	BTE/60	GLES.
NEURAXON 150	150MG	BTE/60	GLES.
NEURICA	150MG	BTE/60	GLES.
NEURICA	300MG	BTE/60	GLES.
NEURICA	50MG	BTE/60	GLES.
NEURICA	75MG	BTE/60	GLES.
NEURID	25MG/CAC	FL/180 ML	SOL.BUV.
NEURID	50MG	B/20	GLES.
NEUROCETAM	1000MG	BTE/60	COMP.PELLI
NEUROCETAM	100MG/ML	FL/120 ML	SOL.BUV.
NEUROCETAM	250MG	BTE/60	COMP.PELLI
NEUROCETAM	500MG	BTE/60	COMP.PELLI
NEUROCETAM	750MG	BTE/30	COMP.PELLI
NEUROLAL	100MG	B/20	COMP.
NEUROLAL	50MG	B/20	COMP.
NEUROPLEX	300MG	BTE/50	GLES.
NEUROPLEX	400MG	BTE/50	GLES.
NEUROTOP	200MG	B/50	COMP.
NEUROTOP RETARD	300MG	BT/50	COMP.LP.
NEUROTOP RETARD	600MG	B/50	COMP.LP.
NEUROVIT	250/250MG	B/20	COMP.
NEUROZEPINE	200MG	BTE/50	COMP.SEC.
NEVROSTA	1MG	B/40	COMP.SEC.
NEVROSTA	2.5MG	BTE/40	COMP.SEC.
NEXECOR	1000MG	BTE/90	COMP.PELLI.
NEXECOR	500MG	BTE/28	COMP.PELLI
NEXECOR	500MG	BTE/98	COMP.PELLI
NEXECOR	850MG	BTE/30	COMP.PELLI
NEXECOR	850MG	BTE/90	COMP.PELLI
NEXOPAIN	275MG	BTE/20	COMP.PELLI
NEXOPAIN	550MG	BTE/10	COMP.PELLI.
NEXORPAN	275MG	B/10	COMP.PELLI
NEXORPAN	550MG	B/20	COMP.
NHUPAIN	275MG	BTE/20	COMP.PELLI
NHUPAIN	550MG	BTE/10	COMP.PELLI.
NIBIOL	100MG	B/50	COMP.ENRO.
NICARDIL LP	50MG	BTE/60	GELUL.MICRO
NICARDIPINE	20MG	B/30	COMP.
NICARDIPINE BIOCARE	50MG	BTE/60	GLES MICROG
NICARDIPINE BIOCARE LP	50MG	BTE/60	GELUL.MICRO
NICARDIPINE BIOTHERA	10MG/10ML	BTE/05 AMP DE 10 ML	SOL.INJ.IV.
NICARDIPINO RATIOPHARM	20MG	B/30	COMP.
NIDAZOLE	125MG/5MLMG/5ML	FL/100 ML	SUSP.BUV.
NIDAZOLE	200MG/5MLMG/ML	F/100ML	SUSP.BUV.
NIDAZOLE	250MG	B/30	COMP.
NIDAZOLE	500MG	B/30	COMP.
NIDILAT	10MG	B/30	CAPS.
NIDREL 10 MG	10MG	B/28	COMP.
NIDREL 20 MG	20MG	B/28	COMP.
NIFAR	10MG	B/30	GLES.
NIFAZIDE	220MG/5MLMG/CAC	FL/90ML	SUSP.INJ.
NIFECARD	20MG	B/30	COMP.LP.
NIFEDAR	10MG	B/30	CAPS.
NIFEDICOR	10MG	B/50	CAPS.
NIFEDICOR	20MG	B/50	COMP.LP.
NIFEDIPAL	20MG	B/20	COMP.LP.
NIFEDIPINE T20 STADA RETARD	20MG	B/50	COMP.LP.
NIFEDIPINE-RATIOPHARM	10MG	B/30	CAPS.
NIFEDIPINE-RATIOPHARM	20MG	B/30	COMP.LP.
NIFELAT RETARD	20MG	B/30	COMP.LP.
NIFELATE	10MG	B/30	CAPS.
NIFELATE	20MG	B/30	COMP.LP.
NIFLUGEL	2.50%	T/60 G	GEL
NIFLUMATE	400MG	B/10	SUPPO.
NIFLUMATE	700MG	B/10	SUPPO.
NIFLUMATE ENFANT	400MG	BTE/10	SUPPO.
NIFLUMENE	200MG	BTE/08	SUPPO.
NIFLUMENE	250MG	B/30	GLES.
NIFLUMENE	400MG	B/8	SUPPO.
NIFLUMENE	700MG	BTE/08	SUPPO.
NIFLUMEX	2.5%	TUBE/50G	GEL.DERM.
NIFLURIC	2.50%	TUB/40G	GEL
NIFLURIC	200MG	BTE/10	SUPPO.
NIFLURIC	3%	T/40G	PDE.
NIFLURIC	400MG	B/10	SUPPO.
NIFLURIC	700MG	BTE/10	SUPPO.
NIFLURIL	250MG	B/30	GLES.
NIFLURIL	3%	T/60 G	PDE.
NIFLURIL	400MG	B/8	SUPPO.
NIFLURIL	700MG	B/8	SUPPO.
NIFROZID	200MG	B/20	GLES.
NIFUR RATIOPHARM	100MG	B/30	GLES.
NIFUR RATIOPHARM	200MG	B/28	GLES.
NIFUROXAZIDE	4%	FL/90ML	SUSP.BUV.
NIFUROXAZIDE IVAL	200MG	B/30	GLES.
NIFUROXAZIDE LPA	4%220MG/5MLMG/ML	FL/90ML	SUSP.BUV.
NIFUROXAZIDE PHYSIOPHARM	200MG	BTE/30	GLES.
NIFUROXAZIDE RIVO	220MG/5ML	FL/90 ML	SUSP.BUV.
NIFUROZID	200MG	BTE/12	GLES.
NILEVAR	10MG	B/30	COMP.
NIPODUR	150MG	B/20	COMP.
NITRATE D'ECONAZOLE RATIOPHARM	1G%	FL/30 G	LAIT
NITRATE D'ECONAZOLE RATIOPHARM	1G%	FL/30 G	LOTION
NITRATE D'ECONAZOLE RATIOPHARM	1G%	T/30 G	CRE.
NITRAZ	5MG	B/20	COMP.
NITRIDERM TTS	10MG	B/30	PATCH
NITROXAL	100MG	BTE/50	COMP.PELLI
NIVAQUINE	0.50%	FL/150 ML	SIR.
NIVAQUINE	100MG	B/20	COMP.
NIZORAL	200MG	B/10	COMP.
NOBAC	50MG/26.7MG/ML	FL/250ML	SUSP.BUV.
NOBAC ADULTE GOUT FRAISE	50MG/26.7MG/ML	FL/200 ML	SUSP.BUV.EN
NOBAC ADULTE GOUT FRAISE	50MG/26.7MG/ML	FL/250 ML	SUSP.BUV.EN
NOBAC ADULTE GOUT MENTHE	50MG/26.7MG/ML	FL/200 ML	SUSP.BUV.EN
NOBAC ADULTE GOUT MENTHE	50MG/26.7MG/ML	FL/250 ML	SUSP.BUV.EN
NOBAC GOUT ANIS	50MG/26.7MG/ML	BT/24 SACHT DE 10 ML	SUSP BUV EN
NOBAC GOUT FRAISE	50MG/26.7MG/ML	BT/24 SACHT DE 10 ML	SUSP BUV EN
NOBAC GOUT MENTHE	50MG/26.7MG/ML	BT/24 SACHT DE 10 ML	SUSP BUV EN
NOBAC NOURRISSON	50MG/ML/26.7MG/ML	FL/150ML	SUSP.BUV.
NOCIRINE	5%	FL/2.5ML AVEC 10 SPA	VERNIS A ON
NODILOF	1G	FL PDR+01AMP10MLSOLV	PDRE SOL IN
NOLIB	100MG	BTE/50	COMP.PELLI
NOLVADEX	10MG	B/30	COMP.
NOLVADEX	20MG	B/30	COMP.
NOMEGESTROL	5MG	BTE/10	COMP.SEC.
NOPAIN	125MG/5MLMG/ML	F/100ML	SUSP.BUV.
NOPAIN	275MG	B/20	COMP.
NOPAIN	550MG	B/10	COMP.
NORDITROPINE	12UI	B/1+1	PDRE.SOL.IN
NORDITROPINE	4UI(1.3MG)/ML	B/1+1	PDRE.SOL.IN
NORDITROPINE NORDIFLEX	5MG/1.5ML	B01 STYL PREREM1.5ML	SOL.INJ.SC.
NORDITROPINE NORDILET	5MG/1.5ML	BTE/1 STYLO	SOL.INJ.SC.
NORFLOX	0.30%(3MG/ML)	FL/10ML	GOUTTES OPH
NORFLOX HISPAL	400MG	B/10	COMP.
NORFLOXAL	400MG	B/16	COMP.PELLI
NORLEVO	750G	B/2	COMP.
NORMACOL		B/375 G	GRLES.
NORMACOL	23.66G/10.40G	FL/130ML	SOL.RECT.
NORMACOL LAVEMENT ENFANT	10.92G/4.80G	FL/60ML	SOL.RECT.
NORMALAC	133G/200ML	FL/100 ML	SIR.
NORMALAC	133G/200ML	FL/200 ML	SIR.
NORMALAC	133G/200ML	FL/250 ML	SIR.
NORMALLIANCE	0.5MG	BTE/30	COMP.
NORMALLIANCE	0.5MG	BTE/90	COMP.
NORMALLIANCE	1MG	BTE/30	COMP.
NORMALLIANCE	1MG	BTE/90	COMP.
NORMALLIANCE	2MG	BTE/30	COMP.
NORMALLIANCE	2MG	BTE/90	COMP.
NORMINE 100	100MG	B/30	COMP.SEC.
NORMISON	20MG	B/10	CAPS.
NORMOPTIC	0.25%	FL/5 ML COMPTES GTTE	COLLYRE.SOL
NORMOPTIC	0.50%	FL/5 ML COMPTES GTTE	COLLYRE.SOL
NORMOTEN	100MG	B/14	COMP.
NORMOTEN	50MG	B/28	COMP.
NORMOTROPE	10MG/3ML(30UI)	B1 STYL PRE/CART 3ML	SOL.INJ.SC.
NOROFLOX	0.3%(300MG/100ML)	FL/5 ML	COLLYRE.SOL
NOROFLOX	400MG	BTE/16	COMP.PELLI
NORPROLAC	150G	B/30	COMP.
NORPROLAC	3COMP25	B/06	COMP.
NORPROLAC	75G	B/30	COMP.
NORTA 50MG	50MG	BTE/30	COMP.PELLI.
NORTA FORT	100MG	B/28	COMP.PELLI.
NORTRIME	200MG/40MG/5ML	FL/60 ML	SUSP.BUV.
NORTRIME	400MG/80MG	B/20	COMP.
NOSITRON	4MG	B/04	COMP ORO DI
NOSITRON	4MG/5ML(0.1%)MG/ML	FL/50ML	SIR.
NOSITRON	8MG	B/04	COMP ORO DI
NOSTROGENE	1MG	BTE/30	COMP.PELLI
NOTENSE	100MG	B/20	COMP.
NOTOREX	200MG	BTE/10	GLES.
NOURIC 100	100MG	B/50	COMP.
NOURIC 300	300MG	B/20	COMP.
NOVABREX	100MG	BTE/20	GLES.
NOVABREX	200MG	BTE/10	GLES.
NOVABREX	200MG	BTE/30	GLES.
NOVACARBIN	200MG	B/50	COMP.
NOVACLOVIR	200MG	BTE/25	COMP.
NOVACLOVIR	5%	TUBE/15G	CRE.DERM.
NOVACLOVIR	5%	TUBE/2 G	CRE.DERM.
NOVACORT	4MG	B/30	COMP.
NOVAFURYL	200MG	B/28	GLES.
NOVAGEL	200ML	FL/200 ML	SUSP.BUV.
NOVAKOD	10MG	B/20	COMP.
NOVAMAL	400MG	B/30	COMP.
NOVAMICRON	30MG	BTE/30	COMP.A.LIB.
NOVAMSIL	250MG	B/20	COMP.PELLI
NOVAMSIL	250MG/2ML	B/06 AMPOULES DE 3ML	SOL.INJ.
NOVAPAM	10MG	B/20	COMP.
NOVAPAM	2MG	B/20	COMP.
NOVAPAM	5MG	B/40	COMP.
NOVAPOXID	10MG	B/50	GLES.
NOVAPOXID	5MG	B/20	COMP.
NOVAPREXA	10MG	BTE/30	COMP ORO DI
NOVAPREXA	10MG	PILULIER DE 30	COMP.PELLI
NOVAPROST	50MG	B/30	CAPS.
NOVARMIN	500MG	B/4	COMP. A CRO
NOVAROL	4MG	B/30	COMP QUADRI
NOVASON	1MG	B/30	COMP.
NOVASON	5MG	B/30	COMP.
NOVASPRAY	50G/DOSE	FL/120 DOSES	SUSP P/PULV
NOVASTERIDE	5MG	BTE/30	COMP.PELLI
NOVATHOR	20MG	PILULIER/30	COMP.PELLI
NOVATHOR	40MG	PILULIER/30	COMP.PELLI
NOVATHOR	80MG	PILULIER/30	COMP.PELLI
NOVATRIL	2MG	B/40	COMP.
NOVAVALZ PLUS	160MG/12.5MG	BTE/30	COMP.PELLI
NOVAVALZ PLUS	160MG/25MG	BTE/30	COMP.PELLI
NOVAVALZ PLUS	80MG/12.5MG	BTE/30	COMP.PELLI
NOVAVIT B1	250MG	B/40	COMP.
NOVAZIDE	80MG	B/60	COMP.
NOVAZIN	100MG	B/20	COMP.
NOVAZIN	25MG	B/20	COMP.PELLI
NOVESINE	0.40%	FL/10 ML	COLLY.
NOVIMAX	100MG	B/8	COMP.
NOVITAL	250MG/250MG	B/20	COMP.
NOVO FER	100MG	BTE/30	COMP.SUCER
NOVO FER PLUS	100MG/0.35MG	BTE/30	COMP.SUCER
NOVOFORMINE	1000MG	BTE/30	COMP.PELLI
NOVOFORMINE	500MG	B/50	COMP.PELLI
NOVOFORMINE	500MG	BTE/30	COMP.PELLI
NOVOFORMINE	850MG	B/50	COMP.PELLI
NOVOFORMINE	850MG	BTE/30	COMP.PELLI
NOVOMIX 30 FLEXPEN	100U/ML	B/5 STYLO PREREM 3ML	SUSP.INJ.
NOVOMIX 30 PENFILL	100UI/MLCARTOUCHE/3ML	B/5	SOL.INJ.
NOVONORM	0.5MG	BT/30	COMP.
NOVONORM	1.00MG	BT/30	COMP.
NOVONORM	2MG	BT/30	COMP.
NOVORAPID FLEXPEN	100U/ML	B/5 STYLO PREREM 3ML	SOL.INJ.
NOVORAPID PENFILL	100UI/MLCRTOUCHE/3ML	B/5	SOL.INJ.
NOVOXON	160MG	BTE/60	GLES.
NOVOXYL	250MG	B/15	COMP.DISPER
NOXEN	250MG	BTE/20	COMP.PELLI
NOXEN	500MG	BTE/10	COMP.PELLI
NOXENE	10MG	BTE/30	GLES.
NOXENE	5MG	BTE/30	GLES.
NOZEUM	1MG/ML	FL/200ML	SUSP.BUV.
NOZINAN	100MG	B/20	COMP.PELLI.
NOZINAN	25MG	B/20	COMP.PELLI
NOZINAN	25MG/ML	B/5	SOL.INJ.
NOZINAN	25MG/ML	B/5 AMP	SOL.INJ.
NOZINAN	4%	FL/30ML	GTTES.BUV.
NOZINAN	4%	FL/30ML	SOL.BUV.GTT
NOZINON	4%	FL/30 ML	SOL.BUV.
NSAID	25MG	B/30	GLES.
NUJOL	100%	FL/480 ML	SOL.BUV.
NUZAC	20MG	B/14	GLES.
NYOLOL	0.25%	FL/30ML	COLLY.
NYOLOL	0.50%	FL/3 ML	COLLY.
NYOLOL 0.25 %	0.25%	FL/3 ML	COLLY.
NYOLOL 0.50 %	0.50%	FL/10 ML	COLLY.
NYSTAMED	100000UI	T/20G	CRE.DERMIQU
NYSTAR	100000UI/ML	FL/30ML COMPTE GTTES	SUSP BUV GT
O-MAG	250MG	BTE/30	GLES.
OBARCORT RETARD	40MG/MLMG/ML	B/1	SUSP.INJ.
OBRAX	0.3%	FL/5ML	COLLYRE.SOL
ODESTA	0.5MG/ML	FL/120 ML	SOL.BUV.
ODESTA	5MG	BTE/20	COMP.PELLI
ODONGYL	750000UI/125MG	BTE/20	COMP.PELLI
OESTROGEL	60MG/100GMG/100MG	T/80 G	GEL
OETAPROSONE	0.1%	TUBE/15 G	PDE.DERM.
OFLOTEK	0.3%	FL/5 ML	COLLYRE.SOL
OFLOX	0.3%	FL/5ML	COLLY.
OFLOXINE	3MG/ML(0.3%)	FL/5 ML	COLLYRE.SOL
OFTALMOSA CUSI	1%/5G	T/3 G	PDE.OPHT.
OKAGE	5G/SACHET	BTE/10	PD.P/SOLBUV
OKSIN	1G	B/1+1 AMP	PDRE.SOL.IN
OKSIN	250MG	B/16	GLES.
OKSIN	500MG	B/1+1 AMP DE 3ML	PDRE.SOL.IN
OLANZA	10MG	BTE/07	COMP.PELLI
OLANZA	10MG	BTE/28	COMP.PELLI
OLANZA	5MG	BTE/07	COMP.PELLI
OLANZA	5MG	BTE/28	COMP.PELLI
OLANZA ORO	10MG	BTE/28	COMP ORO DI
OLANZA ORO	5MG	BTE/30	COMP ORO DI
OLANZAPINAD ORO	10MG	BTE/30	COMP ORO DI
OLANZAPINE MM	10MG	BTE/07	COMP.PELLI
OLANZAPINE MM	10MG	BTE/28	COMP.PELLI
OLANZAPINE NAD	10MG	BT/28	COMP.PELLI
OLANZEX	10MG	B/30	COMP.PELLI
OLANZEX ORO 10	10MG	BTE/30	COMP ORO DI
OLANZEX ORO 5	5MG	BTE/30	COMP ORO DI
OLANZOMAX	10MG	BTE/30	COMP ORO DI
OLANZOMAX	5MG	BTE/30	COMP ORO DI
OLCAM	10MG	B/30	GLES.
OLCAM	20MG	B/15	GLES.
OLFEN-100 SR	100MG	B/10	GLES.LP.
OLFEN-50	50MG	B/20	COMP.GASTRO
OLFEN-75 RETARD	75MG	B/30	COMP.ENRO.L
OLPREXA	10MG	BTE/30	COMP ORO DI
OLSERAZ	0.4MG	BTE/30	GLES MICROG
OLZANID	10MG	B/30	COMP.ENRO.
OMED RGO	10MG	BTE/14	MICGR GAST
OMED-20	20MG	B/14	GLES MIC/GR
OMEDAR	20MG	B/14	COMP PELL G
OMEDAR	20MG	BTE/28	COMP PELL G
OMEDAR	20MG	BTE/30	COMP PELL G
OMEPRAMEX	20MG	BTE/14	MICGR GAST
OMEPRAZOLE BIOREM	20MG	BTE/14	GLE.MICRO.G
OMEPRAZOLE GEBER	10MG	BTE/30	MICGR GAST
OMEPRAZOLE GEBER	20MG	BTE/30	MICGR GAST
OMEPRAZOLE IVAL	20MG	PILULIER/14	GLE.MICRO.G
OMEPRAZOLE MM	20MG	BTE/14	GLES MIC/GR
OMEPRAZOLE MM	20MG	BTE/28	GLE.MICRO.G
OMEPRAZOLE NOVAGENERICS	20MG	BTE/14	MICGR GAST
OMEPRAZOLE PHYSIOPHARM	20MG	BTE/14	GLE.MICRO.G
OMEPROTECT	20MG	BTE/14	GLE.MICRO.G
OMEPROTECT	20MG	BTE/28	GLE.MICRO.G
OMESTAR	20MG	BTE/28	GLS/MICR/GA
OMEXEL LP	0.4MG	BTE/30	COMP.PELL.L
OMIND	20MG	B/14	GLES MIC/GR
OMISEC	20MG	B/14	GLES.MIC.GA
OMIX LP	0.40MG	B/30	GLES MICROG
OMIZ	20MG	B/14	GLES.
OMNICEF	125MG/5MLMG/ML	FL/40ML	SUSP.BUV.
OMNICEF	125MG/5MLMG/ML	FL/80ML	SUSP.BUV.
OMNICEF	300MG	BTE/10	GLES.
OMNIFAL	125MG/5ML	FL/40 ML	PDRE.P/SUSP
OMNIFAL	125MG/5ML	FL/80 ML	PDRE.P/SUSP
OMNIFAL	300MG	BTE/10	GLES.
OMNIPAQUE	300MGIODE/ML	FL/100 ML	SOL.INJ.
OMNIPAQUE	300MGIODE/ML	FL/50ML	SOL.INJ.
OMNIPAQUE	350MGIODE/MLMG/ML	FL/100 ML	SOL.INJ.
OMNIPAQUE	350MGIODE/MLMG/ML	FL/50 ML	SOL.INJ.
OMNIPAQUE	I300MG/ML	FL/10 ML	SOL.INJ.
OMNISCAN	287MG/ML	FL/20 ML	SOL.INJ.
OMNISCAN	287MG/ML(0.5MMOL/ML)	FL/10ML	SOL.INJ.IV.
OMNISCAN	287MG/ML(0.5MMOL/ML)	FL/15ML	SOL.INJ.IV.
OMNISCAN	287MG/ML(0.5MMOL/ML)	FL/20ML	SOL.INJ.IV.
OMNITROPE	5MG/1.5ML	BT/05 CARTOUCH 1.5ML	SOL.INJ.S/C
ONCEAIR	10MG	BTE/28	COMP.PELLI
ONCEAIR	4MG	BTE/28	COMP. A CRO
ONCEAIR	5MG	BTE/28	COMP. A CRO
ONCOMOX	10MG	B/30	COMP.
ONCOTAM	10MG	B/30	COMP.
ONCOTAM	20MG	B/30	COMP.
ONCOTREX	2.5MG	B/30	COMP.
ONDAFEN	4MG	B/10	COMP.
ONDAFEN	8MG	B/10	COMP.
ONDANSETRON INPHA-MEDIS	4MG	BTE/10	COMP.PELLI
ONDANSETRON INPHA-MEDIS	8MG	BTE/10	COMP.PELLI
ONDAPHREN	4MG	BTE/04	COMP ORO DI
ONDAPHREN	8MG	BTE/04	COMP ORO DI
ONSART	8MG	BTE/28	COMP.
ONSART 16 MG	16MG	BTE/28	COMP.
ONSART PLUS	16MG/12.5MG	BTE/28	COMP.
ONYCAL	1%	T/15 G	CRE.
ONYCAL	250MG	B/14	COMP.
ONYCAL	250MG	BTE/14	COMP.SEC.
OPADEX	1MG/3500UI/ML	FL/5ML	COLLYRE.SOL
OPERAL	20MG	B/14	GLES.
OPHTAGRAM	3MG/G%	T/5 G	PDE.OPHT.
OPHTAGRAM	3MG/ML%	FL/5 ML	COLLY.
OPHTALGON	0.25MG	FL/5 ML	COLLY.
OPHTALMOLOL	0.25%	FL/5 ML	COLLY.
OPHTALMOLOL	0.50%	FL/5 ML	COLLY.
OPHTALMOSA	1%	T/5 G	PDE.OPHT.
OPHTAMESONE	1MG/1MLMG/ML	FL/10ML	COLL/SOL.AU
OPHTAMESONE N	1MG/5MG/1MLMG/ML	FL/10ML	COLL/SOL.AU
OPHTAMYCIN	0.35%	FL/10 ML	COLLY.
OPHTAPRED	53.50MG/10MLMG/ML	F/10ML	COLLY.
OPHTAZOLIN	(5MG/0.25MG)/MLMG/ML	FL/10ML	COLLY.
OPRACIDE	20MG	B/14	COMP.
OPRACIDE	20MG	BTE/28	MICGR GAST
OPTERON	250MG	B/30	COMP.
OPTICRON	2%	FL/10 ML	COLLY.
OPTIDAT	200MG	BTE/30	COMP.
OPTIF JAM	0.1%	FL/5ML	COLLYRE EN
OPTIFEN	100MG	B/10	COMP.
OPTIFEN	100MG	B/5	SUPPO.
OPTIFEN	50MG	B/20	COMP.
OPTIFLOX	0.30%	FL/5ML	COLLYRE.SOL
OPTIFOLATES	5MG	BTE/60	COMP.
OPTIPRED	1%	FL/5ML	COLLYRE EN
OPTIRAY	300MG/ML	FL/100ML	SOL.INJ.
OPTIRAY	300MG/ML	FL/50 ML	SOL.INJ.
OPTIRAY	350MG/ML	FL/100ML	SOL.INJ.
OPTIRAY	350MG/ML	FL/50 ML	SOL.INJ.
OPTISYLAT	250MG	BTE/20	COMP.PELLI
OPTODROP-CO	20MG/5MG/ML	BTE/01 FLACON DE 5ML	COLLY.
ORACILLINE	1000000UI	B/12	COMP.SEC.
ORACILLINE	250000UI/5ML	B/1 FL DE 120ML	SUSP.BUV.
ORADEXON	5MG/ML	B/01	SOL.INJ.
ORADEXON	5MG/ML	B/03	SOL.INJ.
ORALCAN	0.15MG/0.03MG	B/3 21	COMP.
ORAPEN	1.000.000UI	BTE/12	COMP.
ORAPEN	1500000UI	BTE/12	COMP.SEC.
ORAPEN	250000UI/5ML	FL/60 ML	PDRE.P/SUSP
ORBENINE	1G/5ML	BT/1+1	SOL INJ.IM.
ORBENINE	500MG	B/16	GLES.
OREDEXON	20MG/ML	B/1	SOL.INJ.
ORGALUTRAN	0.5MG/ML(0.25MG/0.5ML)	B/1 SER PREREM 0.5ML	SOL.INJ.S/C
ORGALUTRAN	0.5MG/ML(0.25MG/0.5ML)	B/5 SER PREREM 0.5ML	SOL.INJ.S/C
ORGAMETRIL	5MG	B/30	COMP.
ORICALM	4G/1G/100G	FL/15ML	SOL.INSTILL
ORIMETENE	250MG	B/60	SOL.INJ.
ORIN	10MG	BTE/10	COMP.
ORIN	5MG/5MLMG/ML	FL/60ML	SIR.
OROCAL	500MG	B/60	COMP.SUCER
OROCAL D3	1250MG/4MG(1.25G/400UI)MG/MG	B/60	COMP.SUCER
OROCEF	125MG/5ML	FL/60 ML	SUSP.BUV.
OROCEF	250MG/5ML	FL/60 ML	SUSP.BUV.
OROFER	50MG/5MLMG/ML	FL/100 ML	SIR.
OROFER PLUS	20MG/ML(100MG/5ML)	FL/100ML	SIR.
OROGYL	750000UI/125MG	B/20	COMP.PELLI
OROKAL	100MG/5ML	FL/40ML	PDRE.P/SUSP
OROKAL	200MG	BTE/08	COMP.PELLI
OROKAL	400MG	BTE/06	GLES.
OROKAL	40MG/5ML	FL/40ML+PIPETTE 5 ML	PDRE.P/SUSP
OROKEN	100MG/SACHET	BTE/8 SACHETS	GRAN.P/SUSP
OROKEN	200MG	B/8	COMP.
OROKEN	40MG/SACHET	BTE/8 SACHETS	GRAN.P/SUSP
OROKEN ENFANTS	100MG/5MLMG/ML	FL/13.3 G	PDRE.P/SUSP
OROKEN NOURRISSONS	40MG/5MLMG/ML	FL/13.3 G	PDRE.P/SUSP
OROLAX	10G	BTE/20	PD P.SOL BU
OROMONE	2MG	B/28	COMP.
OROPRED	20MG	BTE/20	COMP ORO DI
OROPRED	30MG	BTE/30	COMP.SEC.
OROPRED	5MG	BTE/30	COMP ORO DI
OROSPASM	80MG	BTE/10	COMP ORO DI
ORTHOCAM	0.50%	TUBE/25G	GEL
ORTHOCAM	10MG	B/20	GLES.
ORTHOCAM	20MG	B/10	GLES.
ORTHOCAM	20MG	BTE/10	COMP.DISP.S
ORVEC	1000000UI	B/20	COMP.
ORZEPAM	1MG	B/30	COMP.
ORZEPAM	2.5MG	B/30	COMP.SEC.
OSMAX	70MG	BTE/04	COMP.
OSPAMOX	125MG/5MLMG/5ML	FL/60 ML	GRLES.SUSP.
OSPAMOX	1G	B/12	COMP.
OSPAMOX	1G	B/16	COMP.DISPER
OSPAMOX	250MG	B/12	GLES.
OSPAMOX	250MG/5ML	FL/60 ML	PDRE.P/SUSP
OSPAMOX	250MG/5MLMG/ML	FL/60ML	PDRE.P/SUSP
OSPAMOX	500MG	B/12	COMP.
OSPAMOX	500MG	B/12	GLES.
OSPEN	1000000UI	B/12	COMP.
OSPEN	250000UI/5ML	FL/120 ML	GRLES.SUSP.
OSPEN 1500	1500000UI	BTE/12	COMP.ENRO.
OSPEN 400	400000UI/5MLUI/ML	FL/60ML	GRLES.SUSP.
OSPEXIN	125MG/5MLMG/5ML	FL/60 ML	GRLES.SUSP.
OSPEXIN	250MG	B/12	GLES.
OSPEXIN	250MG/5ML	FL/60 ML	GRLES.
OSPEXIN	500MG	B/12	COMP.
OSPORIX	70MG	BTE/04	COMP.
OSSE D3	500MG/400UI	BTE/30 SACHETS	PDRE.OR.
OSSE D3	500MG/400UI(1.25G/400UI)	BTE/60	COMP.SUCER
OSSEANS D3	500MG/400UI	BTE/60	COMP A CROQ
OSSECAL	500MG	BTE/30 SACHETS	PDRE.P/SUSP
OSSECAL	500MG	BTE/60	COMP.SUCER
OSTEOS	30MG	BTE/30	COMP.PELLI
OSTEOS	35MG	BTE/04	COMP.PELLI
OSTEOS	5MG	BTE/30	COMP.PELLI
OSTIMAX	70MG	BTE/04	COMP.
OSTOMAX	70MG	BTE/04	COMP.
OSTONEL ONCE A WEEK	35MG	BTE/04	COMP.PELLI
OTIDIS	4%/1%	FL/16G COMPT-GOUTTES	SOL.INSTILL
OTIPAX	4G/1G	FL/15ML	SOL.AURI.
OTOCINE	2MG/1ML1.166MG/0.5MLMG/ML	BTE/20 RECIPI 0.5ML	SOL.AURI.ST
OTOCROVIS	2.5MG/100000UI/35000UI/10ML%	FL/10 ML	GTTES AURIC
OTOFA	2.6/100G/ML	FL/10 ML	SOL.AURI.
OTOFLOX	1MG/0.5ML	BTE/20 RECIP UNIDOSE	SOL.AURI.ST
OTORALGYL A LA PHENYLEPHRINE	1.00G/0.25G/5	FL/15ML	SOL.AURI.
OVESTIN	0.5MG	B/15	OV.
OVESTIN	1MG	B/30	COMP.
OVIDON	0.25MG/0.05MG	B/63	COMP.
OVITRELLE	250MG/0.5MLMG/ML	B/1 SER DE 0.5 ML	SOL.INJ.
OVOSTAT	1/0.5MG	B/63	COMP.
OVUZOLE	2%	TUBE/20 G	CRE.
OXACARE	1G	B/FL PDR+SOLV 5ML	PDR+SOLV P/
OXACARE	500MG	B/12	GLES.
OXACIL HUP	500MG	BTE/12	GLES.
OXACILLINE FLAVELAB	1G	B/1+1	PDRE.SOL.IN
OXAL	1G	B/1+1	PDRE.SOL.IN
OXAL	500MG	B/12	GLES.
OXALINE	1GG/5ML	B/1+1	PDRE.SOL.IN
OXALINE	250MG	B/24	GLES.
OXALINE	250MG/5MLMG/ML	FL/60ML	PDRE.SOL.BU
OXALINE	500MG	B/1+1	PDRE.SOL.IN
OXALINE	500MG	B/12	GLES.
OXAMEX	500MG	BTE/12	GLES.
OXAMEX 1G	1G	BTE/1+1	PDRE SOLV P
OXAPAC	1G	B/1 FL	PDRE SOL IN
OXAPAC	500MG	B/1 FL	PDRE.S.INJ.
OXAPEN	1G	B/1+1	PDRE.SOL.IN
OXAPEN	500MG	B/1 AMP	PDRE.SOL.IN
OXAPEN	500MG	B/12	GLES.
OXEOL	10MG	B/30	COMP.
OXETINE	20MG	B/20	COMP.
OXIJEX	20MG/1MLMG/ML	B/2 AMP	SOL.INJ.
OXIMAL	15MG	BTE/30	COMP.
OXIMAL	7.5MG	BTE/30	COMP.
OXOGLURATE D'ORNITHINE MYLAN	5G/SACHET-DOSE	BTE/10 SACHETS	PD P/SOL BU
OXYDAZOLE	2%(100MG/5ML)	FL/30ML	SUSP.BUV.
OXYFENAC	1%	T/50 G	GEL.DERM.
OXYMED	1%/5G	T/5 G	PDE.OPHT.
OXYMED	250MG	B/16	GLES.
OXYPLASTINE	46G	T/65 G	PDE.
OXYTETRACYCLINE/LIDOCAINE	250MG/40MG/3M	B/1	SOL INJ.IM.
OXYTOCIN	5UI/5ML	B/3	SOL.INJ.
OXYTOCINE	5UI/ML	B/3	SOL.INJ.
OXYZOL	400MG	B/1	COMP.PELLI.
OZAFLOX	500MG	BTE/10	COMP.ENROB.
OZAFLOX	750MG	BTE/10	COMP.ENROB.
OZIDIA	10MG	B/30	COMP.PELLI
OZIDIA	5MG	B/30	COMP.
OZOL	20MG	BTE/15	GLE.MICRO.G
P N D	100MG/35000UI	FL/3 ML	COLLY.
PACET	500MG	BTE/20	COMP.
PACIFENE	20MG/ML	FL/125 ML	SUSP.BUV.
PAINOXAM	20MG	B/15	SUPPO.
PAKEDAL	200MG/ML	FL/100ML	SOL.BUV.
PALIN	400MG	B/20	COMP.
PAMECIL	1G	B/1	PDRE SOL IN
PAMECIL	250MG	B/16	GLES.
PAMIDOL 300	300MG/ML	FL/100ML	SOL.INJ.
PAMIDOL 300	300MG/MLENIODELMENT	FL/50ML	SOL.INJ.
PAMIDOL 370	370MG/MLENIODELMENT	FL/100ML	SOL.INJ.
PAMIDRIA-30	30MG/10ML	B/1+1	LYOPHILI.IN
PAMIDRIA-60	60MG/10ML	B/1+1	PDRE.SOL.IN
PAMOL	120MG	B/5	SUPPO.
PAN AMOXICILLINE	500MG	B/12	GLES.
PAN-AMOXICILLINE	250MG/5ML	FL/60ML	PDRE.P/SUSP
PAN-BIPENICILLINE	1MUI	B/1+1	PDRE.SOL.IN
PAN-OXACILLINE	1G	B/1+1	PDRE.SOL.IN
PAN-PENICILLINE	1.2MUI	B/1+1	PDRE.SOL.IN
PANADOL	500MG	B/12	COMP.EFFER.
PANADOL	500MG	B/16	COMP.
PANADOL 1G	1000MG	BTE/08	COMP.PELLI.
PANAMOR	100MG	B/10	SUPPO.
PANAMOR	25MG	B/30	COMP.
PANAMOR	25MG	B/5	SUPPO.
PANAMOR	75MGMG/3ML	B/5 AMP DE 3 ML	SOL.INJ.
PANAMOR AT 50	50MG	B/30	COMP.
PANFUREX	200MG	B/28	GLES.
PANFUREX	220MG/5MLMG/CAC	FL/90 ML	SUSP.BUV.
PANOP 40	40MG	B/14	COMP.
PANOS	50MG	BTE/20	COMP.PELLI.
PANOTILE	1000000UI/1G	FL/8ML	SOL.
PANOXYL	10%	T/40 G	GEL
PANOXYL	5%	T/40 G	GEL
PANTODAR	40MG	PILULIER/14	COMP.GASTRO
PAPAVERINE	40MG	B/1A AMP DE 1ML	SOL.INJ.
PARAC-CO	400MG/20MG	BTE/20	COMP.
PARACETAL	500MG	B/16	COMP.
PARACETAMOL	500MG	B/16	COMP.
PARACETAMOL	500MG	B/20	COMP.
PARACETAMOL BIOCARE	1000MG	BTE/08 SACHETS	GRAN.P/SOL.
PARACETAMOL BIOCARE	100MG	BTE/12	GRAN.SOL.BU
PARACETAMOL BIOCARE	150MG	BTE/12 SACHETS	GRAN.SOL.BU
PARACETAMOL BIOCARE	200MG	BTE/12	GRAN.SOL.BU
PARACETAMOL BIOCARE	300MG	BTE/12	GRAN.SOL.BU
PARACETAMOL BIOCARE	500MG	BTE/12	GRAN.SOL.BU
PARACETAMOL CODEINE PHYSIOPHARM	400MG/20MG	BTE/20	COMP.
PARACETAMOL CODEINE PHYSIOPHARM	500MG/30MG	BTE/20	COMP.
PARACETAMOL DBF	100MG	BTE/10	SUPPO.
PARACETAMOL DBF	150MG	BTE/10	SUPPO.
PARACETAMOL DBF	200MG	BTE/10	SUPPO.
PARACETAMOL DBF	300MG	BTE/10	SUPPO.
PARACETAMOL ELEXIR SAD	120MG	FL/100 ML	SIR.
PARACETAMOL IVAL	500MG	B/20	COMP.
PARACETAMOL PEDIATRIQUE	120MG/5ML	FL/120 ML	SOL.BUV.
PARACETAMOL PHYSIOPHARM	1000MG	BTE/08	COMP.
PARACETAMOL PHYSIOPHARM	100MG	BTE/12	PDR.SOL.BUV
PARACETAMOL PHYSIOPHARM	150MG	BTE/12	PDR.SOL.BUV
PARACETAMOL PHYSIOPHARM	200MG	BTE/12 SACHET	PDR.SOL.BUV
PARACETAMOL PHYSIOPHARM	3%	FL/100ML	SOL.BUV.
PARACETAMOL PHYSIOPHARM	300MG	BTE/12 SACHETS	PDR.SOL.BUV
PARACETAMOL PHYSIOPHARM	500MG	BTE/12 SACHETS	PDR P/SOL B
PARACETAMOL PHYSIOPHARM	500MG	BTE/20	COMP.
PARACETAMOL/BIOGARAN	30MG/400MG	B/20	GLES.
PARACETOL	1000MG	BTE/25	COMP.SEC.
PARADEX	30MG/400MG	B/20	GLES.
PARALGAN	1000MG	BTE/10	COMP.SEC.
PARALGAN	1000MG	BTE/10	PD P.SOL BU
PARALGAN	100MG	B/10	SUPPO.
PARALGAN	100MG	BTE/12	PRD.SOLBUV
PARALGAN	120MG	B/10	SUPPO.
PARALGAN	125MG/5ML	FL/125 ML	SOL.BUV.
PARALGAN	160MG	BTE/20	COMP ORO DI
PARALGAN	170MG	B/10	SUPPO.
PARALGAN	200MG	BTE/12 SACHETS	PRD.SOLBUV
PARALGAN	300MG	BTE/12	PRD.SOLBUV
PARALGAN	500MG	B/20	COMP.
PARALGAN	500MG	BTE/12	PDR SOLBUV
PARALGAN	600MG	BTE/10	SUPPO.
PARALGAN	80MG	BTE/10	SUPPO.
PARALGAN	80MG	BTE/16	COMP.ORO.DI
PARALVIC	30MG/400MG	B/20	GLES.
PARALYOC	250MG	B/10	LYOPHILI.OR
PARALYOC	500MG	B/16	LYOPHILI.OR
PARAMOL	1000MG	BTE/25	COMP.SEC.
PARAMOL	500MG	B/20	COMP.
PARAMOL 1000	1000MG	B/10	COMP.
PARAPSYLLIUM	3.333G/3.333G	B/10	PDR.SOL.BUV
PARAVERSAL	150MG	B/12	PDE ORAL EF
PARAVERSAL	300MG	B/12	PDE ORAL EF
PARAVERSALE	500MG	B/12	GRAN.SOL.BU
PAREXAT	20MG	BTE/30	COMP.PELLI.
PARKIDYL	2MG	BTE/20	COMP.SEC.
PARKIDYL	5MG	B/20	COMP.SEC.
PARKINANE LP	2MG	B/50	GLES.LP.
PARKINANE LP	5MG	B/20	GLES.LP.
PARLODEL	10MG	B/20	GLES.
PARLODEL	2.5MG	B/20	COMP.
PARLODEL	2.5MG	B/30	COMP.SEC.
PAROL	100MG	BTE/10	SUPPO SEC.
PAROL	150MG	BTE/10	SUPPO.
PAROL	200MG	BTE/10	SUPPO.
PAROL	300MG	BTE/10	SUPPO.
PAROL	500MG	B/20	COMP.
PAROLYX	10MG	BTE/30	COMP.PELLI
PAROLYX	20MG	BTE/30	COMP.PELLI
PAROREM	20MG	B/14	COMP.PELLI.
PAROXETINE BEKER	20MG	BTE/14	COMP.PELLI.
PAROXETINE BEKER	20MG	BTE/30	COMP.PELLI.
PAROXETINE BGL	10MG	BTE/30	COMP.PELLI
PAROXETINE BGL	20MG	BTE/30	COMP.PELLI.
PAROXETINE MERCK	20MG	B/14	COMP.PELLI.
PAROXETINE MYLAN	20MG	BTE/14	COMP.PELLI.
PAROXINAD	20MG	BTE/30	COMP.PELLI.
PARVISTEN	0.25MG/ML	FL/05 ML	COLLYRE.SOL
PASPERAM	10MG	B/20	COMP.
PAX	10MGMG/2ML	B/10 AMP DE 2 ML	SOL.INJ.
PAXETINE	20MG	BTE/30	COMP.PELLI.
PECTORAL		FL/125ML	SIR.
PECTORAL OBERLIN ENFANTS		FL/150ML	SIR.
PEDEXA	200MG	BTE/10	GLES.
PEDIAMOL	3%	FL/125ML	SOL.BUV.
PENACIN	125MG/5ML	FL/100 ML	SUSP.BUV.
PENACIN	250MG	B/20	GLES.
PENACIN	250MG/5ML	FL/100 ML	SUSP.BUV.
PENACIN	500MG	B/20	GLES.
PENAMOX	125MG/5ML	FL/60 ML	SUSP.BUV.
PENAMOX	125MG/5MLMG/ML	FL/100ML	PDRE.P/SUSP
PENAMOX	1G	B/12	COMP.
PENAMOX	1G	BTE/14	COMP.
PENAMOX	1G	BTE/14	COMP.PELLI
PENAMOX	250MG	B/12	GLES.
PENAMOX	250MG/5ML	FL/60 ML	PDRE.P/SUSP
PENAMOX	500MG/5ML	FL/60ML	PDRE.P/SUSP
PENAMOX 500	500MG	B/12	GLES.
PENAMOX D	1G	BTE /14	CP DISP.SEC
PENAMOX D	500MG	BTE/12	COMP.DISP.S
PENI G BIOCARE	1MUI	1FL PDRE+1AMP/SOLV5M	PDR+SOLV P/
PENICILLINE	1000000UI	B/1+1	PDRE.SOL.IN
PENICILLINE	500000UI	B/1	PDRE.SOL.IN
PENICILLINE	500000UI	B/1 AMP	PDRE.SOL.IN
PENICILLINE -V APU	1000.000UI	B/12	COMP.PELLI.
PENICILLINE CIMEX	1000000UI	B/12	COMP.
PENICILLINE CIMEX	250000UI	FL/60ML	PDRE.SOL.BU
PENICILLINE CIMEX 1MUI	1MUI	BTE/1+1	PDRE SOLV P
PENICILLINE G SARBACH	500000UI/ML	B/1	PDRE.SOL.IN
PENICILLINE G SARBACH	500000UI/ML	B/50	PDRE.SOL.IN
PENICILLINE G SODIQUE PANPHARMA	1MUI	B/1+1	PDRE USAGE
PENIDURAL	1200000UI	B/1+1	PDRE.SOL.IN
PENIDURAL	600000UI	B/1+1	PDRE.SOL.IN
PENIVAL	1000000UI	B/12	COMP.
PENIVAL	1500000UI	BTE/12	COMP.SEC.
PENTASA	1G	B/15	SUPPO.
PENTASA	1G/100ML	B/07 FLACON DE 100ML	SUSP.RECT.
PENTASA	1G/100ML	FL/100ML B/5	SUSP.RECT.
PENTASA	500MG	B/100	COMP.
PENTAZINE LP	1G	BTE/120 SACHETS	MICROGR L
PENTAZINE LP	500MG/SACHET	BTE/60	MICROGR L
PENTOLATE	0.50%	FL/10 ML	SOL.OPHT.
PENTOXIFYLLINE MYLAN	400MG	BTE/30	COMP.PELL.L
PENTUSSIL	6.75MG/CAC	FL/180 ML	SIR.
PENTUSYL	6.75MG/5ML	FL/180 ML	SIR.
PEPSANE	3.000/0.004	BT/30 SACHET	GEL BUV
PEPTAC	150MG	B/20	COMP.
PEPTAC	300MG	B/10	COMP.
PEPTAC	300MG	B/20	COMP.
PEPTI-JUNIOR		B/450G	PDRE.
PEPTIDAC	250MG/133.5MG/5ML	FL/200ML	SUSP.BUV.
PERCUTALGINE	0.005%/2%/10%	T/30 G	GEL
PERGONAL	75UI	B/1+1	SCULAIRE PDRE.SOL.IN
PERGOVERIS	150UI(11G)/75UI(3G)	B/1 FL PDRE+1FL SOL	PDRE+SOL.P/
PERIDIUM	10MG	BTE/30	COMP.SEC.
PERIDIUM	1MG/ML	FL/200ML	SUSP.BUV.
PERIDYS	10MG	B/40	COMP.
PERIDYS	1MG/ML	FL/200 ML	SUSP.BUV.
PERINDOPRIL BEKER	4MG	BTE/30	COMP.SEC.
PERINDOPRIL BEKER	8MG	BTE/30	COMP.
PERINDOSYL	4MG	BTE/30	COMP.PELLI.
PERINDOSYL	8MG	BTE/30	COMP.PELLI
PERKOD	75MG	B/30	COMP.
PERMIXON	160MG	B/60	GLES.
PERNABOL	2MG/CAC	FL/125 ML	SIR.
PERSANTINE	75MG	B/30	COMP.
PERSIVATE CREAM	0.10%	T/10 G	CRE.
PERSIVATE OINTEMENT	0.10%	T/10 G	PDE.
PERYDONE	1MG/1MLMG/ML	FL/180ML	SUSP.BUV.
PETERCILLIN SF	250MG/5ML	FL/60 ML	SUSP.BUV.
PETERCILLIN SF	500MG	B/12	GLES.
PEVARYL	1%	FL/30 ML	LAIT
PEVARYL	1%	FL/70 ML	LOTION
PEVARYL	1%	T/30 G	CRE.
PEVAZOL 1%	1%	T/30 G	CRE.
PEXAL 400	400MG	B/20	COMP.SEC.LP
PHALUGEL	20%	BTE/26	GEL BUV EN
PHAMOX	500MG	B/12	GLES.
PHANAZOL	1%	T/30G	CRE.DERMIQU
PHANAZOL	1%	TUBE/100G	CRE.DERMIQU
PHARMATEX	1.2%	B/6	CRE.
PHARMATEX	18.9MG	B/10	OV.
PHARMEXIN	250MG/5MLMG/ML	FL/100ML	GRLES.SUSP.
PHENOBARBITAL	100MG	B/20	COMP.
PHENOXAL	100MG	B/20	COMP.SEC.
PHENYTOINE CPCM	100MG	B/60	COMP.PELLI
PHEOBARBITAL	40MG	B/1 AMP DE 1ML	SOL.INJ.
PHLOCINAL	10MG/0.01MG(40MG/0.04MG/4ML)	BTE/06AMPOULES DE4ML	SOL.INJ.
PHLOGOREN	1%	TUB/50G	GEL.DERM.
PHLOGOREN	100MG	B/10	SUPPO.
PHLOGOREN ENFANTS	25MG	B/10	SUPPO.
PHLOROGLUCINOL BGL	160MG	BTE/10	COMP ORO DI
PHLOROGLUCINOL BGL	80MG	BTE/10	COMP ORO DI
PHLOROGLUCINOL HUP	160MG	BTE/20	COMP ORO DI
PHLOROGLUCINOL HUP	80MG	BTE/10	COMP ORO DI
PHLOROGLUCINOL IVAL	80MG	BTE/10	COMP ORO DI
PHLOROGLUCINOL MM	80MG	BTE/10	COMP ORO DI
PHLOROGLUCINOL MYLAN	80MG	BTE/10	COMP ORO DI
PHLOROGLUCINOL PHYSIOPHARM	80MG	BTE/10	COMP ORO DI
PHLOROXIM	80MG	BTE/10	COMP.DISP.E
PHLOSPAM	160MG	BTE/20	COMP ORO DI
PHLOSPAM	80MG	BTE/20	COMP ORO DI
PHOSPHALUGEL	20G	B/26 SACHETS	SUSP.BUV.
PHOSPHALUGEL	61.90/100G	FL/250 G	SUSP.BUV.
PHOSPHALUMINE	12.38G(20%)	B/26	SUSP BUV EN
PHOSPHORE	750MG	B/20	COMP.
PHYSIOFOL	5MG	BTE/60	COMP.
PHYSIOL	0.9%/5ML	B/10 FLACONS	SOL.INJ.
PHYSIOL 5 ML	0.9%	B/10 AMP DE 5ML	AMP.INJ.
PHYSIOLONE	1MG/ML	FL/125ML	SOL.BUV.
PHYSIOLONE	1MG/ML	FL/60ML	SOL.BUV.
PHYSIOLONE	20MG	BTE/20	COMP ORO DI
PHYSIOLONE	5MG	BTE/20	COMP ORO DI
PHYSIOMAG	1.5G/AMPOULE	BTE/20 AMPLES DE10ML	SOL.BUV.
PHYSIOMAG	15%	FLACON 125 ML	SOL.BUV.
PHYSIOPHORMINE	1000MG	BTE/30	COMP.PELLI
PHYSIOPHORMINE	1000MG	BTE/30 SACHETS	PRD.SOLBUV
PHYSIOPHORMINE	1000MG	BTE/60	COMP.PELLI
PHYSIOPHORMINE	1000MG	BTE/90	COMP.PELLI
PHYSIOPHORMINE	500MG	BTE/50	COMP.PELLI
PHYSIOPHORMINE	500MG/SACHET	BTE/30	PRD.SOLBUV
PHYSIOPHORMINE	850MG	BTE/120	COMP.PELLI
PHYSIOPHORMINE	850MG	BTE/30	COMP.PELLI
PHYSIOPHORMINE	850MG	BTE/30 SACHETS	PRD.SOLBUV
PHYSIOPHORMINE	850MG	BTE/90	COMP.PELLI
PHYSIOPINE	200MG/ML	FL/100 ML	SOL.BUV.
PHYSIOTENS	0.2MG	B/28	COMP.PELLI
PHYSIOTENS	0.2MG	B/30	COMP.PELLI
PHYSIOTENS	0.4MG	B/28	COMP.PELLI
PHYSIOTENS	0.4MG	B/30	COMP.PELLI
PHYTOMENADIONE	10MG/ML	B/5 AMP DE 2ML	SOL.INJ.
PHYVERZOL	2%(100MG/5ML)	FL/30 ML	SUSP.BUV.
PI ROXICAM 20 REIG JOFRE	20MG	B/15	GLES.
PIASCLEDINE 300	300MG	BT/15	GLES.
PICOPREP	10MG/3.5G/12G	BTE/02 SACHETS	PDR.SOL.BUV
PIDOGREL	75MG	BTE/30	COMP.PELLI
PIDOLATE DE MAGNESIUM RATIOPHARM	1.5G/10ML	FL 150ML	SOL.BUV.
PIDOMAG	15%(122MG/10ML)	FL/150 ML	SIR.
PILO 1	1%	FL/10ML	COLLY.
PILO 2	2%	FL/10 ML	COLLY.
PILOCARPINE	1%/15ML	FL/15 ML	COLLY.
PILOCARPINE	2%	FL/15 ML	COLLY.
PILOLOL	1G/0.5G	FL/5ML	COLLY.
PIMAG	1.5G/10ML	B/10 AMP	SOL.BUV.
PINAQUINE	200MG	BTE/60	COMP.PELLI
PINAQUINE	300MG	BTE/60	COMP.PELLI
PINAQUINE	50MG	BTE/60	COMP.PELLI
PINAQUINE LP	200MG	BTE/60	COMP.PELL.L
PINATEL	100MG	BTE/28	COMP.PELLI
PINATEL	100MG	BTE/30	COMP.PELLI
PINAVERIUM GL	100MG	BTE/20	COMP.PELLI
PINAVERIUM NOVAGENERICS	100MG	BTE/30	COMP.PELLI
PINAVERIUM NOVAGENERICS	50MG	BTE/20	COMP.PELLI
PIPORTIL	10MG	B/20	COMP.PELLI
PIPORTIL	25MG/ML	B/3 AMP	SOL.INJ.
PIPRAM FORT	400MG	B/10	COMP.
PIRAMYL	1MG	B/30	COMP.SEC.
PIRAMYL	2MG	B/30	COMP.
PIRAMYL	3MG	B/30	COMP.SEC.
PIRAMYL	4MG	B/30	COMP.SEC.
PIROCAM	10MG	B/10	COMP.
PIROMEX	20MG	BTE/10	SUPPO.
PIROX	0.50%	T/30 G	GEL
PIROXAL	20MG	B/10	SUPPO.
PIROXEN	20MG	BTE/12	COMP.DISPER
PIROXEN	20MG/ML	BTE/02 AMPOULES	SOL INJ.IM.
PIROXENE	0.50%	T/40G	GEL P/APPLI
PIROXICAM - BAYER	10MG	B/30	GLES.
PIROXICAM 10 REIG JOFRE	10MG	B/30	GLES.
PIROXICAM BIOGARAN	10MG	B/20	GLES.
PIROXICAM BIOGARAN	20MG	B/20	GLES.
PIROXICAM LPA	0.50%	TUBE/50G	GEL.DERM.
PIROXICAM NOVAGENERICS	0.5%	TUBE/50G	GEL P/APPL
PIROXICAM NOVAGENERICS	20MG	BTE/15	GLES.
PIROXICAM PHYSIOPHARM	20MG	BTE/10	COMP ORO DI
PIROXICAM PHYSIOPHARM	20MG	BTE/10	GLES.
PIROXICAM RATIOPHARM	20MG	B/12	SUPPO.
PIROXICAM RATIOPHARM	20MG	B/20	GLES.
PIROXICAM SANDOZ	20MG	B/10	COMP.SEC.
PIROXICAM STADA	20MG	B/20	COMP.
PIROXIDEN	20MG/ML	BTE/02 AMP DE 1ML	SOL INJ.IM.
PIVALONE NEOMYCINE	1G/34000UIG/UI	FL/10 ML	SOL.NAS.
PLAFLUX	75MG	BTE/30	COMP.PELLI
PLAGREL	75MG	BTE/28	COMP.ENRO.
PLAKYL	75MG	B/30	COMP.PELLI
PLANADIX	300MG	BTE/12	PRD.SOLBUV
PLANADIX	500MG	BTE/12	PRD.SOLBUV
PLANADIX ADVANCE	37.5MG/325MG	BTE/20	COMP.PELLI
PLANADIX CONFORT+	500MG/30MG	BTE/16	COMP.
PLANADIX LIQUIZ	200MG/5ML	B15 STICKS UNID 5 ML	SUSP.BUV/ST
PLANADIX LIQUIZ	300MG/7.5ML	B15 STICK UNID 7.5ML	SUSP.BUV/ST
PLAQUENIL	200MG	B/30	COMP.ENRO.
PLAVIX	75MG	B/28	COMP.PELLI
PLOVAX	75MG	BTE/30	COMP.
POLARAMINE	0.5MG/5ML	FL/125 ML	SIR.
POLARAMINE	2MG	B/30	COMP.
POLARAMINE	6MG	B/30	COMP.PELLI
POLERY ADULTE	11.9MG/443MG/15ML	FL/200ML	SIR.
POLERY ENFANTS	1MG/29.6MG	FL/125 ML	SIR.
POLIDOL	500MG	BTE/20	COMP.SEC.
POLIODINE	10%	FL/45 ML	SOL.DERM.
POLIODINE	10%	FL/500ML	SOL.DERM.
POLIPIROX	20MG	B/10	SUPPO.
POLIPIROX	20MG	B/20	GLES.
POLIVIT		FL/100 ML	SIR.
POLYDEXA	1G/1MUI/0.1G/100ML	FL/10.5ML	SOL.AURI.
POLYFER	50MG/5ML	FL/100 ML	SIR.
POLYFRA	700MUI700UI/	FL/10 ML	COLLY.
POLYGYNAX		B/6	CAPS.VAG.
POLYGYNAX	35000UI/35000UI/100000UI	B/12	CAPS.VAG.
POLYLAD	10%	FL/60 ML	SOL.DERM.
POLYLAD	10%(10G/100ML)	FL/125 ML	SOL.DERM.
POLYLAD	10%(10G/100ML)MG/ML	F/120ML	SOL.DERM.
POLYNAX	35000UI/100000UI/35000UI	BTE/12	CAPS.VAG.
POLYPHENE	20MG/ML(100MG/5ML)	FL/100 ML	SUSP.BUV.
POLYSIANE JOUILLE	250/500MG	B/32	COMP. A CRO
POLYSILANE NOURRISSON JOULLIE		B/50 G	GRLES.
POLYVAX	35000UI/35000UI/100000UI	BTE/12	OV.
PONCTUEL	0.75G/100MLG/ML	FL/30ML	SOL.BUV.
POROSIMAX	70MG	BTE/04	COMP.
POROSIMAX PLUS	70MG/5600UI	BTE/04	COMP.
POSICYCLINE	1%	BT/1FL	COLLY.
POSICYCLINE	1%	T/5 G	PDE.OPHT.
POSTUITRIN-FORT	5UI/ML	BTE/03AMPOULE DE 1ML	SOL.INJ.EN
POTONEX	20MG	BTE/14	COMP ENROB
POTONEX	40MG	B/14	COMP.ENROB.
POTONEX	40MG	B/28	COMP.ENROB.
POVIP	10%	FL/50ML	SOL.
PRACTAZIN	25/15MG	B/20	COMP.
PRADOLE	325MG/37.5MG	BTE/20	COMP.PELLI
PRALGIR	500MG	B/16	COMP.
PRAMIDOL	0.1G%	FL/125 ML	SOL.BUV.
PRAMIDOL	0.26%	FL/60 ML	GTTES.BUV.
PRAMIDOL	10MG	B/20	COMP.
PRAMINSON	0.375MG	BTE/30	COMP.LP.
PRAMINSON	0.75MG	BTE/30	COMP.LP.
PRAMINSON	1.5MG	BTE/30	COMP.LP.
PRAMYCINE	1.5MUI	BTE/16	COMP.PELLI
PRAMYCINE	3MUI	BTE/16	COMP.PELLI
PRASIVAST	10MG	B/30	COMP.
PRASIVAST	20MG	BTE/30	COMP.
PRASIVAST	40MG	B/30	COMP.
PRATIMA AM	10MG/10MG	BTE/30	COMP.
PRATIMA AM	10MG/5MG	BTE/30	COMP.
PRATIMA AM	5MG/10MG	BTE/30	COMP.
PRATIMA AM	5MG/5MG	BTE/30	COMP.
PRAVASOR	75MG	BTE/30	COMP.PELLI
PRAXILENE	100MG	B/20	GLES.
PRAXILENE	200MG	B/20	COMP.PELLI
PRAZEPAM GS	10MG	BTE/40	COMP.
PRAZEPAM GS	15MG/ML(1.5%)	FL/20 ML	SOL.BUV.GTT
PRECORTYL	10MG	BTE/20	COMP.SEC.
PRECORTYL	20MG	BTE/20	COMP.SEC.
PRECORTYL	5MG	BTE/30	COMP.
PRECYL	100MG	B/30	COMP.SEC.
PREDANCYL	20MG	BTE/20	COMP.SEC.
PREDANCYL	5MG	BTE/30	COMP.SEC.
PREDNAL	20MG	BTE/20	COMP.SEC.
PREDNAL	5MG	BTE/30	COMP ORO DI
PREDNAMEX	20MG	BTE/20	COMP ORO DI
PREDNAMEX	5MG	BTE/30	COMP ORO DI
PREDNICORT	20MG	BTE/20	COMP ORO DI
PREDNICORT	5MG	BTE/30	COMP ORO DI
PREDNISOLONE AGD	5MG	B/30	COMP.
PREDNISOLONE BEKER ORO	20MG	BTE/20	COMP ORO DI
PREDNISOLONE BEKER ORO	5MG	BTE/30	COMP ORO DI
PREDNISOLONE MERCK	20MG	FL/20	COMP.EFF.SE
PREDNISOLONE MM ORO	20MG	BTE/20	COMP ORO DI
PREDNISOLONE MM ORO	5MG	BTE/30	COMP ORO DI
PREDNISOLONE MYLAN	20MG	BTE/20	COMP.EFF.SE
PREDNISOLONE- AGD	20MG	B/20	COMP.
PREDNISONE	5MG	B/10	COMP.
PREDNOL	16MG	B/20	COMP.
PREDNOL	40MG	B/1+1 AMP	PDRE.SOL.IN
PREDNOL	4MG	B/20	COMP.
PREDNOL - L	20MG	B/1+1 DE 2ML	PDRE.SOL.IN
PREDO	15MG/5ML	FL/120 ML	SOL.BUV.
PREDSOL	0.25%	FL/5 ML	COLLY.
PREGABA	150MG	BTE/30	GLES.
PREGABA	25MG	BTE/30	GLES.
PREGABA	300MG	BTE/30	GLES.
PREGABA	50MG	BTE/30	GLES.
PREGABALINE BEKER	150MG	BTE/60	GLES.
PREGABALINE BEKER	300MG	BTE/60	GLES.
PREGABALINE BEKER	300MG	BTE/90	GLES.
PREGABALINE BEKER	50MG	BTE/60	GLES.
PREGABALINE BEKER	75MG	BTE/60	GLES.
PREGABALINE LDM	150MG	BTE/60	GLES.
PREGABALINE LDM	300MG	BTE/60	GLES.
PREGABALINE LDM	50MG	BTE/60	GLES.
PREGNON	0.75MGEQUIV(750G)	BTE/2	COMP.
PRELDENE	20MG	BTE/10	GLES.
PRELDENE	20MG/ML	BTE/02	SOL INJ.IM.
PRENACID	0.25%	FL/10 ML	COLLY.
PRENACID	0.25%	T/10 G	PDE.OPHT.
PREPARATIONS MAGISTRALES			COMP.
PREPARATIONS MAGISTRALES			CRE.
PREPARATIONS MAGISTRALES			SIR.
PREPARATIONS MAGISTRALES ( AUTRES )			PREPARATION
PREPARATIONS OFFICINALES			PREPARATION
PREPULSID	10MG	B/40	COMP.SEC.
PREPULSID	1MG/ML	FL/100 ML	SUSP.BUV.
PREPULSID	1MG/ML	FL/200 ML	SUSP.BUV.
PRERICA	150MG	BTE/60	GLES.
PRERICA	50MG	BTE/60	GLES.
PRETERAX	2MG/0.625MG	B/30	COMP.SEC.
PRETERAX ARGININE	2.5MG/0.625MG	PILULIER DE 30	COMP.PELLI
PREZIVA	10MG	BTE/40	COMP.
PREZIVA	15MG/ML	FL/20 ML	SOL.BUV.GTT
PRIAZIDE	50MG/25MG	BTE/30	COMP.SEC.
PRILENAP	20MG	B/20	COMP.
PRILENAP	5MG	B/20	COMP.
PRIMALAN	1.25MG/2.5MLMG/ML	FL/60ML	SIR.
PRIMALAN	5MG	B/14	COMP.
PRIMAZOL	200MG/40MG/5MLMG/ML	FL/125ML	SUSP.BUV.
PRIMAZOL	400MG/80MG	B/20	COMP.
PRIMAZOL FORT	800MG/160MG	B/10	COMP.
PRIMAZOL FORT	800MG/160MG	B/12	COMP.
PRIMOTREN	200MG/40MG/5ML	FL/100 ML	SUSP.BUV.
PRIMOTREN	400MG/80MG	B/20	COMP.
PRIMPA	10MG	BTE/40	COMP.
PRIMPERAN	0.1G%	FL/200 ML	SOL.BUV.
PRIMPERAN	10MG	B/12	SOL.INJ.
PRIMPERAN	10MG	B/40	COMP.
PRIMPERAN ENFANTS ET NOURISSONS	260MG/100ML	FL/60 ML	SOL.BUV.
PRIMPERENE	10MG/2ML	BTE/10 AMPOULES	SOL.INJ.IM.
PRIXAM	0.50%	TUBE/50G	GEL
PRIXAM	20MG	B/10	COMP.DISPER
PRIXAM	20MG	B/10	SUPPO.
PRIXAM	20MG/ML	B/2 AMP DE 1ML	SOL INJ.IM.
PRO-DAFALGAN	1G	B/5+5	PDRE SOL IN
PROCARDIN	75MG	B/120	COMP.
PRODOL	10MG	BTE/30	COMP.PELLI.
PRODOL	5MG	BTE/30	COMP.PELLI.
PROF	100MG/5MLMG/ML	FL/100	SUSP.BUV.
PROF	400MG	B/30	COMP.PELLI
PROFASI	5000UI	B/3+3	PDE.SOLINJI
PROFEK	100MG	BTE/30	COMP.PELLI
PROFELADJ	100MG/2MLMG/ML	B/5 AMP DE 2ML	SOL INJ.IM.
PROFEN	200MG	B/16	GLES.
PROFEN	200MG	B/20	GLES.LP.
PROFENID	100MG	B/12	SUPPO.
PROFENID	100MG	B/30	COMP.PELLI
PROFENID	100MG	B/6+6 DE 5ML	SOL.INJ.
PROFENID	100MG	BTE/12	SUPPO.
PROFENID	100MG/2ML	B/6 FL DE 2ML	SOL INJ.IM.
PROFENID	2.50%	T/60 G	GEL
PROFENID	50MG	B/24	GLES.
PROFENID ENFANTS ET NOURISSONS	1MG/ML	FL/150 ML	SIR.
PROFENID LP	200MG	B/14	COMP.ENRO.L
PROFILAR	1MG	B/30	COMP.
PROFILAR	1MG/5ML	FL/120 ML	SUSP.BUV.
PROFINID	100MG	B/12	SUPPO.
PROFLOX	250MG	B/10	COMP.ENRO.
PROFLOX	500MG	B/10	COMP.ENRO.
PROGESTERONE	250MG	B/1 AMP/ 1 ML	SOL.INJ.
PROGESTERONE	250MG	B/3 AMP/ 1ML	SOL.INJ.
PROGESTERONE MYLAN	100MG	BTE/30	CAPS.MOLLEO
PROGESTERONE RETARD PHARLON	500MGMG/ML	B/3 AMP DE 2ML	SOL.INJ.
PROGESTOGEL	1G%	T/80 G	GEL
PROGEVA	100MG	BTE/30	CAPS. MOL O
PROGEVA	200MG	BTE/15	CAPS. MOL O
PROGYNOVA 1	1MG	B/20	COMP.ENRO.
PROGYNOVA 2	2MG	B/20	COMP.
PROHEFEN	100MG	BTE/30	COMP.PELLI
PROHEFEN	100MG/2ML	BTE/05	SOL INJ.IM.
PROLANEX	0.5MG	BTE/08	COMP.
PROLATINEX BGL	0.5MG	BTE/08	COMP.
PROLAX	10GRAMMES	BTE/20 SACHETS	PDR.SOL.BUV
PROLINATE	25MG/ML	B/5 AMP 1ML	SOL.INJ.
PROMAZ	100MG	B/20	COMP.
PROMAZ	4%	FL/30ML	SOL ORAL EN
PROMIVOL	10MG	BTE/30	COMP.PELLI.
PROPRANOLOL	40MG	B/30	COMP.
PROPRANOLOL-RATIOPHARM	160MG	B/28	GLES.
PROPRANOLOL-RATIOPHARM	40MG	B/50	COMP.
PROSAREX	20MG	BTE/14	COMP.PELLI.
PROSSOR	100MG	BTE/30	COMP.PELLI.
PROSTACARE	5MG	B/30	COMP.
PROSTACARE	5MG	BTE/30	COMP.PELLI
PROSTADOZ	5MG	BTE/30	COMP.PELLI
PROSTAGEN	250MG	B/30	COMP.
PROSTALOZINE LP	0.4MG	BTE/30	MICROG LP E
PROSTAMED	5MG	BTE/30	COMP.PELLI
PROSTAMIXON	160MG	BTE/60	GLES.
PROSTASIR LP	0.4MG	BTE/30	MICROG LP E
PROSTAX LP	10MG	BTE/30	COMP.LP.
PROSTAZINE	10MG	BTE/30	COMP.LP.
PROTOGYN	500MG	B/4	COMP.
PROTON	10MG	B/28	GLES MIC/GR
PROTON	20MG	B/14	GLES MIC/GR
PROTON	20MG	B/28	GLES MIC/GR
PROTON	20MG	B/7	GLES MIC/GR
PROTONEX	40MG	B/14	COMP.ENRO.
PROTONEX	40MG	B/28	COMP.ENRO.
PROTOS	2G	BTE/07 SACHETS	GRLES.SUSP.
PROTOS	2G	BTE/28 SACHETS	GRLES.SUSP.
PROTOZOL	125MG/5ML	FL/100 ML	SUSP.BUV.
PROTOZOL	250MG	B/20	COMP.
PROXALYOC	20MG	B/10	LYOPHILI.OR
PROXETINE	20MG	B/14	GLES.
PROXIDOL	275MG	B/20	COMP.
PROXIDOL	550MG	B/10	COMP.
PROXIUM	20MG	FL/14	MICGR GAST
PROXIUM	40MG/GELULE	PILULIER/14	MICGR GAST
PROXIUM	40MG/GELULE	PILULIER/28	MICGR GAST
PROZAC	20MG	B/14	GLES.
PROZAC	20MG	B/8	GLES.
PROZAC	20MG/5ML	FL/70ML+MESURETTE GR	SOL.BUV.
PROZOL	20MG	B/14	GLES MIC/GR
PSORANEX	50G/G	T/30G	PDE.DERM.
PSORASONE	50G/G0.5MG/G	TUBE/30 G	PDE.
PSORIABET	50G/0.5MG/G	TUBE/60 G	PDE.
PSYCHOLANZ	10MG	B/7	COMP.PELLI.
PSYCHOLANZ ODT	10MG	BTE/07	COMP ORO DI
PSYCHOLANZ ODT	10MG	BTE/30	COMP ORO DI
PSYCHOLANZ ODT	5MG	BTE/30	COMP ORO DI
PSYDAL ODT	1MG	BTE/60	COMP ORO DI
PSYDAL ODT	2MG	BTE/60	COMP ORO DI
PSYDAL ODT	4MG	BTE/40	COMP ORO DI
PULMICORT	0.5MG/2ML	B/4ETUIS 5RECPT UNID	UNIDOSESSUSP P/INHA
PULMICORT	1MG/2ML	B/4ETUIS 5RECIP UNID	UNIDOSESSUSP P/INHA
PULMICORT	200G/BUFFEEMG	FL/200 DOSES	AERO.
PULMICORT TURBUHALER	200G/DOSE	FL/200 DOSES	PDE P/INHAL
PULMICTAN	200G/DOSE	FL/100DOSES	AERO.
PULSAGEN LP 50MG	50MG	BTE/60	MICROG LP E
PUR-BLOKA 40	40MG	B/50	COMP.
PURBAC	800/160MG	B/10	COMP.
PURBAC PAEDIATRIC	200MG/40MG/5ML	FL/100 ML	SUSP.BUV.
PUREGON	100UI/0.5ML	B/1 AMP DE 0.5 ML	PDRE.SOL.IN
PUREGON	100UI/0.5MLUI/ML	BTE/01AMP DE 0.5ML	PDRE.SOL.IN
PUREGON	300UI/0.36ML	BTE/01	SOLINJ CART
PUREGON	50UI/0.5MLUI/ML	B/1+1 DE 2ML	PDRE.SOL.IN
PUREGON	50UI/0.5MLUI/ML	BTE/01AMP DE 0.5ML	PDRE.SOL.IN
PUREGON	600UI/0.72ML	BTE/01	SOLINJ CART
PURGOXIN	0.25MG	B/30	COMP.
PURINETHOL	50MG	B/25	COMP.SEC.
PYLOMID	10MG	B/30	COMP.
PYOSTACINE	500MG	B/16	COMP.
PYOSTACINE	500MG	B/16	COMP.PELLI.
PYRATOL	500MG	B/16	COMP.
PYREMOL	150MG/5ML	FL/120ML	SOL.BUV.
PYREMOL	300MG	B/5	SUPPO.
PYRIDOXINE	250MG	B/10 AMP DE 5ML	SOL.INJ.
PYRIDOXINE API	250MG	B/20	COMP.
PYROMAG	0.15G/1ML	B/20 AMP DE 10ML	SOL.BUV.AMP
Q-PINE ALEMBIC MAMI	300MG	BTE/30	COMP.PELLI
Q-PINE ALEMBIC MAMI	50MG	BTE/30	COMP.PELLI
QUESTRAN	4G	B/50 SACHETS	PDRE.OR.
QUETAL LP	150MG	BTE/30	COMP.PELL.L
QUETAL LP	150MG	BTE/60	COMP.PELL.L
QUETAL LP	200MG	B/30	COMP.PELL.L
QUETAL LP	200MG	B/60	COMP.PELL.L
QUETAL LP	300MG	BTE/30	COMP.PELL.L
QUETAL LP	300MG	BTE/60	COMP.PELL.L
QUETAL LP	50MG	BTE/30	COMP.PELL.L
QUETAL LP	50MG	BTE/60	COMP.PELL.L
QUETIAPINE BEKER LP	300MG	BTE/30	COMP.PELL.L
QUETIAPINE BEKER LP	300MG	BTE/60	COMP.PELL.L
QUETIAPINE BEKER LP	50MG	BTE/30	COMP.PELL.L
QUETIAPINE BEKER LP	50MG	BTE/60	COMP.PELL.L
QUETIAX	50MG	BTE/60	COMP.PELL.L
QUIETILINE	6MG	BTE/30	COMP QUADRI
QUINAPRIL/HYDROCHLOROTHIAZIDE WINTHROP	20MG/12.5MG	BTE/30	COMP.PELLI.
QUINOX	500MG	B/10	COMP.PELLI
QUINOX	500MG	BTE/10	COMP.ENRO.
QUINOX	750MG	BTE/10	COMP.PELLI
QUITADRILL	5MG	B/14	COMP.
RABWALYSE	0.4MG/ML	FL	SIR.
RADIOSELECTAN URINAIRE ET VASCULAIRE 76%	I370MG	FL/60ML	SOL.INJ.
RADIOSELECTAN URINAIRE ET VASCULAIRE76%	I370MG/ML	FL/20 ML	SOL.INJ.
RALZYO	1MG	BTE/30	COMP.PELLI
RAMI	1.25MG	B/30	GLES.
RAMI	2.5MG	B/30	GLES.
RAMI	5MG	B/30	GLES.
RAMINORM	10MG	BTE/30	COMP.
RAMINORM	5MG	BTE/30	COMP.
RAMIPREX	10MG	B/28	COMP.
RAMIPREX	2.5MG	B/28	COMP.
RAMIPREX	5MG	B/28	COMP.
RAMIPRIL BEKER	10MG	BTE/30	COMP.SEC.
RAMIPRIL BEKER	10MG	BTE/90	COMP.SEC.
RAMIPRIL BEKER	2.5MG	BTE/30	COMP.SEC.
RAMIPRIL BEKER	2.5MG	BTE/90	COMP.SEC.
RAMIPRIL BEKER	5MG	BTE/30	COMP.SEC.
RAMIPRIL BEKER	5MG	BTE/90	COMP.SEC.
RAMIPRIL IVAL	2.5MG	B/30	COMP.SEC.
RAMIPRIL IVAL	5MG	BTE/30	COMP.SEC.
RAMIPRIL PHYSIOPHARM	5MG	BTE/30	COMP.SEC.
RAMIPRIL WINTHROP	10MG	B/28	COMP.SEC.
RAMIPRIL WINTHROP	2.5MG	B/28	COMP.SEC.
RAMIPRIL WINTHROP	5MG	B/28	COMP.SEC.
RAMITEC	10MG	BTE/30	COMP QUADRI
RAMITEC	2.5MG	B/30	GLES.
RAMITEC	5MG	B/30	GLES.
RAMITRIM	10MG	BTE/30	COMP.SEC.
RAMITRIM	2.5MG	BTE/30	COMP.SEC.
RAMITRIM	5MG	BTE/30	COMP.SEC.
RAMITRIM PLUS	10MG/12.5MG	BTE/30	COMP.
RAMITRIM PLUS	10MG/25MG	BTE/30	COMP.
RAMITRIM PLUS	5MG/12.5MG	BTE/30	COMP.
RAMLAC	133G/200ML	FL/200 ML	SUSP.BUV.
RAMOXIN	125MG/5ML	FL/100 ML	SUSP.ORL.
RAMOXIN	250MG	B/20	GLES.
RAMOXIN	500MG	B/20	GLES.
RANACID	75MG	B/12	COMP.
RANICARE	150MG	B/20	COMP.
RANICARE	150MG	B/30	COMP.PELLI
RANICARE	300MG	BTE/10	COMP.PELLI
RANICARE	300MG	BTE/14	COMP.PELLI
RANICARE	50MG/2ML	BTE/05 AMP DE 2ML	SOL.INJ.
RANID	150MG	B/20	COMP.
RANIDINE	150MG	B/20	COMP.
RANIDINE	300MG	B/10	COMP.
RANIMAT	150MG	B/30	COMP.
RANIMAT	150MG	B/60	COMP.
RANIMAT	300MG	B/14	COMP.
RANIMAT	300MG	B/30	COMP.
RANIMAX	150MG	B/20	COMP.
RANIMED	150MG	B/20	COMP.
RANIMED	150MG	B/30	COMP.
RANIMEX	150MG	BTE/30	COMP.PELLI
RANIMEX	150MG	BTE/60	COMP.PELLI
RANIMEX	300MG	BTE/20	COMP.PELLI
RANITEX	150MG	B/20	COMP.PELLI
RANITEX	150MG	BTE/30	COMP.PELLI
RANITEX	150MG	BTE/60	COMP.PELLI
RANITEX	300MG	B/10	COMP.
RANITEX	50MG/2MLMG/ML	B/5 AMP	SOL.INJ.
RANITIDAL	150MG	B/20	COMP.PELLI
RANITIDAL	25MG/ML(50MG/2ML)	BTE/05AMP DE 2 ML	SOL.INJ.
RANITIDINA -NORMON	150MG	B/20	COMP.
RANITIDINA MABO	150MG	B/20	COMP.
RANITIDINE	150MG	B/20	COMP.
RANITIDINE BGL	150MG	BTE/60	COMP.PELLI
RANITIDINE BIOGARAN	300MG	B/14	COMP.
RANITIDINE MABO	150MG	B/20	COMP.
RANITIDINE MABO	150MG	B/30	COMP.
RANITIDINE MABO	150MG	BTE/60	COMP.PELLI
RANITIDINE SIPHARMAL	25MG/ML(50MG/2ML)	BTE/05 AMPOUL DE 2ML	SOL.INJ.IM.
RANITIDINE-BIOGARAN	300MG	B/10	COMP.
RANITIL	150MG	B/20	COMP.
RANIVITAL	150MG	B/30	COMP.PELLI
RAPICORT	100MG	B/5 + 5 AMP	INEUSE PDRE.SOL.IN
RAPIDUS	50MG	BTE/20	COMP.ENRO.
RAPIDUS 50	50MG	B/20	COMP.PELLI
RATIDEX	25MG/ML(50MG/2ML)	BTE/05 AMPOULES 2ML	SOL.INJ.IM.
RAZICOBAL B12	1000G/2ML	BTE/05 AMPOULES	SOL.INJ ET
RAZIDIONE K1	10MG/ML	BTE/05	SOL.BUV.INJ
RAZITHIAM B1	100MG/2ML	BTE/05 AMPOULES	SOL.INJ.IV
RAZOLIX	20MG/2ML	BTE/05 AMPL DE 2ML	SOL.INJ.IV
RAZON	40MG	BTE/14	COMP ENROB
REBIF	22G/0.5ML(6MUI/0.5ML)	BTE/12 SERING 0.5ML	SOL.INJ SER
REBIF	44G/0.5ML(12MUI/0.5ML)G/ML	BTE/12	SOL.INJ.SER
RECIGEN	44G/0.5ML	B/12 SERINGUE 0.5 ML	SOL.INJ SER
REDLIP	20MG	B/30	COMP.
REDLIP	40MG	B/30	COMP.
REDNILEF	20MG	BTE/20	COMP.EFFER.
REDNILEF	5MG	BTE/30	COMP.EFFER.
REDUPAR	100MG	BTE/03	COMP.PELLI
REDUPAR	10MG	BTE/30	COMP.PELLI
REDUPAR	20MG	BTE/30	COMP.PELLI
REFEN	1%	T/40 G	GEL
REFEN	100MG	B/20	COMP.PELLI
REFEN	50MG	B/20	COMP.PELLI
REFEN	75MGML/3ML	B/5 AMP DE 3 ML	SOL.INJ.
REFLUXIN	10MG	B/30	COMP.
REGAB	150MG	BTE/56	GLES.
REGAB	300MG	BTE/56	GLES.
REGAB	50MG	BTE/56	GLES.
REGAB	75MG	BTE/56	GLES.
REGIVIDON	0.15MG/0.03MG	B/63	COMP.
REHYDRAX	27.9G	SACHET DE 27.9G	PDRE.OR.
RELPAX 20	20MGS/FHYDROBROMURE24.242MG	B/03	COMP.PELLI
RELPAX 40	40MGS/FHYDROBROMURE48.485MG	B/03	COMP.PELLI
REMERON	30MG	BT30	COMP.ENRO.
REMERON	45MG	BT/30	COMP.ENRO.
REMOFEN	100MG/5MLMG/ML	FL/120ML	SUSP.BUV.
REMOFEN	200MG	BTE/20	COMP.PELLI
REMOFEN	400MG	BTE/20	COMP.
RENIPRIL	1.25MG	B/40	COMP.SEC.
RENIPRIL	10MG	B/40	COMP.SEC.
RENIPRIL	2.5MG	B/40	COMP.SEC.
RENIPRIL	5MG	B/40	COMP.SEC.
RENITEC	20MG	B/28	COMP.
RENITEC	5MG	B/28	COMP.
REPAGLINIDE BEKER	0.5MG	BTE/30	COMP.
REPAGLINIDE BEKER	0.5MG	BTE/90	COMP.
REPAGLINIDE BEKER	1MG	BTE/30	COMP.
REPAGLINIDE BEKER	1MG	BTE/90	COMP.
REPAGLINIDE BEKER	2MG	BTE/30	COMP.
REPAGLINIDE BEKER	2MG	BTE/90	COMP.
REPAGLINIDE GL	2MG	BTE/30	COMP.
REPAGLINIDE PHYSIOPHARM	2MG	BTE/30	COMP.
REPAGLYSE	2MG	BTE/30	COMP.
REPANIDE	100MG	BTE/30	COMP.ENRO.
REPANIDE	25MG	BTE/30	COMP.ENRO.
REPANIDE	50MG	BTE/30	COMP.ENRO.
REPARGLID	1MG	BTE/30	COMP.
REPARGLID	2MG	BTE/30	COMP.
RESDONE	1MG/ML	FL/60ML	SOL.BUV.
RESPICORT	64G/DOSE	FL/120 DOSES	SUSP P/PULV
RESPIROX	1MG	B/20	COMP.
RESPIROX	2MG	B/20	COMP.
RESPIROX	4MG	B/20	COMP.
RESPYFOR	12G/GLES	BTE/60	PDRE P/INHA
RESPYTID PLUS	100G/50G	BTE/60	PDRE.INHAL
RESPYTID PLUS	250G/50G	BTE/60	PDRE.INHAL
RESPYTID PLUS	500G/50G	BTE/60	PDRE.INHAL
RESPYVA	18GBROMTIOTRMONOHY22.5G	BTE/30	PDRE P/INHA
RESTAMINE	10MG	B/10	COMP.
RESTAMINE	10MG	B/20	COMP.
RESTAMINE	5MG/5ML	FL/60 ML	SIR.
RESTILON	1.5MG	FL/60	GLES.
RESTILON	2MG/ML	FL/120 ML	SOL.BUV.
RESTILON	3MG	FL/60 GELULE	GLES.
RESTILON	4.5MG	FL/60 GELULES	GLES.
RESTILON	6MG	FL/60	GLES.
RESTINE	0.5MG/ML	FL/100 ML	SIR.
RESTINE	5MG	BTE/10	COMP.PELLI
RESTINE	5MG	BTE/30	COMP.PELLI
RETA 160	160MG	BTE/28	COMP.PELLI
RETA 80	80MG	BTE/28	COMP.PELLI.
RETACNYL	0.05%	T/30 G	CRE.
RETANE	20MG	B/30	CAPSULE MOL
RETARCILLINE	1200000UI	B/1+1	PDRE.SOL.IN
RETARCILLINE	600000UI	B/1+1	PDRE.SOL.IN
RETARMEX	1.2MUI	FL/1+1	PDR SLV/SUS
RETARPEN	1200000UI	B/1+1	PDRE.SOL.IN
RETARPEN	600000UI	B/1+1	PDRE.SOL.IN
REVANIN	125MG	B/5	SUPPO.
REVANIN	500MG	B/30	COMP.
REXAPIN	10MG	B/7	COMP.PELLI
REXAPIN	10MG	BTE/28	COMP.PELLI
REXAPIN	5MG	BTE/28	COMP.PELLI
RHEFLUIN FORTE	50MG/5MG	B/20	COMP.
RHINOCORT	64G/DOSE	FL/120 DOSES	SUSP.NAS.
RHINODIS	64G/DOSE	FL/120 DOSES	SUSP P/PULV
RHINODOZE	64G/DOSE	FL/120 DOSES	SUSP P/PULV
RHINONEX	50G/DOSE	FL/120 DOSES	SUSP P/PULV
RHITENE	10MG	BTE/15	COMP.PELLI.
RHITENE	10MG/ML	FL/15 ML	SOL.BUV.GTT
RHOPHYLAC 300	150G/ML(300G/2ML)	B/1SER PRE2ML 1500UI	SOLINJ.SER.
RHUMIZINE	10MG	BTE/10	COMP.PELLI.
RIABAL	15MG/2ML	BT/6	SOL.INJ.
RIABAL	2/0.4MG/ML	FL/50 ML	SOL.BUV.
RIABAL	30MG	B/20	COMP.
RIACEN	20MG	B/20	GLES.
RIBOMUNYL		B/4	COMP.
RIBOMUNYL		FL/10 ML	AERO.
RIBOMUNYL	0.5ML	FL/1 AMP	SOL.INJ.
RICABALINE	150MG	BTE/60	GLES.
RICABALINE	300MG	BTE/60	MICROGRAN E
RICABALINE	50MG	BTE/60	MICROGRAN E
RIFAMED	1%	T/5G	PDE.OPHT.
RIFAMYCINE CHIBRET	1%/10ML	FL/10 ML	COLLY.
RIFAMYCINE CHIBRET	1%/5G	T/5 G	PDE.OPHT.
RIFEX	120MG	B/20	COMP.PELLI
RIFEX	180MG	B/20	COMP.PELLI
RILCAPTON	25MG	B/20	COMP.
RILCAPTON	50MG	B/20	COMP.
RIMETAZE	20MG	B/60	COMP.
RIMETAZE LM	35MG	BTE/60	COMP.PELLI
RINOCLENIL 100	100G/DOSE	FL/200 DOSES	SUSP.SPRAY.
RINONIDE	64G/DOSE	FL/120 DOSES	SUSP P/PULV
RIPCYL	2MG	BTE/30	COMP.PELLI.
RIPCYL	2MG	BTE/60	COMP.PELLI.
RIPCYL	4MG	BTE/30	COMP.PELLI.
RIPERAL	1MG	BTE/30	COMP.ENRO.
RIPERAL	1MG/ML	FL/120ML	SOL.BUV.GTT
RIPERAL	1MG/ML	FL/30ML	SOL.BUV.GTT
RIPERAL	2MG	BTE/30	COMP.ENROB.
RIPERAL	4MG	BTE/30	COMP.ENROB.
RIPSYZEN	1MG	BTE/30	COMP.PELLI.
RIPSYZEN	1MG	BTE/60	COMP.ENROB.
RIPSYZEN	2MG	BTE/30	COMP.ENROB.
RIPSYZEN	2MG	BTE/60	COMP.ENROB.
RIPSYZEN	4MG	BTE/30	COMP.ENROB.
RISALDENE	35MG	BTE/04	COMP.PELLI
RISONATE	35MG	BTE/04	COMP.PELLI
RISORDAN	10MG	B/60	COMP.
RISORDAN	20MG	B/60	COMP.
RISORDAN	40MG	B/60	COMP.
RISORDAN LP	20MG	B/60	COMP.
RISPAL	1MG	BTE/30	COMP.PELLI
RISPAL	1MG	BTE/60	COMP.PELLI
RISPAL	1MG/ML	FL/30ML	SOL.BUV.GTT
RISPAL	2MG	BTE/30	COMP.PELLI
RISPAL	2MG	BTE/60	COMP.PELLI.
RISPAL	4MG	BTE/30	COMP.PELLI.
RISPEED	1MG	BTE/30	COMP.PELLI.
RISPEED	2MG	BTE/30	COMP.PELLI.
RISPEED	4MG	B/30	COMP.PELLI.
RISPERDAL	1MG	B/60	CP PEL SEC
RISPERDAL	1MG/ML	FL/60ML	SUSP.BUV.
RISPERDAL	2MG	B/60	CP PEL SEC
RISPERDAL	4MG	B/30	CP PEL SEC
RISPERIDONE BEKER	1MG	BTE/30	COMP.PELLI.
RISPERIDONE BEKER	1MG	BTE/60	COMP.PELLI.
RISPERIDONE BEKER	2MG	BTE/60	COMP.PELLI.
RISPERIDONE BEKER	4MG	BTE/30	COMP.PELLI.
RISPERIDONE BEKER ORO	2MG	BTE/60	COMP ORO DI
RISPERIDONE BEKER ORO	4MG	BTE/30	COMP ORO DI
RISPERIDONE BGL	1MG	BTE/30	COMP.PELLI
RISPERIDONE BGL	1MG/ML	FL/60ML	SOL.BUV.
RISPERIDONE BGL	2MG	BTE/30	COMP.PELLI
RISPERIDONE BGL	4MG	BTE/30	COMP.PELLI
RISPERNAD	1MG	BTE/60	COMP.PELLI.
RISPERNAD	2MG	BTE/60	COMP.PELLI.
RISPERNAD	4MG	BTE/30	COMP.PELLI.
RISPERONE	1MG	B/60	COMP.
RISPERONE	2MG	B/60	COMP.
RISPERONE	3MG	BTE/60	COMP.
RISPERONE	4MG	B/30	COMP.
RISPISAPH	4MG	BTE/30	COMP ORO DI
RITADOLE	10MG	BTE/20	COMP.SEC.
RITHRODAL	250MG	B/14	COMP.PELLI
RITHRODAL	250MG/5MLMG/ML	FL/70ML	PDRE.P/SUSP
RITHRODAL	500MG	B/14	COMP.PELLI
RITOCINE	250MG	BTE/10	COMP.PELLI
RITOCINE	250MG	BTE/14	COMP.PELLI
RITOCINE	500MG	BTE/10	COMP.PELLI
RITOCINE	500MG	BTE/14	COMP.PELLI
RITOCINE	500MG	BTE/30	COMP.PELLI
RIVALTAN	160MG	B/30	COMP.PELLI.
RIVALTAN	80MG	B/30	COMP.
RIVASTI	1.5MG	BTE/30	GLES.
RIVASTI	3MG	BTE/30	GLES.
RIVASTI	4.5MG	BTE/30	GLES.
RIVASTIG	2MG/ML	FL/125 ML	SOL.BUV.
RIVOMED	2.5MG/ML	B/1FL 25ML+1PIPET 1M	SOL.BUV.GTT
RIVOMED	2MG	B/40	COMP.SEC.
RIVOTRIL	2.5MG/ML	FL/20 ML	SOLUTE BUV.
RIVOTRIL	2MG	B/40	COMP.SEC.
RIZINAL 5MG	5MG	BTE/20	COMP.
RIZOPROL	10MG	BTE/30	COMP.PELLI.
RIZOPROL	5MG	BTE/30	COMP.PELLI.
ROACCUTANE	10MG	B/30	CAPS.
ROACCUTANE	20MG	B/30	CAPS.
ROCGEL	8.08G	B/24 SACHETS	SUSP.BUV.
ROCGEL	8.08G/SACHET	B/24 SACHETS	SUSP.BUV.
ROFENAC	1%	T/30 G	GEL
ROFENAC	1%	T/50 G	GEL
ROFENAC	25MG	B/30	COMP.
ROFENAC	50MG	B/20	COMP.
ROFENAC	75MGMG/3ML	B/5 AMP DE 3 ML	SOL.INJ.
ROFENAC LP	100MG	B/10	COMP.PELL.L
ROLAN	25MG/ML	B/5AMP 2ML(50MG/2ML)	SOL.INJ.IM.
ROLETRA	10MG	B/10	COMP.
RONIDAZ 250	250MG	BTE/30	COMP.SEC.
RONIDAZ 500	500MG	BTE/20	COMP.
ROPAD	10MG	BTE/20	COMP.
ROSADOL	1000MG	BTE/10	COMP.
ROSADOL	500MG	BTE/20	COMP.
ROSAL	20MG	B/30	GLES.
ROSAMPLINE	0.5G	B/1+1	PDRE.SOL.IN
ROSAMPLINE	1G	B/1+1	PDRE.SOL.IN
ROSAMPLINE	500MG	B/12	GLES.
ROSASFORMINE	1000MG	BTE/30	COMP.PELLI
ROSASFORMINE	500MG	BTE/30	COMP.PELLI
ROSASFORMINE	850MG	BTE/30	COMP.PELLI
ROSCILLIN	500MG	B/20	GLES.
ROSUSTINE	10MG	BTE/30	COMP.PELLI
ROSUSTINE	20MG	BTE/30	COMP.PELLI
ROSUTAB	10MG	BTE/30	COMP.PELLI
ROSUTAB	20MG	BTE/30	COMP.PELLI
ROSUVASTATINE GL	10MG	BTE/30	COMP.PELLI
ROSUVASTATINE GL	20MG	BTE/30	COMP.PELLI
ROSUVASTATINE LDM	10MG	BTE/30	COMP.PELLI
ROSUVASTATINE LDM	20MG	BTE/30	COMP.PELLI
ROSUVASTOR	10MG	BTE/30	COMP.PELLI
ROSUVASTOR	20MG	BTE/30	COMP.PELLI
ROSUVASTOR	5MG	BTE/30	COMP.PELLI
ROSUVIA 10	10MG	BTE/30	COMP.PELLI
ROSUVIA 20	20MG	BTE/30	COMP.PELLI
ROSUVIA 5	5MG	BTE/30	COMP.PELLI
ROVA NS	1.5MUI	BTE/16	COMP.PELLI
ROVA NS	3.00MUI	BTE/10	COMP.PELLI
ROVADAL	0.375MUI/5ML	FL/150ML	SUSP.BUV.
ROVADAL	1.5MUI	BTE/16	COMP.
ROVADAL	3MUI	BTE/10	COMP.PELLI
ROVADAL	3MUIMUI	BTE/15	COMP.
ROVAGYL	0.75MUI/125MG	BTE/20	COMP.PELLI
ROVAGYL	1.5MUI/250MG	BTE/10	COMP.PELLI
ROVAGYL	1.5MUI/250MGMUI/MG	BTE/10	COMP.DISPER
ROVAMYCINE	0.375MUI/5MLMUI/ML	FL/150 ML	SIR.
ROVAMYCINE	1.5MUI	B/16	COMP.
ROVAMYCINE	3MUI	B/10	COMP.
ROVAMYCINE 3M U I	3MUI	BTE/16	COMP.PELLI
ROVAMYNE	1.5MUI	BTE/16	COMP.PELLI
ROVAMYNE	3MUI	BTE/10	COMP.PELLI
ROVAZINE	500MG	BTE/30	SUPPO.
ROWASA	500MG	B/30	SUPPO.
ROWASA	500MG	B/90	COMP.
ROXAM	20MG	B/5	SUPPO.
ROXAMED	150MG	B/10	COMP.PELLI
ROXIBACT ALEMBIC MAMI	150MG	BTE/10	COMP.PELLI
ROXICAM	20MG	BTE/10	GLES.
ROXID	150MG	B/10	COMP.
ROXITHROMYCINE HUP	150MG	BTE/10	COMP.PELLI
ROZAVA	500MG	B/30	SUPPO.
ROZEMIDE	1MG	BTE/30	COMP.SEC.
ROZEMIDE	2MG	BTE/30	COMP.SEC.
ROZEMIDE	3MG	BTE/30	COMP.SEC.
ROZEMIDE	4MG	BTE/30	COMP.SEC.
ROZITTA	10MG	BTE/30	COMP.PELLI
ROZITTA 20	20MG	BTE/30	COMP.PELLI
RUFENAL	25MG	B/20	COMP.
RUFENAL	50MG	B/20	COMP.
RULID	150MG	B/10	SOL.INJ.
RULID	50MG	B/10	COMP.
RUMABREX	100MG	BTE/24	GLES.
RUMABREX	200MG	BTE/12	GLES.
RUMABREX	200MG	BTE/30	GLES.
RUMAVA	10MG	BTE/30	COMP.PELLI
RUMAVA	20MG	BTE/30	COMP.PELLI
RUMIFEN	100MG/5ML	FL/145 ML	SUSP.BUV.
RUPAN	400MG	B/30	COMP.
RUVAST	10MG	BTE/30	COMP.PELLI
RUVAST	20MG	BTE/30	COMP.PELLI
RUVAST	40MG	BTE/30	COMP.PELLI
RUVAST	5MG	BTE/30	COMP.PELLI
RYBAC	200MG/5ML	FL/60 ML	SUSP.BUV.
RYBAC	500MG	B/20	COMP.
RYNACROM	2%	FL/26 ML	SPRAY NASAL
RYTHINATE	200MG/5MLMG/5ML	FL/100 ML	SUSP.BUV.
RYTHMODAN LP	250MG	B/20	COMP.
RYTHROMAC	200MG/5ML	FL/125 ML	SUSP.BUV.
SAIFEN	100MG	B/10	SUPPO.
SAIFEN	2.50%	TUBE/50G	GEL
SAIFLU	75MG	B/10	GLES.
SAIFOXYL	1G	B/14	COMP.DISPER
SAIFOXYL	250MG/5ML	FL/60ML	PDRE.P/SUSP
SAIFOXYL	500MG	BTE/12	COMP.DISP.S
SAILOX	3.5G/4G/100ML	FL/250ML	SUSP.BUV.
SAILOX	400MG/400MG	B/40	COMP. A CRO
SAIPRIL	25MG	B/30	COMP.
SAIPRIL	50MG	B/30	COMP.
SAIPRIL PLUS	50/25MG	B/30	COMP.SEC.
SAIZEN	5.83MG/ML	B/1 CART 6 MG/1.03ML	SOL.P.INJ
SAIZEN CLICKEASY	8MG/1.37ML	B/1 FL	PDR.SOLV/SO
SALAZA	1G	BTE/15	SUPPO.
SALAZA	500MG	BTE/15	SUPPO.
SALAZOPYRINE	500MG	B/100	COMP.
SALBULAM	2MG/5ML	FL/125 ML	SIR.
SALBUMEX	2MG/5ML(2MG/CAC)	FL/150 ML	SOL.BUV.
SALBUTAMOL	0.5MG/ML	B/10 AMP DE 1ML	SOL.INJ.
SALBUTAMOL	100G/BOUFFE	FL/10 ML	AERO.
SALBUTAMOL	100G/BOUFFEE	FL/200 DOSES	AERO.
SALBUTAMOL	2MG	B/20	COMP.
SALBUTAMOL	2MG	B/40	COMP.
SALBUTAMOL	2MG/5MLMG/ML	FL/150ML	SIR.
SALBUTAMOL	2MG/CAC	FL/125 ML	SIR.
SALBUTAMOL LPA	2MG/5MLMG/ML	FL/150 ML	SOL.BUV.
SALBUTAMOL PHYSIOPHARM	2MG/5MLOU(2MG/CAC)	FL/125 ML	SOL.BUV.
SALBUTAMOL RAZES	0.5MG/ML	BTE/10 AMPOULES	SOL.INJ.SC.
SALBUTAMOL-SAIDAL	2MG/5MLMG/ML	FL/150 ML	SIR.
SALFLUZON	100G/50G	BTE/60	PDRE P/INHA
SALFLUZON	250G/50G	BTE/60	PDRE P/INHA
SALFLUZON	500G/50G	BTE/60	PDRE P/INHA
SALIPAX	20MG	B/20	GLES.
SANAMIDOL	20MG	B/14	GLES.MICRON
SANAPRED	5MG	B/30	COMP.SEC.
SANAPRED 20	20MG	B/20	COMP.SEC.
SANDOSTATINE	100G/ML	B/6 AMP	SOL.INJ.
SANDOSTATINE	500G/ML	B/6 AMP	SOL.INJ.
SANDOSTATINE	50G/MLUG	B/6 AMP	SOL.INJ.
SAPBRIDATE	100MG	B/20	COMP.
SAPBUFEN	200MG	B/20	COMP.ENRO.
SAPBUFEN	600MG	BTE/12 SACHETS	GRAN P/SUSP
SAPOFEN	400MG	B/20	COMP.
SAPOFEN	600MG	B/30	COMP.
SAPOFEN 400	400MG	BTE/20	COMP.PELLI
SAPOFEN 600	600MG	B/30	COMP.PELLI
SAPOFEN JUNIOR	100MG/5ML	FL/145ML	SIR.
SAPOFEN JUNIOR	100MG/5MLMG/ML	FL/145ML	SIR.
SAPOMEX	200MG	BTE/20	COMP.PELLI
SAPOMEX	600MG	BTE/30	COMP.PELLI
SAPRAMOL	100MG	B/12	PDRE.SOL.BU
SAPRAMOL	150MG	B/12	PDRE.SOL.BU
SAPRAMOL	200MG	B/12	PDRE.SOL.BU
SAPRAMOL	300MG	B/12	PDRE.SOL.BU
SAPRAMOL	500MG	B/12	PDRE.SOL.BU
SAPRAMOL	500MG	B/20	COMP.
SARCAND	16MG	BTE/30	COMP.
SARCAND	4MG	BTE/30	COMP.
SARCAND	8MG	BTE/30	COMP.
SARTACAND PLUS	16MG/12.5MG	BTE/30	COMP.
SARTACAND PLUS	8MG/12.5MG	BTE/30	COMP.
SARTADIM 160	160MG	BTE/30	COMP.PELLI.
SARTADIM 320	320MG	BTE/30	COMP.PELLI.
SARTADIM 80	80MG	BTE/30	COMP.PELLI.
SARTEG	160MG	BTE/30	COMP.PELLI
SARTEG	320MG	BTE/30	COMP.PELLI
SARTEG	80MG	BTE/30	COMP.PELLI
SARTIX	16MG	BTE/28	COMP.PELLI.
SARTIX	8MG	BTE/28	COMP.PELLI.
SCHIZOPIN	10MG	B/30	COMP ORO DI
SCHIZOPIN	5MG	B/30	COMP ORO DI
SCIPRAL	10MG	BTE/28	COMP.PELLI.
SCLERA	120MG	BTE/14	GLES.GAST.R
SCLERA	240MG	BTE/56	GLES.GAST.R
SEACAL CALCIUM	500MG	FL/60	COMP.PELLI
SEBIPROX	1.5%	FL/100ML	SOL.
SEBUTOL	200MG	B/30	COMP.
SEBUTOL	200MG	BTE/30	COMP.PELLI
SECNIDOLEX	2G/SACHET	BTE/01	MICRO.GRAN
SECNOL	2GSFSACHETDE4.224G	BTE/01	GRAN SACHET
SECTRAL	200MG	B/20	COMP.PELLI
SECTRAL	200MG	B/30	COMP.
SECTRAL	400MG	B/30	COMP.
SECTRAL	400MG	B/30	COMP.PELLI
SECTRAMED	200MG	B/20	COMP.
SEDACORON	200MG	B/50	COMP.
SEDACORON	200MG	BTE/50	COMP.SEC.
SEDAMOL	500MG	B/20	COMP.SEC.
SEFAZOL	1G	B/1+1	INEUSE PDRE.SOL.IN
SEFAZOL	1G	B/1+1 DE 4ML	PDRE.SOL.IN
SEFAZOL	500MG	B/1+1	PDRE SOL IN
SEGLOR	2MG/ML	FL/75 ML	SUSP.BUV.
SEGLOR	5MG	B/30	GLES.
SELOFER FOL	100MG/0.35MG	BTE/30	COMP.SUCER
SELOFER-100	100MG/5MLMG/ML	FL/150 ML	SIR.
SELOFER-100	100MGHYDROXYFERRPOLYM750MG	BTE/30	COMP.SUCER
SELOFER-50	50MG/5MLMG/ML	FL/150ML	SIR.
SELOPRESS	100MG	BTE/60	COMP.PELLI
SELOPRESS	200MG	BTE/60	COMP.PELLI
SELOPRESS	25MG	BTE/06	COMP.PELLI
SELOPRESS	25MG	BTE/60	COMP.PELLI
SELOPRESS	300MG	BTE/60	COMP.PELLI
SELTRANS	64G/1.68G/1.46G/0.75G	B/4 SACHETS	PDRE.OR.
SEPRIDE	10MG	B/30	COMP.
SEPRIDE	1MG/ML	FL/100 ML	SUSP.BUV.
SEPTIDINE	10%	FL/125 ML	SOL.DERM.
SEPTINAL	100MG	B/30	GLES.
SEPTINAL	200MG	B/28	GLES.
SEPTINAL	220MG/5MLMG/CAC	FL/90 ML	SUSP.BUV.
SERC	8MG	B/100	COMP.
SERETIDE DISKUS	100G/50G(100MCG/50MCG)	F/60 DOSES	PDRE.INHAL.
SERETIDE DISKUS	250G/50G(250MCG/50MCG)	F/60 DOSES	PDRE.INHAL.
SERETIDE DISKUS	500G/50G(500MCG/50MCG)	F/60 DOSES	PDRE.INHAL.
SEREVENT	25G/BOUFFEEG/BOUFFE	FL/120 DOSES	AERO.
SEREXON	160MG	BTE/60	GLES.
SERLOFT	50MG	BTE/30	GLES.
SEROBID HFA INHALER	25G/DOSE	FL/120 DOSES	AERO P INHA
SEROCRYPTIN	2.5MG	B/30	COMP.
SEROFLO	100G/50G	BTE/30+INHALATEUR	PDRE.INHAL
SEROFLO	250G/50G	BTE/30+INHALATEUR	PDRE.INHAL
SERONIL	20MG	B/20	GLES.
SERONIL	20MG	B/30	GLES.
SEROPLEX	10MG	BTE/28	COMP.
SEROSOL	1MG	BTE/30	COMP.PELLI
SERPENS	160MG	B/30	GLES.
SERT	50MG	BTE/30	COMP.
SERTAFIX	TUBE/20GRAMMES	2 %	CRE.
SERTAZOLE	300MG	BTE/01	OV.
SERTOFIX	2%	TUBE/20 G	CRE.DERMIQU
SERVAL 50 MG	50MG	BTE/30	GLES.
SETRAL	100MG	BTE/10	COMP.
SETRAL	50MG	B/10	COMP.
SETREME	4MG	BTE/07	COMP.PELLI
SETREME	4MG	BTE/28	COMP.PELLI
SETREME	8MG	BTE/07	COMP.PELLI
SETREME	8MG	BTE/28	COMP.PELLI
SEVENAL	100MG	B/20	COMP.
SEVENAL	50MG	BTE/20	COMP.SEC.
SICCAFLUID	2.5MG/G	FL/10G	GEL OPHTALM
SIFICETINA	0.40%	FL/5 ML	COLLY.
SIGADOXIN	100MG	B/10	GLES.
SILOMAT	0.4%	FL/125ML	SIR.
SILOMAT	0.40%	FL/125 ML	SIR.
SILOMAT	6%	FL/125 ML	SOL.BUV.
SILVADIAZINE	1%	TUBE/30G	CRE.
SILVEDERMA	1%	POT 500	CRE.
SILVEDERMA	1%	T/50	CRE.
SIMVACOR	10MG	B/10	COMP.ENRO.
SIMVACOR	20MG	B/10	COMP.ENRO.
SIMVACOR	20MG	B/30	COMP.PELLI.
SIMVACOR	40MG	BTE/30	COMP.PELLI
SIMVASTAL	20MG	BTE/30	COMP.PELLI.
SIMVASTATINE BIOCARE	20MG	BTE/28	GLES MICROG
SIMVASTATINE IBERAL	20MG	BTE/28	COMP ENROB
SIMVASTATINE LDM	20MG	BTE/30	COMP.PELLI.
SIMVASTATINE LDM	40MG	BTE/30	COMP.PELLI.
SIMVASTATINE WINTHROP	20MG	BTE/30	COMP.PELLI
SIMVATINE	20MG	B/30	COMP.
SIMVATINE	40MG	B/30	COMP.
SIMVOR	20MG	B/30	COMP.
SINECOD 0.15%	1.5MG/ML	FL/200ML	SIR.
SINEMET	100MG/10MG	B/10	COMP.
SINEMET	250/25MG	B/50	COMP.
SINGASM	10MG	BTE/30	COMP.PELLI
SINGASM	4MG	BTE/30	COMP. A CRO
SINGASM	5MG	BTE/30	COMP. A CRO
SINGLUFT	10MG	BTE/28	COMP.PELLI
SINGLUFT	4MG	BTE/28	COMP. A CRO
SINGLUFT	5MG	BTE/28	COMP. A CRO
SINGULAIR	10MG	BTE/28	COMP.PELLI
SINGULAIR	4MG	BTE/28	COMP. A CRO
SINGULAIR	4MG	BTE/28 SACHETS-DOSE	GRLES.
SINGULAIR	4MG	BTE/30	COMP. A CRO
SINGULAIR	5MG	BTE/28	COMP. A CRO
SINTROM	4MG	B/30	COMP.
SIVACOR	20MG	B/10	COMP.
SIVACOR	20MG	BTE/30	COMP.PELLI
SKENAN	10MG	B/14	GLES.LP.
SKENAN	30MG	B/14	GLES.LP.
SKENAN	60MG	B/14	GLES.LP.
SKIACOL	0.50%	FL/5 ML	COLLY.
SKINOZOL	2%	BTE/08 SACHETS	GEL MOUSSAN
SMECTA	3G	B/30 SACHETS	PDRE.P/SUSP
SMECTA FRAISE	3G/SACHET	BTE/18	PDRE SUSP B
SMECTA FRAISE	3G/SACHET	BTE/30	PDRE SUSP B
SMECTYL	3G/SACHET	BTE/30	PDRE.P/SUSP
SMEDYL	3G/SACHET	BTE/30	PDRE.P/SUSP
SMOODERM	0.05%	T/30G	CRE.
SOCOB	20MG	BTE/28	COMP.ENRO.
SOCOB	20MG	BTE/30	COMP.PELLI.
SOCOB	20MG	BTE/90	COMP.PELLI.
SOCOB	40MG	BTE/28	COMP.ENRO.
SOCOB	40MG	BTE/30	COMP.PELLI
SOCOB	40MG	BTE/90	COMP.PELLI
SOFRAMYCINE HYDROCORTISONE	1.25/0.1%	FL/30 ML	SOL.NAS.
SOLIAN	200MG	B/30	COMP.SEC.
SOLIAN	400MG	BTE/30	COMP.PELLI.
SOLOPRED HUP	20MG	BTE/20	COMP ORO DI
SOLOTIK	100MG	BTE/15	COMP.
SOLOTIK	50MG	B/15	COMP.
SOLU-MEDROL	20MG/2ML	B/1+1	PDRE.SOL.IN
SOLUCORT	0.25%/5ML	FL/10 ML	COLLY.
SOLUCORT ORL	0.25%	FL/10 ML	SOL.NAS.
SOLUGE	20MG	B/20	COMP.SEC.
SOLUGEL	4%	T/45G	GEL
SOLUMACORT	200G/6G	BTE/60	PDRE.INHAL
SOLUMACORT	400G/12G	BTE/60	PDRE.INHAL
SOLUMED	120MG	BTE/01	PDRE SOLV P
SOLUMED	40MG	BTE/01	PDRE SOLV P
SOLUMEDROL	120MG/2ML	B/1+1 AMP	PDRE.SOL.IN
SOLUMEDROL	40MGMG/2ML	B/1 AMP DE 2 ML	PDRE.SOL.IN
SOLUMEDROL	500MG/8ML	B/1+1 DE 8 ML	PDRE.SOL.IN
SOLUPRED	20MG	B/20	COMP.EFFER.
SOLUPRED	5MG	B/30	COMP.EFFER.
SOLUPRED ORO	20MG	BTE/20	COMP ORO DI
SOLUPRED ORO	5MG	BTE/30	COMP ORO DI
SOLUTION EVACUANTE BOHM	64G	B/16 SACHETS	PDRE.SOL.BU
SOMACOLINE	100MG/ML	FL/30ML+PIPET GRADU	SOL.BUV.GTT
SOMALGINE	10MG/5MLMG/ML	FL/125ML	SIR.
SOMATULINE LP	120MG/0.5MLMG/ML	B/1 SERG DE 0.5ML	SOL.INJ.SC.
SOMATULINE LP	30MG	BTE/1+1	PDR+SOLVP/S
SOMATULINE LP	60MG/0.5ML	B/1SER PREREMP 0.5ML	SOL.INJ.SC.
SOMATULINE LP	60MG/0.5MLMG/ML	BTE/1 SER 0.5ML	SOL.INJ.SC.
SOMATULINE LP	90MG/0.5ML	B/1SER PREREMP 0.5ML	SOL.INJ.SC.
SOMATULINE LP	90MG/0.5MLMG/ML	B/1 SERG 0.5ML	SOL.INJ.SC.
SOMAZINA	100MG/ML(10G/100ML)	FL/ 30ML	SOL.BUV.GTT
SONDE URINAIRE AUTOLUBRIFIEE SIP ENFANT		1 SONDE	SONDES URIN
SONDE URINAIRE AUTOLUBRIFIEE SIP FEMME		1 SONDE	SONDES URIN
SONDE URINAIRE AUTOLUBRIFIEE SIP HOMME		1 SONDE	SONDES URIN
SONDE URINAIRE NAVIGATRICE FLEX HOMME		1 SONDE	SONDES URIN
SOPRESSOR	200MG	BTE/30	COMP.PELL.S
SOPRICALM	150MG	BTE/30	COMP.PELLI
SOPROTAM 250	250MG	BTE/60	COMP.PELLI
SOPROTAM 500	500MG	BTE/60	COMP.PELLI
SOTALEX	80MG	B/30	COMP.
SOTILEN	20MG	B/20	GLES.
SOWEL	2MG	BTE/20	COMP.
SOWEL	5MG	BTE/20	COMP.
SOWEL	5MG	BTE/20	GLES.LP.
SOWEL LP	2MG	B/20	COMP.LP.
SOWEL LP	2MG	BTE/20	GLES.LP.
SOWEL LP	5MG	B/20	COMP.LP.
SPACINOL	80MG	BTE/10	COMP ORO DI
SPACINOL 160MG	160MG	BTE/10	COMP ORO DI
SPACYL	80MG	BTE/10	COMP ORO DI
SPACYL	80MG	BTE/20	COMP ORO DI
SPACYL 160	160MG	BTE/10	COMP ORO DI
SPAFON	40MG/4ML	BTE/10 AMP DE 4ML	SOL.INJ.IM.
SPALVERINE	100MG	BTE/30	GLES.
SPALVERINE	200MG	BTE/30	GLES.
SPASCOL	100MG	BTE/30	MICROGRAN E
SPASCOL LP	200MG	B/30	GLES MICROG
SPASFODINE	80MG	BTE/10	COMP ORO DI
SPASFOMEX	80MG	BTE/10	COMP ORO DI
SPASFON	150MG/150MG	B/10	SUPPO.
SPASFON	40MG/0.04MG/4MLMG/ML	B/6	SOL.INJ.
SPASFON	80MG/80MG	B/30	COMP.ENRO.
SPASFON LYOC	80MG	B/10	LYOPHILI.OR
SPASGEN	40MG/4ML	BTE/10 AMP DE 4 ML	SOL.INJ.
SPASGEN	80MG	BTE/10	COMP ORO DI
SPASLAM	80MG	BTE/10	COMP ORO DI
SPASMEX	10MG/ML(40MG/4ML)	BTE/10 AMP DE 4 ML	SOL.INJ.IM.
SPASMINE	150MG/150MG	B/10	SUPPO.
SPASMODYL	10MG/0.01MG/1ML(40MG/0.04MG/4M	BTE/05 AMPOULES 4ML	SOL.INJ.IM.
SPASMODYL	160MG	BTE/10	COMP ORO DI
SPASMODYL	80MG	BTE/10	COMP ORO DI
SPASMOL	150MG/150MG	B/10	SUPPO.
SPASMOL	160MG	BTE/10	COMP ORO DI
SPASMOL	80MG	BTE/10	COMP ORO DI
SPASMONAL	100MG	B/20	COMP.
SPASTALIN	100MG	B/20	COMP.
SPECIAFOLDINE	5MG	B/20	COMP.
SPIDOGYL	750000UI/125MG	BTE/20	COMP.PELLI
SPIFEN	400MG	B/15	COMP.PELLI
SPIRA	1.5MUI	B/16	COMP.ENRO.
SPIRA	3MUI	B/10	COMP.ENRO.
SPIRACARE	1500000UI	B/16	COMP.PELLI
SPIRACARE	3000000UIMUI	B/10	COMP.PELLI
SPIRADENT	750000UI/125MGUI/MG	B/20	COMP.PELLI
SPIRALEX	1.5MUI	BTE/16	COMP.PELLI
SPIRALEX	3000000UI	BTE/10	COMP.PELLI
SPIRAMEX	1.5MUI	BTE/16	COMP.PELLI
SPIRAMEX	3MUI	BTE/10	COMP.PELLI
SPIRAMYCINE AFRO	0.375MUI/5ML	FL/150 ML	SIR.
SPIRAMYCINE ISO	0.375MUI/5ML	FL/150 ML	SIR.
SPIRAMYNAL	1.5MUIMUI	B/16	COMP.PELLI
SPIRAMYNAL	3MUIMUI	B/10	COMP.PELLI
SPIRIVA	18GDE22.5G	BTE/30 ET BTE/30+INH	PDRE P/INHA
SPIROCTAN	75MG	B/30	GLES.
SPIROCTAZINE	25MG/15MGMG/15MG	B/20	COMP.ENRO.
SPIRONOLONE	75MG	B/30	COMP.PELLI.
SPIROZIDE	25MG/15MG	BTE/30	COMP.PELLI.
SPRIDOL	900MG	B/1	AMP.INJ.
SPRIDOL	900MG	B/6	AMP.INJ.
STAGIDE	700MG	B/30	COMP.
STANDACILLIN	125MG/5ML	FL/60 ML	GRLES.SUSP.
STANDACILLIN	1G	B/1+1	PDRE.SOL.IN
STANDACILLIN	250MG/5ML	FL/60 ML	GRLES.SUSP.
STANDACILLIN	500MG	B/1 AMP	PDRE.SOL.IN
STANDACILLIN	500MG	B/12	GLES.
STATIX	50MG	BTE/30	COMP.PELLI
STEDIRIL	0.50/0.05MG	B/28	COMP.
STEOMAX	70MG	BTE/04	COMP.
STER-DEX	0.267MG/1.335	B/12	PDE.OPHT.
STIEVA A	0.05%	T/25G	CRE.
STIEVAMYCIN	0.025%/4%	T/25 G	GEL.DERM.
STILLARGOL	1%	FL/25 ML	COLLY.
STILNOX	10MG	B/14	COMP.PELLI.
STOMADINE	150MG	B/30	COMP.
STOPAN	250MG/5ML	FL/60 ML	SUSP.BUV.
STOPAN	500MG	B/12	GLES.
STOPMYCOSE	1%(1G/100G)	TUBE/30G	CRE.
STRATAN	10MG	BTE/30	GLES.
STRATAN	18MG	BTE/30	GLES.
STRATAN	25MG	BTE/30	GLES.
STRATAN	40MG	BTE/30	GLES.
STRATTERA	10MG11.43MG	BTE/28	GLES.GAST.R
STRATTERA	18MG20.57MG	BTE/28	GLES.GAST.R
STRATTERA	25MG28.57MG	BTE/28	GLES.GAST.R
STRATTERA	40MG45.71MG	BTE/28	GLES.GAST.R
STRATTERA	60MG68.56MG	BTE/28	GLES.GAST.R
STRESAM	50MG	B/24	GLES.
STRESAM	50MG	B/60	GLES.
STRICARE	0.25MG	BTE/20	COMP.PELLI
STRICARE	1MG	BTE/20	COMP.PELLI
SUCRAZIDE	5MG	B/30	COMP.
SUCRONORME	0.5MG	BTE/30	COMP.
SUCRONORME	1MG	BTE/30	COMP.
SUCRONORME	2MG	BTE/30	COMP.
SULAN 50	50MG	BTE/30	GLES.
SULFADIAZINE NOVAGENERICS	1%	TUBE/50 G	CRE.
SULFAREM	25MG	B/60	COMP.ENRO.
SULFAZINE	1%	POT/200G	CRE.
SULFAZINE	1%	POT/30	CRE.
SULFAZINE	1%	T/15G	CRE.DERMIQU
SULFOLYPTOL	0.05G/100G	FL/125 ML	SIR.
SULMATIL	0.50%	FL/180ML	SOL.BUV.
SULOZIR LP	0.4MG	BTE/30	MICROG LP E
SULPIDAL	50MG	BTE/30	GLES.
SULPIDE	5MG/ML	FL/180 ML	SOL.BUV.
SULPIMEX	0.5G/100ML	FL/200ML	SOL.BUV.SAN
SULPIRED	25MG/CAC	FL/200 ML	SOL.BUV.
SULPIRIDE	200MG	B/30	COMP.
SULPIRIDE LS	50MG	BTE/30	GLES.
SULPIRIDE MERINAL	50MG	B/30	GLES.
SULPIRYL	0.5%(0.5G/100ML)	FL/180 ML	SOL.BUV.
SULPRIM	200MG/40MG/5ML	FL/100 ML	SUSP.BUV.
SULPRIM	400MG/80MG	B/20	COMP.
SULPUREN	0.5%	FL/180 ML	SIR.
SULPUREN	25MG/CAC	FL/180 ML	SOL.BUV.
SULPUREN	50MG	B/30	GLES.
SULPYRID HISPAL	50MG	B/30	GLES.
SULRID	0.5G/100ML(25MG/CAC)MG/ML	FL/200ML	SOL.BUV.
SULRID	50MG	BTE/30	GLES.
SULTRIM	200MG/40MG/5ML	FL/437ML	SUSP.BUV.
SUMO	100MG	PILULIER DE 30	GLES.
SUNADIL	0.5G/100ML(25MG/CAC)	FL/200 ML	SOL.BUV.
SUNYA	20G/75G	BTE/21	COMP.ENRO.
SUPERGIFEN	200MG	BTE/20	COMP.
SUPERGIFEN	400MG	BTE/20	COMP.PELLI.
SUPEROS D3	500MG/400UI	BTE/60	COMP A SUC
SUPERSTAT	10MG	BTE/30	COMP.PELLI
SUPERSTAT	10MG	BTE/90	COMP.PELLI
SUPERSTAT	20MG	BTE/30	COMP.PELLI
SUPERSTAT	20MG	BTE/90	COMP.PELLI
SUPERSTAT	5MG	BTE/30	COMP.PELLI
SUPPFADOL	100MG	B/10	SUPPO.
SUPPFADOL	150MG	B/10	SUPPO.
SUPPFADOL	170MG	B/10	SUPPO.
SUPPFADOL	200MG	B/10	SUPPO.
SUPPFADOL	300MG	B/10	SUPPO.
SUPPFADOL	80MG	BTE/10	SUPPO.
SUPPLIN	250MG	B/20	COMP.ENRO.
SUPRA CALCI	0.25G	BTE/30	CAPSULE MOL
SUPRA CALCI	1G	BTE/30	CAPS MOLLE
SUPRACILINE	250MG/MLMG/5ML	FL/80 ML	SUSP.BUV.
SUPRADOLEX	325MG/37.5MG	BTE/20	GLES.
SUPRAMADOL	50MG	B/30	GLES.
SUPRAMADOL	50MG/ML	B/5AMP 2ML(100MG/2ML	SOL.INJ.IM.
SUPRAMOXYL	250MG/5MLMG/5ML	FL/80 ML	SUSP.BUV.
SUPRAXIME	100MG/5MLMG/ML	FL/60ML	PDRE.P/SUSP
SUPRAXIME	200MG	BTE/08	COMP.PELLI
SUPREMASE	150MG	B/1	GLES.
SUPREMASE 150 MG	150MG	BTE/01	GLES.
SUPREMASE 50MG	50MG	BTE/03	GLES.
SUPRIL	25MG/CAC	FL/200 ML	SOL.BUV.
SUPRIMIDE	200MG	B/28	COMP.
SUPRIMIDE	400MG	BTE/30	COMP.SEC.
SURGESTONE	0.25MG%	B/10	COMP.
SURGESTONE	0.5MG	B/10	COMP.
SURMONTIL	25MG	B/50	COMP.
SURMONTIL	4%	FL/30 ML	SOL.BUV.GTT
SWOR	20MG	PILULIER/20	COMP.ORO.DI
SWOR	5MG	PILULIER/30	COMP ORO DI
SYMBICORT TURBUHALER	100G/6G/DOSES	FL/120 DOSES	PDRE INHAL
SYMBICORT TURBUHALER	200G/6G/DOSE	FL/120 DOSES	PDRE INHAL
SYMBICORT TURBUHALER	400G/12G/DOSE	FL/60 DOSES	PDRE INHAL
SYNED	0.5%(25MG/5ML)	FL/125ML	SOL.BUV.
SYNED	50MG	BTE/20	GLES.
SYNEDIL G	25MG/5MLMG/ML	FL/200 ML	SOL.BUV.
SYNOSIA	10MG	BTE/30	COMP.PELLI
SYNOSIA	5MG	BTE/30	COMP.PELLI
SYNTOCINON	5UI/1ML	B/3 AMP DE 1	SOL.INJ.
SYNTOCINON	5UI/1ML	B/50 AMP DE 1	SOL.INJ.
SYNTOCINON	5UI/ML	BTE/5 AMP DE 1 ML	CONCENTR.SO
TABETA	0.10%	TUB/15G	PDE.DERM.
TABETA	0.5MG/ML(0.05%)	FL/30ML	SOL.BUV.GTT
TABETRON	4MG	BTE/10	COMP.PELLI
TABETRON	8MG	BTE/10	COMP.PELLI
TABICLOR	125MG/5ML	FL/75ML	SUSP.BUV.
TABICLOR	250MG	B/15	GLES.
TABICLOR	250MG/5ML	FL/75ML	SUSP.BUV.
TABICLOR	500MG	B/15	GLES.
TABIFLEX	1%	T/50 G	GEL
TABIFLEX COOL	1%	TUBE/50G	EMULSION GE
TABOCINE 100	100MG	B/10	CAPS.
TABUKLAV	1G/200MG	B1F PD/1AMP SOLV20ML	PDRE.SOL.IN
TABUKLAV	500MG/100MG	B1F/PD/1AMP SOLV10ML	PDRE.SOL.IN
TABUVAN	160MG	BTE/30	COMP.PELLI
TABUVAN	80MG	BTE/30	COMP.PELLI
TADENAN	50MG	B/30	CAPS.
TAHOR	10MG	B/28	COMP.PELLI
TAHOR	20MG	B/28	COMP.PELLI
TAHOR	40MG	BTE/28	COMP.PELLI
TAHOR	80MG	BTE/28	COMP.PELLI
TALIN	0.3MG/ML	FL/100 ML	SIR.
TALIN	2.5MG	B/30	COMP.
TALIN	5MG	B/30	COMP.PELLI
TALOPREX	10MG	BTE/30	COMP.PELLI
TAMIK	3MG	B/60	CAPS.
TAMOCIT	10MG	B/30	COMP.
TAMOCIT	20MG	B/30	COMP.
TAMOXIFEN EBEWE	10MG	BTE/30	COMP.
TAMOXIFEN EBEWE	20MG	BTE/30	COMP.
TAMOXIFENE	10MG	B/30	COMP.
TAMOXIFENE	20MG	B/30	COMP.
TAMOXIFENE EBEWE	10MG	B/30	COMP.
TAMOXIFENE EBEWE	20MG	B/30	COMP.
TAMOXIFENE MERCK	10MG	B/30	COMP.
TAMOXIFENE MERCK	20MG	B/30	COMP.
TAMSIR LP	0.4MG	BTE/30	GLES MICROG
TAMSULIX LP	0.4MG	BTE/30	MICROG LP E
TAMSULOSINE BEKER LP	0.4MG	BTE/30	GELUL.MICRO
TAMSULOSINE BRKER LP	0.4MG	BTE/90	GELUL.MICRO
TAMSULOSINE MM LP	0.4MG	BTE/30	MICROGRAN L
TAMSULOSINE WINTHROP LP	0.4MG	BTE/30	GLES.LP.
TAMSUMED LP	0.4MG	BTE/30	MICROG LP E
TAMSUPROST	0.4MG	BTE/30	GLES MICROG
TAMSYL LP	0.4MG	BTE/30	GELUL.MICRO
TANAKAN	40MG/ML	FL/30 ML	SOLUTE BUV.
TANATRIL	1.25MG	BTE/30	COMP.SEC.
TANATRIL	10MG	B/30	COMP.SEC.
TANATRIL	2.5MG	B/30	COMP.SEC.
TANATRIL	5MG	B/30	COMP.SEC.
TANATRIL+	10MG/12.5MG	BTE/30	COMP.
TANATRIL+	10MG/25MG	BTE/30	COMP.
TANATRIL+	5MG/12.5MG	BTE/30	COMP.
TANGANIL	500/5MG/ML	B/5 AMP DE 5 ML	SOL.INJ.
TANGANIL	500MG	B/30	COMP.
TANGANIL PRO	500MG	BTE/30	COMP.
TARDEN	10MG	B/30	COMP.PELLI
TARDEN	20MG	B/30	COMP.PELLI
TARDEN	40MG	BTE/30	COMP.PELLI.
TARDYFERON	80MG	BTE/30	COMP.PELLI
TARDYFERON B9	50MG/0.35MG	B/30	COMP.PELLI
TAREG	160MG	BT/28	COMP.PELLI
TAREG	40MG	B/28	COMP.
TAREG	80MG	B/28	COMP.PELLI
TAROVAL	80MG	BTE/30	COMP.PELLI
TASONEX	0.05%(50G/DOSE)	FL/120	SUSP.SPRAY.
TAVANIC	500MGSF512.46MG/COMPRIME	BTE/05	COMP.PELLI.
TAVER	200MG	B/50	COMP.
TAZOLINE	200MG/MLOU1000MG/5ML	B1FL PDR+1AMPSOLV5ML	PDRE SOLV/S
TAZOTAX	120MG	BTE/30	COMP.PELLI
TAZOTAX	80MG	BTE/30	COMP.PELLI
TEBOKAN FORT	40MG/ML	FL/50 ML	GTTES.BUV.
TEDEMA LP	37.5MG	BTE/30	MICROG LP E
TEDIPULMO	0.3MG/ML	FL/180 ML	SIR.
TEDIPULMO	2.5MG	B/50	COMP.
TEFANYL	1MG	B/30	COMP.
TEFANYL	1MG/5ML	FL/100 ML	SUSP.BUV.
TEGRETOL	100MG/5ML	FL/150 ML	SUSP.BUV.
TEGRETOL	200MG	B/50	COMP.SEC.
TEGRETOL LP	400MG	B/30	COMP.PELLI
TEGRIDIS	20MG/ML	FL/150 ML	SUSP.BUV.
TELDIS	40MG	BTE/30	COMP.
TELDIS	80MG	BTE/30	COMP.
TELEBRIX 35	350MG/ML(650.9MG/MLET96.6MG/	FL/100 ML	SOL.INJ.
TELEBRIX 35	350MG/ML(650.9MG/MLET96.6MG/	FL/50ML	SOL.INJ.
TELEBRIX HYSTERO	I250MG/ML	FL/20ML	SOL.INJ.IV.
TELEBRIX MEGLUMENE	300MG/IODE	FL/100ML	SOL.INJ.
TELEBRIX MEGLUMENE	300MG/IODE	FL/50 ML	SOL.INJ.
TELFADINE	120MG	BTE/20	COMP.PELLI
TELFAST	120MG	BT/15	COMP.PELLI
TELFAST	180MG	BT/15	COMP.PELLI
TELMED 40	40MG	BTE/30	COMP.
TELMED 80	80MG	BTE/30	COMP.
TELMED PLUS 40/12.5	40MG/12.5MG	BTE/30	COMP.
TELMED PLUS 80/12.5	80MG/12.5MG	BTE/30	COMP.
TELMIDIS	40MG	BTE/30	COMP.
TELMIDIS	80MG	BTE/30	COMP.
TELMIDIS PLUS	40MG/12.5MG	BTE/30	COMP.
TELMISA	40MG	BTE/30	COMP.
TELMISA	40MG	BTE/90	COMP.
TELMISA	80MG	BTE/30	COMP.
TELMISA	80MG	BTE/90	COMP.
TELMISARTAN LDM	80MG	BTE/28	COMP.
TELMISARTE	40MG	BTE/30	COMP.
TELMISARTE	80MG	BTE/30	COMP.
TELMISARTE +	40MG/12.5MG	BTE/30	COMP.
TELMISARTE +	80MG/12.5MG	BTE/30	COMP.
TELMISARTE +	80MG/25MG	BTE/30	COMP.
TELSTAL	40MG	BTE/30	COMP.
TELSTAL	80MG	BTE/30	COMP.
TELZART 80 MG	80MG	BTE/28	COMP.
TEMERIVOL	5MG	BTE/30	COMP QUADRI
TEMESTA	1MG	B/30	COMP.
TEMESTA	2.5MG	B/30	COMP.
TEMGEPHINE	0.3MG/ML	BTE/05 AMPOULES	SOL.INJ.
TEMGESIC	0.2MG	B/20	COMP.
TEMGESIC	0.3MG/ML	B/10	SOL.INJ.PER
TEMGINAL	0.3MG/1ML	BT/5AMP 2ML CONT 1ML	S.INJ.IM.IV
TEMISAL	40MG/5MG	BTE/30	COMP.
TEMOST	10MG	BTE/30	COMP.PELLI
TEMOST	4MG	BTE/30	COMP. A CRO
TEN-BLOKA	100MG	B/28	COMP.
TENASIL	250MG	B/14	COMP.SEC.
TENOLIN	100MG	B/30	COMP.
TENOLIN	50MG	B/30	COMP.
TENOLOL	100MG	B/14	COMP.
TENORDATE	50MG/20MG	B/28	GLES.
TENORMED	100MG	BTE/30	COMP.SEC.
TENORMINE	100MG	B/28	COMP.PELLI
TENORMINE	50MG	B/28	COMP.PELLI.
TENSIOMIN	25MG	B/30	COMP.
TENSIOMIN	50MG	B/20	COMP.SEC.
TENSIONORM	16MG	BTE/30	COMP.SEC.
TENSIONORM	4MG	BTE/30	COMP.SEC.
TENSIONORM	8MG	BTE/30	COMP.SEC.
TENSIOPRIL	25MG	B/20	COMP.
TENSIOPRIL	50MG	B/20	COMP.
TENSODIPINE	10MG	B/30	GLES.
TENSODIPINE	5MG	B/30	GLES.
TENSOPREL	25MG	B/30	COMP.
TENSOPREL	25MG	B/60	COMP.
TENSOPREL	50MG	B/30	COMP.
TENSOTEL	40MG	BTE/30	COMP.
TENSOTEL	80MG	BTE/30	COMP.
TEOLAR	10MG	BTE/30	COMP.PELLI
TEOLAR	20MG	BTE/30	COMP.PELLI
TEOLAR	40MG	BTE/30	COMP.PELLI
TEOLAR	80MG	BTE/30	COMP.PELLI
TEPENTINE	400MG	BTE/50	GLES.
TEPROLL	100MG	BTE/30	COMP PELL Q
TERALITHE	250MG	B/100	COMP.
TERAPRED	16MG	BTE/20	COMP.SEC.
TERAPRED	4MG	BTE/30	COMP.SEC.
TERBIDAL 1%	1%	FL/15ML	SOL APPL LO
TERBIDERME	1%	TUBE/15G	CRE.
TERBIFINE	0.15G(1%)	TUBE/15G	CRE.DERMIQU
TERBIFINE	250MG	BTE/10	COMP.SEC.
TERBIFINE	250MG	BTE/20	COMP.SEC.
TERBIL	1%	T/15G	CRE.
TERBIL	250MG	BTE/10	COMP.SEC.
TERBIL	250MG	BTE/20	COMP.SEC.
TERBINAFINE BEKER	250MG	BTE/20	COMP.SEC.
TERBINAFINE LDM	1%	TUBE/15 G	CRE.
TERBINAFINE LDM	250MG	BTE/14	COMP.SEC.
TERBINAMEX	1%	TUBE/15 G	CRE.
TERBINAN	1%	TUBE/15 G	CRE.
TERBINAN	250MG	BTE/14	COMP.SEC.
TERBUTALINE SULFATE	0.5MG/ML	B/8 AMP	SOL.INJ.
TERCYD	1%	TUB/15G	CRE.
TERFINEX	1%	TUB/15G	CRE.DERMIQU
TERFINEX	250MG	BTE/20	COMP.
TERFLUZINE	10MG	B/20	COMP.PELLI
TERFLUZINE	4%	FL/30 ML	SOL.BUV.
TERGYNAN	200MG/100MG/100000UI/3MG	B/10	COMP.GYNECO
TERGYNAN	500MG/65000100000UI	B/10	COMP.GYNECO
TERPOSEN 150	150MG	B/20	COMP.
TERPOSEN 300	300MG	B/10	COMP.
TERRAMYCINE	250MG	B/16	COMP.ENRO.
TERRAMYCINE	250MG/40MG	B/1	SOL.INJ.
TESTO ENANT	250MG	B/1 AMP	SOL.INJ.
TESTOSTERONE	250MG	B/1 AMP DE 1ML	SOL.INJ.
TETRALYSAL	150MG	B/16	GLES.
TETRAMAX	150MG	BTE/16	GLES.
TETRAZEPAM NOVAGENERICS	50MG	BTE/20	COMP.PELLI.
TETRAZEPAM-BIOGARAN	50MG	B/20	COMP.
THEOBID	200MG	B/30	COMP.PELLI
THEOPHYLINE BRUNEAU	200MG	B/30	COMP.
THEOSTAT LP	100MG	B/30	COMP.SEC.LP
THEOSTAT LP	200MG	B/30	COMP.LP.
THEOSTAT LP	300MG	B/30	COMP.LP.
THEPADINE	2MG/CAC	FL/125 ML	SIR.
THERACORT	40MG/ML	BTE/01	SUSP.INJ.
THERANOX	2000UI/0.2ML	BTE/02 SERINGUES	SOL.INJ.SER
THERANOX	4000UI(40MG)/0.4ML	B/2 SERING PREREMPLI	SOL.INJ.
THERANOX	6000UI(60MG)/0.6ML	B/2 SERING PREREMPLI	SOL.INJ.
THERANOX	8000UI/0.8ML	BTE/02 SERINGUES	SOL.INJ.SER
THIA-VALSAN	160MG/12.5MG	BTE/30	COMP.PELLI
THIA-VALSAN	160MG/25MG	BTE/30	COMP.PELLI
THIA-VALSAN	80MG/12.5MG	B/30	COMP.PELLI
THIAMINE CHLORHYDRATE	100MG	B/5 AMP DE 2ML	SOL.INJ.
THIAMINE CHLORHYDRATE	100MG/2ML	B/10	SOL.INJ.
THIAZARTAN	50MG/12.5MG	BTE/30	COMP.PELLI
THIOBACTIN	500MG	B/24	COMP.
THIOPHENICOL	250MG	B/16	COMP.
THIOPHENICOL	750MG/5ML	B/1	PDRE.SOL.IN
THIOVALONE	1.405/0.422G	FL/10 ML	COLLU.
THYRAX DUOTAB	100G	B/100	COMP.
THYRO - 4	100G	B/100	COMP.
TIALYZ	200MG	BTE/30	COMP.
TICLID	250MG	B/20	COMP.PELLI
TIEMONE	10MG/5MLMG/ML	FL/125ML	SIR.
TIFEN	1MG	B/30	COMP.
TIFEN	1MG/5ML	FL/100 ML	SIR.
TILDIEM	60MG	B/30	COMP.
TIMADLINE	10MG/5ML	FL/125ML	SIR.
TIMO FEROL	50MG(FER)/30MG	B/24	GLES.
TIMOLAMID	20MG/5MG/ML	FL/5 ML	COLLYRE.SOL
TIMOLOL	0.50%	FL/3 ML	COLLY.
TIMOLOL	0.50%	FL/5 ML	COLLY.
TIMOLOL ALCON	0.25%	FL/5 ML	COLLY.
TIMOLOL ALCON	0.50%	FL/5 ML	COLLY.
TIMONAL	10MG/5ML	FL/125 ML	SIR.
TIMONAL	20MG	B/10	SUPPO.
TIMONAL	5MG/2ML	B/5	SOL.INJ.
TIMONEX	10MG/05ML	FL/150 ML	SOL.BUV.
TIMOPTOL	0.25%	FL/3 ML	COLLY.
TIMOPTOL	0.5%	FL/3 ML	COLLY.
TIMOZINE	10MG/5MLMG/ML	FL/100ML	SIR.
TINASIL 1%	1%	FL/30 ML	SPRAY P PUL
TINI-500	500MG	B/4	COMP.
TINUVIN	200MG	B/10	COMP.
TIOPAM ENFANT	30MG	BTE/30 SACHETS	PDR.ORALE.S
TIOPAM NOURRISSONS	10MG	BTE/16 SACHETS	PDR.ORALE.S
TIOTRIL	10MG	BTE/16 SACHETS	PDR ORAL SA
TIOTRIL	30MG	BTE/30	PDR ORAL SA
TIOTUM	18G	BTE/30	PDRE.INHAL
TIRLOR	10MG	B/10	COMP.
TIRLOR	10MG	B/20	COMP.
TIROMEL	25G	B/100	COMP.
TOBRADIS	0.3%(3MG/ML)	FL/5 ML COMPTE GTTES	COLLYRE.SOL
TOBREX	300000UI	FL/5ML+COMPTE GOUTTE	COLLY.
TOCOGESTAN	200/50/250MG	B/2 AMP DE 2ML	SOL.INJ.
TOFENIL	1MG	B/30	COMP.SEC.
TOLMIL	10MG	BTE/30	COMP.PELLI
TOLMIL	30MG	BTE/20	COMP.PELLI
TOLPECALM	150MG	BTE/30	COMP.PELLI
TOLPICALM	150MG	BTE/30	COMP.PELLI
TOLVON	30MG	BTE/20	COMP.PELLI
TONIMAG	1.5G/5MLG/ML	B/20	AMP.BUV.
TOPAAL	4G/0.6MG/0.8M	FL/210 ML	SUSP.BUV.
TOPICLOMAX	100MG	BTE/60	COMP.PELLI
TOPICLOMAX	25MG	BTE/60	COMP.PELLI
TOPICLOMAX	50MG	BTE/60	COMP.PELLI
TOPLEXIL		FL/150ML	SIR.
TORENTAL LP	400MG	B/20	COMP.ENRO.L
TORLASPORINE	500MG	B/12	GLES.
TORLIP	10MG	B/30	COMP.
TORLIP	40MG	BTE/30	COMP.PELLI.
TORVACOL	10MG	B/30	COMP.ENRO.
TORVACOL	20MG	B/30	COMP.
TORVACOL	40MG	BTE/30	COMP.
TORVAST	10MG	B/30	COMP.
TORVAST	20MG	B/30	COMP.
TORVAST	40MG	BTE/30	COMP.
TORVAST	80MG	PILULIER DE 30	COMP.PELLI
TORVASTATINE	10MG	BTE/30	COMP.PELLI
TORVASTATINE	20MG	BTE/30	COMP.PELLI
TORVASTATINE	40MG	BTE/30	COMP.PELLI
TORVASTATINE	80MG	BTE/30	COMP.PELLI
TORVASTINE	40MG	BTE/30	COMP.PELLI
TORVASTINE	80MG	BTE/30	COMP.PELLI
TOTAPEN	0.50G	FL/15ML	PDRE.SOL.IN
TOTAPEN	125MG/5ML	FL/60 ML	PDRE.OR.
TOTAPEN	1G	B/1+1 DE 6.5ML	PDRE.SOL.IN
TOTAPEN	250MG/5ML	FL/60 ML	PDRE.OR.
TOTAPEN	250MG/5ML	FL/60 ML	SIR.
TOTAPEN	500MG	B/12	GLES.
TOTAPEN	500MG	FL/15 ML	PDRE.SOL.IN
TOTIFEN	1MG	B/60	GLES.
TOTILAM	1MG/5ML	FL/125 ML	SIR.
TOTINAL	1MG	B/30	COMP.
TOTINAL	1MG/5ML	FL/100 ML	SIR.
TOUJEO SOLOSTAR	300UI/ML	BTE/03 STYLOS 1.5 ML	SOL.INJ.EN/
TOUJEO SOLOSTAR	300UI/ML	BTE/05 STYLOS 1.5 ML	SOL.INJ.EN/
TOUXOL	0.3G/ML	FL/125 ML	SOLUTE BUV.
TRAMADINE	100MG	BTE/10	SUPPO.
TRAMADIS	50MG	BTE/10	GLES.
TRAMADIS	50MG/ML	BTE/5AMP 2ML(100MG/2	SOL INJ IV/
TRAMADOL BEKER	50MG	BTE/30	GLES.
TRAMADOL BEKER LP	100MG	BTE/30	COMP.PELL.L
TRAMADOL BIOGARAN	50MG	B/30	GLES.
TRAMADOL IBERAL	50MG	BTE/30	GLES.
TRAMADOL LS	100MG	B/10	SUPPO.
TRAMADOL LS	50MG	B/30	GLES.
TRAMADOL NOVAGENERICS	50MG	BTE/30	GLES.
TRAMADOL PLUS	325MG/37.5MG	BTE/20	GLES.
TRAMADOL SANDOZ	50MG	BTE/30	GLES.
TRAMAL	50MG	BTE/30	GLES.
TRAMEX	50MG	BTE/30	GLES.
TRAMGESIC	50MG	B/30	GLES.
TRAMGESIC	50MG/1MLMG/ML	B/5AMP 2ML(100MG/2ML	SOL.INJ.
TRANOXANE	10MG	B/30	GLES.
TRANOXANE	5MG	B/30	GLES.
TRANQIPAM	1MG	B/30	COMP.
TRANQIPAM	2.5MG	B/100	COMP.
TRANSACALM	100MG	B/20	COMP.
TRANSACALM	100MG	B/30	COMP.
TRANSOMIL	1.5MG	BTE/20	COMP.
TRANSOMIL	3MG	BTE/20	COMP.
TRANSOMIL	6MG	B/30	COMP.SEC.
TRANXENE	10MG	B/30	GLES.
TRANXENE	20MGMG/2ML	B/5+5	COMP.
TRANXENE	50MGMG/2.5ML	B/5+5	COMP.
TRANXENE	5MG	B/30	GLES.
TRAPAL	325MG/37.5MG	B/20	GLES.
TRAUSAN	100MG/ML	FL/30ML+PIPETTE GRAD	SOL.BUV.GTT
TRAVADIS	40G/ML	FL/2.5 ML	COLLYRE.SOL
TRAVADROP	40G/ML	FL/CPT GTS/5ML(2.5ML	COLLYRE.SOL
TRAVADROP FREE	40G/ML	FL/2.5ML	COLLYRE.SOL
TRAVATAN	40MG/ML	FL/2.5ML	COLLY.
TRAVOST	40G/ML	FL/5ML CONTENT 2.5ML	COLLYRE.SOL
TREMADOL	50MG	B/20	COMP.
TREPADIO	100MG	BTE/30	COMP.PELLI
TREPADIO	10MG/ML	FL/200 ML	SIR.
TREPADIO	150MG	BTE/30	COMP.PELLI
TREPADIO	200MG	BTE/30	COMP.PELLI
TREPADIO	50MG	BTE/30	COMP.PELLI
TREPILINE 25	25MG	B/60	COMP.
TRESIBA FLEXPEN	100U/ML	B01 STYL PREREML 3ML	SOL.INJ.
TRESIBA FLEXPEN	100U/ML	B02 STYL PREREMP 3ML	SOL.INJ.
TRESIBA FLEXPEN	100U/ML	B05 STYL PREREMP 3ML	SOL.INJ.
TRESIBA FLEXTOUCH	100UI/ML	BTE/01 STYLO DE 3ML	SOL.INJ.SC.
TRESIBA FLEXTOUCH	100UI/ML	BTE/05 STYLOS DE 3ML	SOL.INJ.SC.
TRI-REGOL	30G/0.05MG/6	B/63	COMP.
TRIAMPEX	10MG	BTE/30	GLES.
TRIAMPEX	2.5MG	B/30	GLES.
TRIAMPEX	5MG	B/30	GLES.
TRIANIL	25MG	B/30	COMP.
TRIATEC	1.25MG	B/28	COMP.
TRIATEC	1.25MG	B/30	COMP.
TRIATEC	1.25MG	B/30	GLES.
TRIATEC	10MG	B/28	COMP.SEC.
TRIATEC	2.5MG	B/28	COMP.
TRIATEC	2.5MG	B/30	COMP.
TRIATEC	2.5MG	B/30	GLES.
TRIATEC	5MG	B/28	COMP.
TRIATEC	5MG	B/30	COMP.
TRIATEC	5MG	B/30	GLES.
TRIAXONE	200MG	BTE/30	COMP.SEC.
TRIBEMEX	100MG	BTE/20	COMP.
TRIBEMEX	200MG	BTE/30	COMP.
TRIFEDYL	100MG	PILULIER/30	COMP. A CRO
TRIFER	100MG/5ML	B/10 FL/5ML	SOL.BUV.
TRIFER FOL	0.35MG/100MG	BTE/30	COMP.PELLI
TRIFLUCAN	100MG	B/10	GLES.
TRIFLUCAN	200MG	B/30	GLES.
TRIGESTREL	0.05/0.03-0.075/0.04-0.125/0.0MG	B/3BLSTR 21CP(63CP)	COMP.
TRILEPTAL	150MG	BTE/50	COMP.PELLI
TRIMEBUTINE	100MG	B/20	COMP.
TRIMEBUTINE AGD	100MG	B/20	COMP.
TRIMEBUTINE B	200MG	BTE/30	COMP.
TRIMEBUTINE BIOCARE	100MG	BTE/20	COMP.PELLI
TRIMEBUTINE BIOCARE	200MG	BTE/30	COMP.PELLI
TRIMEBUTINE BIOGARAN	100MG	B/20	COMP.
TRIMEBUTINE HUP	100MG	BTE/30	COMP.
TRIMEBUTINE IVAL	100MG	B/20	COMP.
TRIMEBUTINE SAIDAL	74.4MG/SACHETS	BTE/30	GRAN.SOL.BU
TRIMEBUTINE-B	0.787G/100G	FL/250 ML	GRLES.SUSP.
TRIMEBUTINE-SAIDAL	74.4MG	BTE/20 SACHETS	GRAN P/SUSP
TRIMEBUTINE-SAIDAL ENFANTS ET NOURRISSONS	24MG	B/20	GRAN P/SUSP
TRIMEBUTINE-SAIDAL NOURRISSONS	12MG	B/20	GRAN P/SUSP
TRIMEDAT	100MG	B/10	SUPPO.
TRIMEDAT	100MG	B/20	COMP.
TRIMEDAT	24MG/5ML	FL/250 ML	PDRE.P/SUSP
TRIMETAZIDINE B	20MG	B/60	COMP.
TRIMETAZIDINE BIOCARE	20MG	BTE/60	COMP.PELLI
TRIMETAZIDINE G GAM	20MG	B/60	COMP.
TRIMETAZIDINE IVAL	20MG	BTE/60	COMP.PELLI
TRIMETAZIDINE MERCK	20MG	B/60	COMP.
TRIMETAZIDINE UPC	20MG/ML	F/60 ML	SOL.BUV.GTT
TRIMETAZIDINE WINTHROP	20MG	B/60	COMP.
TRIMIANIN	4%	FL/30 ML	SOL.BUV.GTT
TRIMIDAR -M	200MG/40MG/5ML	FL/100 ML	SUSP.BUV.
TRIMIDAR M	200MG/40MG/5MLMG/MG/ML	FL/100ML	SUSP.BUV.
TRIMIDAR M FORTE	160MG/800MGMG/MG	B/16	COMP.
TRIMOSUL	400MG/80MG	B/20	COMP.
TRIMOX	800/160MG	B/20	COMP.
TRINORDIOL	30G/0.5MG/06	B/63	COMP.
TRIPTAMYL	4%	FL/20 ML	SOL.BUV.GTT
TRISEQUENS	2MG/1MG	B/28	COMP.
TRISULAM	20MG	B/15	GLES.
TRISULAM	20MG	B/15	SOL.INJ.
TRITAZIDE	10MG/12.5MG	BTE/28	COMP.
TRITAZIDE	10MG/25MG	BTE/28	COMP.
TRITAZIDE	5MG/12.5MG	BTE/28	COMP.
TRITAZIDE	5MG/12.5MG	BTE/30	COMP.
TRIZOL	400MG/80MG	B/20	COMP.
TROPHIRES COMPOSE ADULTES	0.200G/0.110G/0.450G	B/8	SUPPO.
TROPHIRES COMPOSE ENFANTS	0.130G/0.075G/0.300G	B/8	SUPPO.
TROPHIRES COMPOSE NOURISSONS	0.065G/0.044G/0.150G	B/8	SUPPO.
TROPHYL PLUS ENFANT	0.130G/0.075G/300MGG/G/MG	B/8	SUPPO.
TROPHYL PLUS NOURISSON	0.065G/0.044G/150MGG/G/MG	B/8	SUPPO.
TROPIRUS	18GBROMURTIOTRMONOHY22G	BTE/30	PDRE P/INHA
TROPITICUM	0.5%	FL/10 ML	COLLY.
TRUSAMID	20MG/ML(2%)	FL/5ML	COLLYRE.SOL
TRUSOPT	2%	FL/5 ML	COLLY.
TULIP	10MG	BTE/30	COMP.PELLI
TULIP	20MG	BTE/30	COMP.PELLI
TULIP	40MG	BTE/30	COMP.PELLI
TULOS	10G/15MLG/ML	FL/125ML	SOL.BUV.
TUNOLOL	0.25%	FL/5 ML	COLLY.
TUNOLOL	0.50%	FL/5 ML	COLLY.
TUSSICOD	0.05%	FL/125ML	SIR.
TUSSIDEX	0.1%	FL/125ML	SIR.
TUSSIDEX	0.2%	FL/125ML	SIR.
TUSSIFAN	10MG/5ML	FL/100ML	SIR.
TUZANIL	25MG	B/60	CAPS.
TYFODINE	250MG	B/16	COMP.
TYLENOL	500MG	B/20	COMP.
TYLENOL JEUNE ENFANT GOUT BANANE	125MG/5MLMG/ML	FL/125 ML	SUSP.BUV.
TYRIZAL	5MG	BTE/14	COMP.PELLI
TYRIZAL	5MG	BTE/28	COMP.PELLI
U-CEF	250MG	BTE/14	COMP.PELLI
U-CEF	500MG	BTE/14	COMP.PELLI
UBACTIVE 200 MG	200MG	BTE/20	COMP.PELLI.
UBACTIVE 400MG	400MG	BTE/20	COMP.PELLI
UBACTIVE 600MG	600MG	BTE/30	COMP.PELLI
UDINE	5MG	BTE/10	COMP.PELLI
UDINE	5MG	BTE/15	COMP.PELLI
UDINE	5MG	BTE/30	COMP.PELLI
ULCEGO	2%	T/50 G	GEL BUCC
ULCER-CURE	20MG	B/14	GLES MIC/GR
ULRAN	150MG	B/20	COMP.
ULTIDIN	150MG	B/20	COMP.
ULTIMOX	500MG/125MG	B/12	COMP.PELLI.
ULTRACILLIN	1G	B/1 AMP	PDRE.SOL.IN
ULTRACILLIN	500MG	B/1 AMP	PDRE.SOL.IN
ULTRACILLIN	500MG	B/20	GLES.
ULTRAFEN	200MG	B/20	COMP.
ULTRAGENT	80MG/2ML	B/1 AMP DE 2 ML	SOL.INJ.
ULTRAMOL	125MG	B/8	SUPPO.
ULTRAMOX	250MG/5ML	FL/100 ML	PDRE.P/SUSP
ULTRAMOX	500MG	B/16	GLES.
ULTRASPORIN	500MG	B/20	GLES.
ULTRAVIST 300	623.4MG/ML(300MG/ML)	FL/100ML	SOL.INJ.
ULTRAVIST 300	I300MG/ML	FL/1	SOL.INJ.
ULTRAVIST 300	I300MG/ML	FL/20 ML	SOL.INJ.
ULTRAVIST 300	I300MG/ML	FL/50ML	SOL.INJ.
ULTRAVIST 370	768.86MG/ML(370MG/ML)	FL/100 ML	SOL.INJ.
ULTRAVIST 370	I370MG/ML	FL/1	SOL.INJ.
ULTRAVIST 370	I370MG/ML	FL/20 ML	SOL.INJ.
ULTRAVIST 370	I370MG/ML	FL/50ML	SOL.INJ.
UMATROPE	4UI/1.33MG	B/1+1 DE 2ML	SOL.INJ.
UMULINE NPH	100UI/ML	FL/10ML	SOL.INJ.
UMULINE PROFIL 30	100UI/3ML	B/5 CART DE 3ML	SUSP.INJ.
UMULINE PROFIL 30	100UI/ML	FL/10 ML	SUSP.INJ.
UMULINE PROTAMINE ISOPHANE	100UI/ML	B/5 CART DE 1.5ML	SOL.INJ.
UMULINE RAPIDE	100UI/1.5ML	B/5 CART DE 1.5ML	SOL.INJ.
UMULINE RAPIDE	100UI/ML	B/5 CART DE 1.5M	SOL.INJ.
UMULINE RAPIDE	100UI/ML	FL/10ML	SUSP.INJ.
UN-ALFA	0.25G	B/30	CAPS.
UN-ALFA	1G	B/30	CAPS.
UNICAINE	1%	B/10 AMP DE 5 ML	SOL.INJ.
UNICALMYL	6MG	B/30	COMP QUADRI
UNICAM	0.50%	T/50 G	GEL
UNICAM	10MG	B/20	GLES.
UNICAM	20MG	B/10	GLES.
UNICAM	20MG	B/10	SUPPO.
UNICILANA	1000000UI	B/1+1	PDRE.SOL.IN
UNICROM	2%	FL/5 ML	COLLY.
UNIDEX	4MG/ML	B/10 AMP 1ML	SOL.INJ.
UNIDEX	4MG/ML	B/5 AMP1ML	SOL.INJ.
UNIGENTA	3MG/ML	FL/5 ML	COLLY.
UNILEM	90MG	B/1 FL	PDRE LYOPH
UNILEXIN	250MG	B/20	GLES.
UNILEXIN	500MG	B/20	GLES.
UNIRETIC	50MG/5MGMG/5MG	B/20	COMP.
UNISIA	16MG/10MG	BTE/30	COMP.
UNISIA	16MG/5MG	BTE/30	COMP.
UNISIA	5MG/8MG	BTE/30	COMP.
UPFEN	200MG	B/20	COMP.PELLI
UPTONIC	25MG	B/60	COMP.ENRO.
UPTONIC	4%	FL/20 ML	SOLUTE BUV.
UPTONIC	50MG	B/60	COMP.ENRO.
URICARE	3G/SACHET	BTE/01	GRAN.SOL.BU
URICLAR	100MG	B/50	COMP.SEC.
URICLAR	300MG	B/28	COMP.SEC.
URINOL 300	300MG	B/28	COMP.
URO 3000	0.90%	C/ 4 PC DE 3L	SOL.
UROBACID	400MG	B/14	COMP.ENRO.
URONYX	3G	BTE/1 SACHET	GRAN.SOL.BU
UROPIMID	400MG	B/20	GLES.
UROSTERIDE	5MG	BTE/30	COMP.PELLI
UROTRATE	750MG	B/14	COMP.PELLI
URSA	200MG	BTE/30	GLES.
URSA	200MG	BTE/90	GLES.
URSOLVAN	200MG	B/30	GLES.
URSOLYSE	200MG	BTE/30	GLES.
USENIL	400MG	BTE/8	SUPPO SEC.
USENIL	700MG	BTE/8	SUPPO.
UTROGESTAN	100MG	B/30	CAPS.
UTROGESTAN	200MG	BTE/15	CAPS. MOL O
VAAMOX ADULTE	1G/200MGG/MG	BTE/1FL DE POUDRE	PDRE.SOL.IN
VAAMOX ENFANT ET NOURRISSON	500MG/50MGMG/MG	BTE/1FL DE POUDRE	PDRE.SOL.IN
VACCIN ANTI-ROUGEOLE	0.5ML/DOSESML/DOSES	B/50 DE 10 DOSES DE	SOL.INJ.
VACONTIL	2MG	B/10	GLES.
VAINCOR 10MG	10MG	BTE/07	COMP.PELLI
VAINCOR 10MG	10MG	BTE/28	COMP.PELLI
VALACLOR	160MG	BTE/30	COMP.PELLI
VALACLOR	40MG	BTE/30	COMP.PELLI
VALACLOR 80 MG	80MG	BT/30	COMP.PELLI
VALACLOR PLUS	160MG/12.5MG	BTE/30	COMP.PELLI
VALACLOR PLUS	160MG/25MG	BTE/30	COMP.PELLI
VALACLOR PLUS	80MG/12.5MG	BTE/30	COMP.PELLI
VALAMLO ALEMBIC MAMI	5MG/160MG	BTE/30	COMP.PELLI
VALASTAN	160MG	BTE/28	COMP.PELLI
VALASTAN	160MG	BTE/30	COMP.PELLI
VALASTAN	160MG	BTE/90	COMP.PELLI
VALASTAN	160MG	BTE/98	COMP.PELLI
VALASTAN	80MG	BTE/28	COMP.PELLI
VALASTAN	80MG	BTE/30	COMP.PELLI
VALASTAN	80MG	BTE/90	COMP.PELLI
VALASTAN	80MG	BTE/98	COMP.PELLI
VALCARD ALEMBIC MAMI	320MG	BTE/30	COMP.PELLI
VALENS	10MG	BTE/30	COMP.PELLI
VALEX 160	160MG	BTE/30	COMP.PELLI
VALEX 80	80MG	BTE/30	COMP.PELLI.
VALIUM	1%	FL/20 ML	SOL.BUV.
VALIUM	10MGMG/2ML	B/6	SOL.INJ.
VALIUM	2MG	B/40	COMP.
VALIUM	5MG	B/40	COMP.
VALKINE	200MG/ML	FL/60 ML	SOL.BUV.
VALOXIUM	10MG/2ML	BTE/10 AMPOULES	SOL.INJ.IM.
VALPROATE AFRO	200MG/ML	FL/100 ML	SOL.BUV.
VALPROATE AFRO	200MG/ML	FL/40 ML	SOL.BUV.
VALPROATE AFRO	200MG/ML	FL/60 ML	SOL.BUV.
VALPROATE CHRONO	500MG	BTE/30	COMP.PELL.S
VALPROATE DE SODIUM BGL	200MG/ML	FL/40ML	SOL.BUV.
VALPROCIDE GS CHRONO 500	333MG/145MG(500MGVALP/SODIUM)	BTE/30	COMP.SEC.LP
VALSAN	160MG	B/30	COMP.PELLI
VALSAN	80MG	B/30	COMP.PELLI
VALSARTAL	160MG	BTE/30	COMP.PELLI.
VALSARTAL	80MG	BOITE/30	COMP.PELLI.
VALSARTAN LDM	160MG	BTE/30	COMP.PELLI.
VALSARTAN LDM	80MG	BTE/30	COMP.PELLI.
VALSARTAN+HCTZ LDM	160MG/25MG	BTE/28	COMP.PELLI
VALSARTAN+HCTZ LDM	80MG/12.5MG	BTE/30	COMP.PELLI
VALSARTAN/HYDROCHLOROTHIAZIDE LDM	160MG/12.5MG	BTE/28	COMP.PELLI
VALSIS	160MG	BTE/28	COMP.PELLI.
VALSIS	80MG	BTE/28	COMP.PELLI.
VALSIS PLUS	80MG/12.5MG	BTE/30	COMP.PELLI
VALUZIDE 160/12.5	160MG/12.5MG	BTE/30	COMP.PELLI
VALUZIDE 80/12.5	80MG/12.5MG	BTE/30	COMP.PELLI
VALZEPAM	10MG	B/20	COMP.
VALZEPAM	10MG/2ML	B/5	SOL.INJ.
VALZEPAM	5MG	B/20	COMP.
VANTAMED	2MG	B/20	COMP.SEC.
VARENOX	2000UIANTI-XA/0.2ML	B/2 SERING PREREMPLI	SOL.INJ.SC.
VARENOX	4000UIANTI-XA/0.4ML	B/2 SERING PREREMPLI	SOL.INJ.SC.
VARENOX	6000UIANTI-XA/0.6ML	B/2 SERING PREREMPLI	SOL.INJ.SC.
VARENOX	8000UIANTI-XA/0.8ML	B/2 SERING PREREMPLI	SOL.INJ.SC.
VARYLEX	1%	TUBE/30 G	CRE.DERM.
VASCOPIN	5MG	B/20	COMP.
VASCOTEN	100MG	B/20	COMP.
VASCOVEL	150MG/5MG	BTE/30	COMP.PELLI
VASCOVEL	300MG/10MG	BTE/30	COMP.PELLI
VASCOVEL	300MG/5MG	BTE/30	COMP.PELLI
VASKOL	10MG	B/30	COMP.PELLI
VASKOL 20	20MG	BTE/30	COMP.PELLI
VASOMIL 40	40MG	B/75	COMP.
VASTA	10MG	B/30	COMP.PELLI
VASTA	20MG	B/30	COMP.PELLI
VASTA	20MG	BTE/30	COMP.ENRO.
VASTADINE	20MG	BTE/60	COMP.PELLI
VASTAREL	20MG	B/60	COMP.
VASTAREL	35MG	B/30	COMP PELL.A
VASTAREL	35MG	B/60	COMP PELL.A
VASTINE	20MG	BTE/30	COMP.PELLI
VASTINE	40MG	BTE/30	COMP.PELLI
VASTINE	80MG	BTE/30	COMP.PELLI
VASTOR	20MG	B/60	COMP.
VAVO	2%	TUBE/15G	CRE.
VAVO SHAMPOO	2%	FL/100ML	SHAMPOING
VAXIGRIP	0.5ML	B/1	SOL.INJ.
VAXIGRIP TETRA	2SCHS(AETB)15GHG/15GHG	SER P-REMPL 0.5ML/B1	SUSP.INJ.
VAZOTEK 2	2MG	BTE/30	COMP.SEC.
VAZOTEK 4	4MG	BTE/30	COMP.SEC.
VEFLAT	150MG	BTE/01	GLES.
VEFLAT	50MG	BTE/03	GLES.
VEINOTREL	20MG	BTE/60	COMP.PELLI
VENFAX	37.5MG	BTE/30	GLES MICROG
VENLAFAXINE GEBER	37.5MG	BTE/30	GLES.LP.
VENLAFAXINE GEBER	75MG	BTE/30	GLES.LP.
VENLAXOR LP	37.5MG	BTE/30	MICROGRAN L
VENLAXOR LP	75MG	BTE/30	GLES.LP.
VENTAMOL	0.5MG/ML	BTE/10 AMP	SOL.INJ.
VENTEZE	2MG	B/40	COMP.
VENTEZE	2MG/CAC	FL/150 ML	SIR.
VENTIOL	2%	FL/125 ML	SIR.
VENTMAX	100G/BUFFEG/BOUFFEE	FL/200 DOSES	AERO.
VENTOLINE	0.5MG/ML	B/6 AMP DE 1 ML	SOL.INJ.
VENTOLINE	100G/BOUFFEE	FL/200 DOSES	AERO.
VENTOLINE	2MG	B/40	COMP.
VENTOLINE	2MG/CAC	FL/150 ML	SIR.
VENTOLINE	5MG/10ML	FL/10 ML	SOL.NEBUL.
VEREX	24MG	BTE/60	COMP.
VERMAZOL	100MG	B/6	COMP. A CRO
VEROFLUD	100MG/5ML(2%)	FL/30 ML	SUSP.BUV.
VERSEC	24MG	BTE/60	COMP.
VERTEC	24MG	BTE/60	COMP.
VERTEL HUP	400MG	BTE/01	COMP.
VERTEN	400MG	BTE/01	COMP.
VERTIGO	24MG	BTE/30	COMP.
VERTIGO	24MG	BTE/60	COMP.
VERTILOX	8MG	B/100	COMP.
VESTAG	160MG	BTE/30	COMP.PELLI
VESTAG	80MG	BTE/30	COMP.PELLI
VESTAMOL	10MG/160MG	BTE/30	COMP.PELLI
VESTAMOL	5MG/160MG	BTE/30	COMP.PELLI
VESTAMOL	5MG/80MG	BTE/30	COMP.PELLI
VETRAM	100MG/ML	FL/120ML	SIR.
VETRAM	250MG	BTE/30	COMP.PELLI.
VETRAM	500MG	BTE/30	COMP.PELLI.
VETRAM	750MG	BTE/30	COMP.PELLI.
VETRAM LP	500MG	BTE/30	COMP.PELL.L
VETRAM LP	750MG	BTE/30	COMP.PELL.L
VIASART	160MG	BTE/30	COMP.PELLI
VIASART	80MG	BTE/30	COMP.PELLI
VIBAC	1.5%	FL/10 ML	COLLYRE.SOL
VIBRAMYCINE	100MG	B/5	COMP.
VIFOLIN	5MG	B/100	COMP.
VILBAR	2MG/ML	FL/30ML	SOL.BUV.GTT
VIRAM	200MG	B/30	COMP.
VIRAMED	3%	T/5 G	PDE.OPHT.
VIRAVIR	5%	T/3G	CRE.DERM.
VIRAVIR	5%	T/5G	CRE.DERM.
VIRCET	100MG	BTE/07	GLES.
VIRCET	150MG	BTE/01	GLES.
VIRCET	200MG	BTE/07	GLES.
VIRCET	50MG	BTE/07	GLES.
VIRGAN	0.15%	T/5G	GEL OPHTALM
VIRLIX	10MG	B/15	COMP.
VIRODAL	5%	T/15G	CRE.DERMIQU
VIROZEL	75MG	PILULIER DE 30	GLES.
VIRPES	200MG	B/30	COMP.
VISACROM	2%	FL/8 ML	COLLY.
VISCERAL	20MG	BTE/10	SUPPO.
VISCERALENE	20MG	B/10	SUPPO.
VISCERALGINE	10MG/5ML10MG/5ML	FL/150 ML	SIR.
VISCERALGINE	20MG	B/20	SUPPO.
VISCERALGINE	5MG	B/10 AMP	SOL.INJ.
VISCERALGINE FORTE	10MG/2G/5ML	B/10 AMP	SOL.INJ.
VIT B 12	1000G/2ML	BTE/5AMPOULES DE 2ML	SOL.INJ.IM
VIT B12	1000G/1ML	BT05AMP 2ML CONT 1ML	SOL.INJ.
VIT D3	200000UI/ML	BT/1AMP 2ML CONT 1ML	SOL.INJ.IM
VIT D3 SALEM	200000UI/ML	BTE/01	SOL.BUV.
VITABACT	0.05G%	FL/10 ML	COLLY.
VITAFORM	20ML	FL/20 ML	SOL.BUV.
VITAM	125ML	FL/125ML	SIR.
VITAMAG	1.5G/5MLG/ML	B/20	AMP.BUV.
VITAMAG	1.5G/5MLG/ML	BTE/30	SOL.BUV.AMP
VITAMAG	61MG/5ML(OU15%)	FL/125ML	SOL.BUV.
VITAMIN C	500MG	B/10 AMP	SOL.INJ.
VITAMIN C	500MG/5ML	B/100	SOL.INJ.
VITAMINE A FAURE	150000UI	FL/10 ML	COLLY.
VITAMINE A GL	150000UI%	FL/10 ML	COLLY.
VITAMINE B 12	1000G/ML	B/12	SOL.INJ.
VITAMINE B 12	1000G/ML	B/6 AMP	SOL.INJ.
VITAMINE B1	100MG/ML	B/5	SOL.INJ.
VITAMINE B1 B6 BGL	250MG/250MG	BTE/20	COMP.
VITAMINE B12 GEO	1000G/ML	BTE/5 AMP DE 1 ML	SOL.INJ ET
VITAMINE B12 GERDA	1000G/ML	B/6 AMP/4ML	SOL.INJ.
VITAMINE B12 RAZES	1000G/2ML	BTE/05 AMPOULES	SOL.INJ ET
VITAMINE B6	250MG/5ML	B/5	SOL.INJ.
VITAMINE C	500MG	B/100 AMP	SOL.INJ.
VITAMINE D 3 B O N	200000UI/ML	B/1 AMP DE 1 ML	SOL.BUV.
VITAMINE D 3 B O N	200000UI/ML	B/1 AMP DE 1 ML	SOL.INJ.
VITAMINE D 3 BON	200000UI	B/1 AMP DE 1ML	SOL.INJ.
VITAMINE D3 RAZES	200000UI/ML	BT/1AMP 2ML CONT 1ML	SOL.INJ.IM
VITAMINE D3 ROVAC	200000UI	BTE/01	SOL.BUV.CAP
VITAMINE E	100MG	B/24	COMP.
VITAMINE K1 ROCHE	20MG/ML	FL/10 ML	SOL.BUV.
VITASUP	250MG/250MG	B/30	DRG.
VITAZYME	250MG/250MG	BTE/20	COMP.PELLI
VITHIAMINE	250MG	B/30	COMP.
VOGALENE	0.1G/100MLG/ML	FL/150ML	SOL.BUV.
VOGALENE	10MG/ML	B/10 AMP DE 1ML	SOL.INJ.IM.
VOGALENE	15MG	B/20	GLES.
VOGALENE	5MG	B/10	SUPPO SEC.
VOGALENE LYOC	7.5MG	B/16	LYOPHILI.OR
VOGALON	5MG	BTE/10	SUPPO.
VOGALYS	7.5MG	BTE/16	COMP ORO DI
VOLAR 400	400MG	BTE/30	GLES.
VOLDAC LP	100MG	B/10	COMP.PELLI
VOLTAFENE	25MG/ML(75MG/3ML)	BTE/02 AMPOULES 3ML	SOL INJ.IM.
VOLTAGESIC 75	75MGMG/3ML	B/3 AMP DE 3 ML	SOL.INJ.
VOLTAMED	25MG	B/10	SUPPO.
VOLTAMEX	1%	TUBE/50G	GEL.DERM.
VOLTAMEX	100MG	BTE/10	SUPPO.
VOLTAMICINE	0.1G/300000U	FL/5ML	COLLY.
VOLTAREN	0.10%	FL/5 ML	COLLY.
VOLTARENE	1%	T/50 G	GEL
VOLTARENE	100MG	B/10	SUPPO.
VOLTARENE	25MG	B/10	SUPPO.ENF.
VOLTARENE	25MG	B/15	COMP.
VOLTARENE	25MG	B/30	COMP.GASTRO
VOLTARENE	50MG	B/30	COMP.
VOLTARENE	75MGMG/3ML	B/2 AMP DE 3 ML	SOL.INJ.
VOLTARENE EMULGEL	1%	T/50 G	GEL
VOLTARENE LP	100MG	B/15	COMP.ENRO.L
VOLTARENE LP	75MG	B/30	COMP.ENRO.L
VOLTARILE LP 100	100MG	B/20	COMP.ENRO.
VOLTENAC	1%	T/50 G	GEL
VOLTUM	1%	T/50 G	EMULSION GE
VOLTUM	100MG	B/10	GLES.
VOLTUM	100MG	B/10	SUPPO.
VOLTUM	25MG	B/30	COMP.ENRO.
VOLTUM	25MG	BTE/10	SUPPO.
VOLTUM	25MG	BTE/30	COMP.GASTRO
VOLTUM	50MG	B/30	COMP.ENRO.
VOLTUM	50MG	BTE/30	COMP.GASTRO
VOLTUM	75MG/3ML	B/5	SOL.INJ.
VOLTUM	75MG/3MLMG/ML	B/2 AMP DE 3 ML	SOL.INJ.
VOMICED	7.5MG	BTE/16	COMP ORO DI
VOMLESS	5MG	BTE/10	SUPPO.
VOTREX	100MG	B/10	SUPPO.
VOTREX	100MG	B/6	SUPPO.
VOTREX	12.5MG	B/10	SUPPO.
VOTREX	25MG	B/10	SUPPO.
VOTREX	25MG	B/30	COMP.
VOTREX	50MG	B/12	SUPPO.
VOTREX	50MG	B/20	COMP.
VOTREX	75MG	B/2 AMP DE 3M	SOL.INJ.
VOTREX	75MG	B/5 AMP DE 3 M	SOL.INJ.
VOTREX	75MG	BTE/20	COMP.PELL.L
VOTREX RAPID	50MG	BTE/10 SACHETS	GRANLES.SOL
VOTREX RAPID	50MG	BTE/20	COMP.ENRO.
VOTREX RETARD	100MG	B/10	COMP.LP.
VOTREX RETARD	100MG	B/10	GLES.
VOTREX TISSUGEL 1%	180MG146MG/EMPLATRE	BTE/02	EMPLATRE
WARTEC	1.5MG/G(0.15%)	TUBE/5G	CRE.
WAZTORON	20MG	BTE/60	COMP.PELLI
WELLGYNAX	35000UI/35000UI/100000UI	BTE/12	CAPS.MOLLE.
WERACAPRIL	25MG	B/30	COMP.
WERACAPRIL	25MG	B/50	COMP.
WERACAPRIL	50MG	B/30	COMP.
WERACAPRIL	50MG	B/50	COMP.
WERACORT	40MG/MLMG/ML	B/1 AMP	SUSP.INJ.
WERADOXIN 0.25	0.25MG	B/30	COMP.
WERAFENAC	100MG	B/10	SUPPO.
WERAFENAC	25MG	B/30	COMP.
WERAFENAC	50MG	B/30	COMP.
WERAFENAC	75MG	B/3 AMP DE 3	SOL.INJ.
WERAFENAC	75MG	B/5 AMP DE 3	SOL.INJ.
WERAMETHYL	0.2MG/ML	B/10	SOL.INJ.
WERAPIDOL	2MG/ML	FL/30 ML	SOL.BUV.
WERAPIDOL	5MG/ML	B/10	SOL.INJ.
WERAPRANOL	40MG	B/50	COMP.
WERATESTONE 250	250MG	B/3 AMP	SOL.INJ.
WERATOCINE	5UI	B/3	SOL.INJ.
WERAVIT B1	100MG/ML	B/5 AMP DE 1 ML	SOL.INJ.
WERAVIT B12	1000G/ML	B/5 AMP DE 1 ML	SOL.INJ.
WERAVIT B12	100G/ML	B/5 AMP DE 1 ML	SOL.INJ.
WERAVIT E 100	100MG	B/30	COMP.
WERAVIT K1	10MG/ML	B/10	SOL.INJ.
WINEX	100MG/5MLMG/ML	FL/60ML	PDRE.P/SUSP
WINEX	200MG	B/8	GLES.
WINEX	400MG	BTE/6	GLES.
WORMAZOL	100MG	B/6	COMP.
WORMAZOL	20MG	FL/30 ML	SUSP.BUV.
WORMGO	100MG	B/6	COMP.
WYSERIN	30MG	BTE/30	MICGR GAST
WYSERIN	60MG	BTE/30	MICGR GAST
XABUMOL	2MG/5ML(0.04G/100ML)	FL/125ML	SOL.BUV.
XALACOM	50G/5MG/1ML	FL/2.5ML	COLLYRE.SOL
XALAPROST	0.005%(OU50G/ML)	FL/2.5 ML	COLLY.
XALAPROST FREE	0.005%(50G/ML)	FL/2.5ML	COLLYRE.SOL
XALATAN	50G/ML	FL/2.5ML	COLLY.
XALDOL	325MG/37.5MG	BTE/10	GLES.
XALDOL	325MG/37.5MG	BTE/20	GLES.
XAMADOL	325MG/37.5MG	B/20	COMP.PELLI
XAPROST LP	10MG	BTE/30	COMP.PELL.L
XARIA	200MG	BTE/30	COMP.PELLI
XATRAL LP	10MG	BTE/30	COMP.LP.
XATRAL LP	5MG	B/56	COMP.PELLI
XAVEL	1%(10MG/ML)	BTE/01FL DE 20ML	SOL.BUV.GTT
XEFALAX	500MG	B/12	GLES.
XEFURYL	200MG	B/28	GLES.
XENETIX 300	300MG/ML(I300MG)	FL/100 ML	SOL.INJ.V.I
XENETIX 300	300MG/ML(I300MG)	FL/50 ML	SOL.INJ.V.I
XENETIX 350	350MG/ML(I350MG)	FL/100ML	SOL.INJ.V.I
XENETIX 350	350MG/ML(I350MG)	FL/50 ML	SOL.INJ.V.I
XENID	1%G	T/60 G	GEL
XENID	100MG	B/10	SUPPO.
XENID	25MG	B/10	SUPPO.
XENID	25MG	B/30	COMP.
XENID	50MG	B/30	COMP.
XENID	75MG/3ML	B/2 AMP DE 3 ML	SOL.INJ.
XERACTAN	10MG	BTE/30	CAPSULE MOL
XERACTAN	20MG	BTE/30	CAPSULE MOL
XETREME	80MG/125MG	B3(1A 125MG/2A 80MG)	GLES.
XINAC	0.1%	FL/5 ML	COLLYRE.SOL
XINAC-50	50MG	BTE/20	COMP PELL G
XINECOR	0.05MG/ML	FL/60 ML	SOL.BUV.
XINECOR	0.05MG/ML(0.005%)	FL/50 ML	SOL BUV PAD
XOLA JAM	20MG/MLOU(2%)	FL/5ML	COLLYRE.SOL
XOLAMOL	20MG/5MG/1MLMG/MG/ML	FL/5ML	COLLYRE.SOL
XONITENS	0.2MG	BTE/30	COMP.PELLI
XONITENS	0.4MG	BTE/30	COMP.PELLI
XYCAM 20	20MG	B/30	GLES.
XYCARE	5MG	BTE/14	COMP.PELLI
XYCARE	5MG	BTE/28	COMP.PELLI
XYDOL	200MG	B/20	COMP.
XYDOL 200	200MG	BTE/20	COMP.PELLI
XYDOL 400	400MG	BTE/20	COMP.PELLI
XYDOL 600	600MG	BTE/30	COMP.PELLI
XYDOL ENFANTS ET NOURRISSONS	20MG/ML	FL/200 ML	SUSP.BUV.
XYDOL GYN	100MG	BTE/20	COMP.PELLI
XYLINE	100MG	BTE/10	COMP.SEC.
XYRIZINE	5MG	BTE/14	COMP.PELLI
YRICAL	150MG	BTE/56	GLES.
YRICAL	50MG	BTE/56	GLES.
ZADITEN	1MG	B/60	GLES.
ZADITEN	1MG/5ML	FL/150 ML	SOLUTE BUV.
ZADORIN-100	100MG	B/8	GLES.
ZALAXAN LP	120MG	BTE/30	GLES MICROG
ZALAXAN LP	180MG	BTE/30	GLES MICROG
ZALAXAN LP	90MG	BTE/30	GELUL.MICRO
ZALAXAN LP 300 MG	300MG	BTE/30	MICROGRAN L
ZALERG	0.25MG/ML	FL/5 ML	COLLY SOL S
ZAMOCILLINE	500MG	B/12	GLES.
ZANIDIP	10MG	B/28	COMP.PELLI.
ZANIDIP	10MG	BTE/30	COMP.PELLI.
ZANIDIP	10MG	BTE/90	COMP.PELLI.
ZANITRA	5MG	B/60	COMP.
ZANITRA PLUS	49.297MG/0.5MG	BTE/30	GLES.
ZANTEX	50MG/2ML	BTE/05 AMPOULES 2 ML	SOL.INJ.IM.
ZANURIC 100	100MG	B/100	COMP.
ZANURIC 300	300MG	B/300	COMP.
ZAPINAD	10MG	BTE/28	COMP.PELLI
ZAPINAL	10MG	BTE/30	COMP.PELLI
ZAPRAL	10MG	BTE/30	COMP.PELL.L
ZAPRAL	5MG	BTE/56	COMP.PELL.L
ZARTENS	50MG	B/30	COMP.
ZARTENS -H	50MG/12.5MG	B/30	COMP.PELLI
ZECLAR	250MG	B/10	COMP.
ZECLAR	500MG	BT/14	COMP.
ZECLAR 25	125MG/5ML	FL/100ML	GRLES.SUSP.
ZECLAR 50	250MG/5MLMG/ML	FL/60ML	GRLES.SUSP.
ZEEFRA GE	500MG	B/12	GLES.
ZEMITRON	08MG	B/10	COMP.
ZEMITRON	4MG	B/10	COMP.
ZENUSIN-10	10MG	B/20	CAPS.
ZENUSIN-20 SR	20MG	B/30	COMP.ENRO.L
ZEPILEN	1G	B/1 AMP	SCULAIRE PDRE.SOL.IN
ZEPTOL 200	200MG	B/50	COMP.
ZEPTOL CR400	400MG	B/30	COMP.LP.
ZEPTOL CR400	400MG	B/50	COMP.LP.
ZERAN	10MG	B/10	COMP.
ZETA	2%	T/15G	CRE.
ZETA	2%	T/15G	PDE.
ZETIREC	10MG	BTE/15	COMP.PELLI.
ZETIREC	10MG/ML	FL/15ML	SOL.BUV.GTT
ZETREC	10MG/ML	FL/30 ML	SOL.BUV.GTT
ZETRON	200MG/5MLMG/ML	FL/15 ML	SUSP.ORL.
ZETRON	250MG	B/6	CAPS.
ZETRON	300MG/7.5MLMG/ML	FL/22.5 ML	SUSP.ORL.
ZETRON	500MG	BTE/03	COMP.PELLI
ZEXIL	50MG	B/30	GLES.
ZIBRAT	150MG	BTE/30	COMP.PELLI
ZIBRAT	300MG	BTE/30	COMP.PELLI
ZILDEM	60MG	B/20	COMP.
ZIMOR	20MG	B/14	GLES.MICRON
ZIMOR	20MG	B/28	GLES.MIC.GA
ZINETAL	250MG	BTE/14	COMP.PELLI
ZINETAL	500MG	BTE/14	COMP.PELLI
ZINNAT	125MG	B/14	COMP.
ZINNAT	125MG/5ML	FL/70 ML	SUSP.BUV.
ZINNAT	250MG	B/14	COMP.
ZINOXIMOR	250MG	B/14	COMP.PELLI
ZINOXIMOR 500	500MG	BTE/14	COMP.PELLI
ZIREMILON	50M/1ML	B/1 AMP	INJ.HUIL.
ZITAZONIUM	10MG	B/30	COMP.
ZITHROMAX	200MG/5ML	B/1 FL POUR 15ML	PDRE.P/SUSP
ZITHROMAX	250MG	B/6	GLES.
ZITHROMAX	500MG	B/3	COMP.PELLI.
ZITHROMYCINE BGL	500MG	BTE/3	COMP.PELLI.
ZITRAL	10MG/ML	FL/15 ML	SOL.BUV.GTT
ZITRINE	10MG/ML	FL/15 ML	SOL.BUV.GTT
ZITROMICINE	250MG	BTE/06	COMP.PELLI
ZITROMICINE	500MG	BTE/03	COMP.PELLI.
ZOBONE	4MG/5ML	FL/5ML	LYOPH.SOL.I
ZOCOR	20MG	B/28	COMP.
ZOCOR	40MG	B/28	COMP.PELLI
ZOCORINE	20MG	B/10	COMP.PELLI
ZOCORINE	20MG	B/30	COMP.PELLI
ZODID	50MG	BTE/30	GLES.
ZODURA	1MG	BTE/20	COMP.
ZODURA	2MG	BTE/20	COMP.
ZODURA	4MG	BTE/20	COMP.
ZOG	20MG	B/28	COMP.PELLI
ZOLADEX	3.6MG	B/1 IMPLANT	SOL.INJ.
ZOLADEX 10.8	10.8MG	B/1	IMPLANT S/C
ZOLAMIDE	2%(20MG/ML)	FL/5ML	COLLYRE.SOL
ZOLAMIDE FREE	2%(20MG/ML)	FL/5ML	COLLYRE.SOL
ZOLAMIDE+	2%/0.5%(20MG/5MG/ML)	FL/5ML	COLLY.
ZOLAMPINE	10MG	B/30	COMP.
ZOLAMPINE	10MG	BTE/30	COMP ORO DI
ZOLAMPINE	5MG	B/30	COMP.
ZOLDRIA	4MG/FLACONDEPOUDRE	FL PDR+1AMP SOLV 5ML	FUSION IVPDR/LYO/SOL
ZOLENAT	4MG	FL/5ML	SOL CONCT P
ZOLIDRATE	10MG	BTE/20	COMP.PELLI.
ZOLIDRO	0.8MG/ML(4MG/5ML)	BTE/01 FL DE 5 ML	SOL.DILUER.
ZOLIFY	10MG	BTE/30	COMP.
ZOLIFY	15MG	BTE/30	COMP.
ZOLIFY	1MG/ML	FL/150ML	SOL.BUV.
ZOLIFY	20MG	BTE/30	COMP.
ZOLIX	5MG	BTE/14	COMP.PELLI
ZOLIX	5MG	BTE/28	COMP.PELLI
ZOLOFT	50MG	B/14	GLES.
ZOLOFT	50MG	B/28	GLES.
ZOLOVER	20MG/ML	FL/30 ML	SUSP.BUV.
ZOMAX	200MG/5MLMG/ML	FL/15ML	PDRE.P/SUSP
ZOMAX	250MG	B/6	GLES.
ZOMAX	300MG/7.5MLMG/ML	FL/22.5 ML	PDRE.P/SUSP
ZOMAX	40MG/ML	FL/15 ML	PDRE.P/SUSP
ZOMAX	40MG/ML	FL/22.5 ML	PDRE.P/SUSP
ZOMAX	40MG/ML	FL/30 ML	PDRE.P/SUSP
ZOMAX	40MG/ML	FL/37.5 ML	PDRE.P/SUSP
ZOMAX	500MG	B/3	COMP.
ZOMAX	500MG	BTE/02	COMP.
ZOMETA	0.8MG/1ML(4MG/5ML)MG/ML	FL/5ML	SOL.DILUER.
ZOMIPTAN	2.5MG	BTE/06	COMP ORO DI
ZOPHREN	4MG	B/4	COMP.
ZOPHREN	8MG	B/10	COMP.
ZOPRA	30MG	BTE/15	GLE.MICRO.G
ZOPRA	30MG	BTE/30	GLE.MICRO.G
ZOSTINE	20MG	B/28	COMP.
ZOSTINE	20MG	BTE/30	COMP.PELLI
ZOSTINE	40MG	B/28	COMP.ENRO.
ZOSTINE	40MG	BTE/30	COMP.PELLI
ZOTHERA	4MG/5ML(0.8MG/ML)	BTE DE 01 FL/5 ML	SOL.DILUER.
ZOTRIX	250MG	BTE/06	COMP.PELLI
ZOTRIX	40MG/ML	FL/30ML	PDRE.P/SUSP
ZOTRIX	40MG/ML	FL/37.5 ML	PDRE.P/SUSP
ZOTRIX	40MG/ML(200MG/5ML)	FL/15ML	PDRE.P/SUSP
ZOTRIX	500MG	BTE/03	COMP.PELLI.
ZOTROP	50MG	BTE/30	GLES.
ZOVIRAX	200MG	B/25	COMP.
ZOVIRAX	3%	T/4.5 G	PDE.OPHT.
ZOVIRAX	5%	T/10 G	CRE.
ZOXAN LP	4MG	BTE/28	COMP.LP.
ZYDEX	1%	TUBE/5 G	GEL OPHTALM
ZYFLUC	150MG	B/1	GLES.
ZYFLUC	50MG	BTE/3	GLES.
ZYLORIC	100MG	B/28	COMP.
ZYLORIC	100MG	BTE/50	COMP.
ZYLORIC	300MG	B/28	COMP.
ZYNAX	125MG/5ML	FL/200ML CT 70ML SOL	GRAN.P/SUSP
ZYNAX	250MG	BTE/08	COMP.PELLI
ZYNAX	250MG	BTE/14	COMP.PELLI
ZYNAX	500MG	BTE/08	COMP.PELLI
ZYNAX	500MG	BTE/14	COMP.PELLI
ZYPREXA	10MG	B/28	COMP.
ZYPREXA	10MG	B/7	COMP.
ZYPREXA	5MG	B/28	COMP.
ZYPREXA VELOTAB	10MG	B/28	COMP ORO DI
ZYPREXA VELOTAB	5MG	BTE/28	COMP ORO DI
ZYRAL	5MG	BTE/14	COMP.PELLI
ZYRTEC	10MG	B/10	COMP.PELLI
ZYRTEC	10MG/ML	F/15ML	SOL.BUV.
ZYRTIRIZINE	10MG	BTE/10	COMP.PELLI.
ZYTREX	10MG	BTE/10	COMP.SEC.
